audit_id,file_path,audit_name,category,category_number,subcategory,tier,status,automatable,severity,estimated_duration,requires_runtime,requires_physical_access,requires_human_evaluation,requires_interviews,discovery,prd,task_decomposition,specification,implementation,testing,integration,deployment,post_production
security-trust.application-security.clickjacking-protection,01-security-trust/application-security/clickjacking-protection.yaml,Clickjacking Protection Audit,security-trust,01,application-security,expert,active,yes,medium,1 hour,true,false,false,false,No,No,No,Yes,Yes,Yes,Yes,Yes,Yes
security-trust.application-security.content-security-policy,01-security-trust/application-security/content-security-policy.yaml,Content Security Policy Audit,security-trust,01,application-security,phd,active,partial,high,2 hours,true,false,false,false,No,No,No,Yes,Yes,Yes,Yes,Yes,Yes
security-trust.application-security.cors-policy,01-security-trust/application-security/cors-policy.yaml,CORS Policy Audit,security-trust,01,application-security,phd,active,partial,high,2 hours,true,false,false,false,No,No,No,Yes,Yes,Yes,Yes,Yes,Yes
security-trust.application-security.csrf-protection,01-security-trust/application-security/csrf-protection.yaml,CSRF Protection Audit,security-trust,01,application-security,phd,active,partial,high,2 hours,true,false,false,false,No,No,No,Yes,Yes,Yes,Yes,Yes,Yes
security-trust.application-security.file-upload-security,01-security-trust/application-security/file-upload-security.yaml,File Upload Security Audit,security-trust,01,application-security,phd,active,partial,critical,2.5 hours,true,false,false,false,No,No,No,Yes,Yes,Yes,Yes,Yes,Yes
security-trust.application-security.open-redirect,01-security-trust/application-security/open-redirect.yaml,Open Redirect Audit,security-trust,01,application-security,expert,active,partial,medium,1.5 hours,true,false,false,false,No,No,No,Yes,Yes,Yes,Yes,Yes,Yes
security-trust.application-security.security-headers,01-security-trust/application-security/security-headers.yaml,Security Headers Audit,security-trust,01,application-security,expert,active,yes,high,1 hour,true,false,false,false,No,No,No,Yes,Yes,Yes,Yes,Yes,Yes
security-trust.application-security.ssrf-prevention,01-security-trust/application-security/ssrf-prevention.yaml,Server-Side Request Forgery (SSRF) Audit,security-trust,01,application-security,phd,active,partial,critical,2.5 hours,true,false,false,false,No,No,No,Yes,Yes,Yes,Yes,Yes,Yes
security-trust.application-security.subresource-integrity,01-security-trust/application-security/subresource-integrity.yaml,Subresource Integrity Audit,security-trust,01,application-security,expert,active,yes,medium,1.5 hours,true,false,false,false,No,No,No,Yes,Yes,Yes,Yes,Yes,Yes
security-trust.application-security.websocket-security,01-security-trust/application-security/websocket-security.yaml,WebSocket Security Audit,security-trust,01,application-security,phd,active,partial,high,2 hours,true,false,false,false,No,No,No,Yes,Yes,Yes,Yes,Yes,Yes
security-trust.authentication.api-key-management,01-security-trust/authentication/api-key-management.yaml,API Key Management Audit,security-trust,01,authentication,phd,active,partial,critical,3 hours,false,false,false,false,No,No,No,Yes,Yes,Yes,Yes,Yes,Yes
security-trust.authentication.authentication-bypass,01-security-trust/authentication/authentication-bypass.yaml,Authentication Bypass Audit,security-trust,01,authentication,phd,active,partial,critical,4 hours,false,false,false,false,No,No,No,Yes,Yes,Yes,Yes,Yes,Yes
security-trust.authentication.brute-force-protection,01-security-trust/authentication/brute-force-protection.yaml,Brute Force Protection Audit,security-trust,01,authentication,phd,active,partial,high,2 hours,false,false,false,false,No,No,No,Yes,Yes,Yes,Yes,Yes,Yes
security-trust.authentication.certificate-authentication,01-security-trust/authentication/certificate-authentication.yaml,Certificate-Based Authentication Audit,security-trust,01,authentication,phd,active,partial,high,3 hours,false,false,false,false,No,No,No,Yes,Yes,Yes,Yes,Yes,Yes
security-trust.authentication.credential-stuffing-resistance,01-security-trust/authentication/credential-stuffing-resistance.yaml,Credential Stuffing Resistance Audit,security-trust,01,authentication,phd,active,partial,high,3 hours,false,false,false,false,No,No,No,Yes,Yes,Yes,Yes,Yes,Yes
security-trust.authentication.mfa-implementation,01-security-trust/authentication/mfa-implementation.yaml,Multi-Factor Authentication Audit,security-trust,01,authentication,phd,active,partial,critical,3 hours,false,false,false,false,No,No,No,Yes,Yes,Yes,Yes,Yes,Yes
security-trust.authentication.oauth2-implementation,01-security-trust/authentication/oauth2-implementation.yaml,OAuth2/OIDC Implementation Audit,security-trust,01,authentication,phd,active,partial,critical,4 hours,false,false,false,false,No,No,No,Yes,Yes,Yes,Yes,Yes,Yes
security-trust.authentication.password-policy,01-security-trust/authentication/password-policy.yaml,Password Policy & Storage Audit,security-trust,01,authentication,phd,active,partial,critical,3 hours,false,false,false,false,No,No,No,Yes,Yes,Yes,Yes,Yes,Yes
security-trust.authentication.service-account-security,01-security-trust/authentication/service-account-security.yaml,Service Account Security Audit,security-trust,01,authentication,phd,active,partial,critical,3 hours,false,false,false,false,No,No,No,Yes,Yes,Yes,Yes,Yes,Yes
security-trust.authentication.session-management,01-security-trust/authentication/session-management.yaml,Session Management Security Audit,security-trust,01,authentication,phd,active,partial,critical,2-4 hours,false,false,false,false,No,No,No,Yes,Yes,Yes,Yes,Yes,Yes
security-trust.authentication.sso-federated-identity,01-security-trust/authentication/sso-federated-identity.yaml,SSO/Federated Identity Audit,security-trust,01,authentication,phd,active,partial,critical,4 hours,false,false,false,false,No,No,No,Yes,Yes,Yes,Yes,Yes,Yes
security-trust.authentication.token-lifecycle,01-security-trust/authentication/token-lifecycle.yaml,Token Lifecycle Audit,security-trust,01,authentication,phd,active,partial,high,3 hours,false,false,false,false,No,No,No,Yes,Yes,Yes,Yes,Yes,Yes
security-trust.authorization.abac-implementation,01-security-trust/authorization/abac-implementation.yaml,Attribute-Based Access Control (ABAC) Implementation Audit,security-trust,01,authorization,phd,active,partial,critical,2.5 hours,false,false,false,false,No,No,No,Yes,Yes,Yes,Yes,Yes,Yes
security-trust.authorization.admin-access,01-security-trust/authorization/admin-access.yaml,Admin Access Audit,security-trust,01,authorization,phd,active,partial,critical,2 hours,false,false,false,false,No,No,No,Yes,Yes,Yes,Yes,Yes,Yes
security-trust.authorization.authorization-cache,01-security-trust/authorization/authorization-cache.yaml,Authorization Cache Consistency Audit,security-trust,01,authorization,phd,active,partial,high,1.5 hours,false,false,false,false,No,No,No,Yes,Yes,Yes,Yes,Yes,Yes
security-trust.authorization.bola-prevention,01-security-trust/authorization/bola-prevention.yaml,Broken Object Level Authorization (BOLA) Prevention Audit,security-trust,01,authorization,phd,active,partial,critical,2 hours,false,false,false,false,No,No,No,Yes,Yes,Yes,Yes,Yes,Yes
security-trust.authorization.cross-tenant-isolation,01-security-trust/authorization/cross-tenant-isolation.yaml,Cross-Tenant Isolation Audit,security-trust,01,authorization,expert,active,partial,critical,3 hours,false,false,false,false,No,No,No,Yes,Yes,Yes,Yes,Yes,Yes
security-trust.authorization.default-deny,01-security-trust/authorization/default-deny.yaml,Default Deny Verification Audit,security-trust,01,authorization,phd,active,partial,critical,1.5 hours,false,false,false,false,No,No,No,Yes,Yes,Yes,Yes,Yes,Yes
security-trust.authorization.permission-boundary,01-security-trust/authorization/permission-boundary.yaml,Permission Boundary Audit,security-trust,01,authorization,phd,active,partial,high,1.5 hours,false,false,false,false,No,No,No,Yes,Yes,Yes,Yes,Yes,Yes
security-trust.authorization.privilege-escalation,01-security-trust/authorization/privilege-escalation.yaml,Privilege Escalation Path Audit,security-trust,01,authorization,phd,active,partial,critical,2.5 hours,false,false,false,false,No,No,No,Yes,Yes,Yes,Yes,Yes,Yes
security-trust.authorization.rbac-implementation,01-security-trust/authorization/rbac-implementation.yaml,Role-Based Access Control (RBAC) Implementation Audit,security-trust,01,authorization,phd,active,partial,critical,2 hours,false,false,false,false,No,No,No,Yes,Yes,Yes,Yes,Yes,Yes
security-trust.authorization.resource-permission,01-security-trust/authorization/resource-permission.yaml,Resource-Level Permission Audit,security-trust,01,authorization,phd,active,partial,high,2 hours,false,false,false,false,No,No,No,Yes,Yes,Yes,Yes,Yes,Yes
security-trust.cryptography.certificate-management,01-security-trust/cryptography/certificate-management.yaml,Certificate Management Audit,security-trust,01,cryptography,phd,active,partial,high,1.5 hours,false,false,false,false,No,No,No,Yes,Yes,Yes,Yes,Yes,Yes
security-trust.cryptography.crypto-library-vs-custom,01-security-trust/cryptography/crypto-library-vs-custom.yaml,Crypto Library vs Custom Implementation Audit,security-trust,01,cryptography,phd,active,partial,critical,3 hours,false,false,false,false,No,No,No,Yes,Yes,Yes,Yes,Yes,Yes
security-trust.cryptography.cryptographic-agility,01-security-trust/cryptography/cryptographic-agility.yaml,Cryptographic Agility Audit,security-trust,01,cryptography,phd,active,partial,high,4 hours,false,false,false,false,No,No,No,Yes,Yes,Yes,Yes,Yes,Yes
security-trust.cryptography.encryption-at-rest,01-security-trust/cryptography/encryption-at-rest.yaml,Encryption at Rest Audit,security-trust,01,cryptography,phd,active,partial,critical,2 hours,false,false,false,false,No,No,No,Yes,Yes,Yes,Yes,Yes,Yes
security-trust.cryptography.encryption-in-transit,01-security-trust/cryptography/encryption-in-transit.yaml,Encryption in Transit Audit,security-trust,01,cryptography,phd,active,partial,critical,2 hours,false,false,false,false,No,No,No,Yes,Yes,Yes,Yes,Yes,Yes
security-trust.cryptography.hashing-algorithms,01-security-trust/cryptography/hashing-algorithms.yaml,Hashing Algorithm Audit,security-trust,01,cryptography,phd,active,partial,critical,1.5 hours,false,false,false,false,No,No,No,Yes,Yes,Yes,Yes,Yes,Yes
security-trust.cryptography.hsm-kms-usage,01-security-trust/cryptography/hsm-kms-usage.yaml,HSM/KMS Usage Audit,security-trust,01,cryptography,phd,active,partial,high,4 hours,true,false,false,false,No,No,No,Yes,Yes,Yes,Yes,Yes,Yes
security-trust.cryptography.key-management,01-security-trust/cryptography/key-management.yaml,Key Management Audit,security-trust,01,cryptography,phd,active,partial,critical,2.5 hours,false,false,false,false,No,No,No,Yes,Yes,Yes,Yes,Yes,Yes
security-trust.cryptography.key-rotation,01-security-trust/cryptography/key-rotation.yaml,Key Rotation Audit,security-trust,01,cryptography,phd,active,partial,high,3 hours,true,false,false,false,No,No,No,Yes,Yes,Yes,Yes,Yes,Yes
security-trust.cryptography.random-number-generation,01-security-trust/cryptography/random-number-generation.yaml,Random Number Generation Audit,security-trust,01,cryptography,phd,active,partial,critical,2 hours,false,false,false,false,No,No,No,Yes,Yes,Yes,Yes,Yes,Yes
security-trust.data-protection.backup-security,01-security-trust/data-protection/backup-security.yaml,Backup Security Audit,security-trust,01,data-protection,phd,active,partial,critical,3-4 hours,false,false,false,false,No,No,No,Yes,Yes,Yes,Yes,Yes,Yes
security-trust.data-protection.cross-border-data-transfer,01-security-trust/data-protection/cross-border-data-transfer.yaml,Cross-Border Data Transfer Audit,security-trust,01,data-protection,phd,active,partial,critical,4-6 hours,false,false,false,false,No,No,No,Yes,Yes,Yes,Yes,Yes,Yes
security-trust.data-protection.data-access-logging,01-security-trust/data-protection/data-access-logging.yaml,Data Access Logging Audit,security-trust,01,data-protection,phd,active,partial,high,3-4 hours,false,false,false,false,No,No,No,Yes,Yes,Yes,Yes,Yes,Yes
security-trust.data-protection.data-classification,01-security-trust/data-protection/data-classification.yaml,Data Classification Audit,security-trust,01,data-protection,phd,active,partial,high,2-3 hours,false,false,false,false,No,No,No,Yes,Yes,Yes,Yes,Yes,Yes
security-trust.data-protection.data-deletion,01-security-trust/data-protection/data-deletion.yaml,Data Deletion / Right to Erasure Audit,security-trust,01,data-protection,phd,active,partial,critical,3-4 hours,false,false,false,false,No,No,No,Yes,Yes,Yes,Yes,Yes,Yes
security-trust.data-protection.data-export-security,01-security-trust/data-protection/data-export-security.yaml,Data Export Security Audit,security-trust,01,data-protection,phd,active,partial,high,3-4 hours,false,false,false,false,No,No,No,Yes,Yes,Yes,Yes,Yes,Yes
security-trust.data-protection.data-masking,01-security-trust/data-protection/data-masking.yaml,Data Masking Audit,security-trust,01,data-protection,phd,active,partial,high,2-3 hours,false,false,false,false,No,No,No,Yes,Yes,Yes,Yes,Yes,Yes
security-trust.data-protection.data-retention,01-security-trust/data-protection/data-retention.yaml,Data Retention Audit,security-trust,01,data-protection,phd,active,partial,high,2-4 hours,false,false,false,false,No,No,No,Yes,Yes,Yes,Yes,Yes,Yes
security-trust.data-protection.pii-handling,01-security-trust/data-protection/pii-handling.yaml,PII Handling Audit,security-trust,01,data-protection,phd,active,partial,critical,2-4 hours,false,false,false,false,No,No,No,Yes,Yes,Yes,Yes,Yes,Yes
security-trust.input-validation.command-injection,01-security-trust/input-validation/command-injection.yaml,Command Injection Audit,security-trust,01,input-validation,phd,active,partial,critical,3 hours,false,false,false,false,No,No,No,Yes,Yes,Yes,Yes,Yes,Yes
security-trust.input-validation.deserialization-attack,01-security-trust/input-validation/deserialization-attack.yaml,Deserialization Attack Audit,security-trust,01,input-validation,phd,active,partial,critical,2.5 hours,false,false,false,false,No,No,No,Yes,Yes,Yes,Yes,Yes,Yes
security-trust.input-validation.graphql-injection,01-security-trust/input-validation/graphql-injection.yaml,GraphQL Injection Audit,security-trust,01,input-validation,phd,active,partial,critical,2.5 hours,false,false,false,false,No,No,No,Yes,Yes,Yes,Yes,Yes,Yes
security-trust.input-validation.header-injection,01-security-trust/input-validation/header-injection.yaml,Header Injection Audit,security-trust,01,input-validation,phd,active,partial,high,2 hours,false,false,false,false,No,No,No,Yes,Yes,Yes,Yes,Yes,Yes
security-trust.input-validation.ldap-injection,01-security-trust/input-validation/ldap-injection.yaml,LDAP Injection Audit,security-trust,01,input-validation,phd,active,partial,high,2 hours,false,false,false,false,No,No,No,Yes,Yes,Yes,Yes,Yes,Yes
security-trust.input-validation.mass-assignment,01-security-trust/input-validation/mass-assignment.yaml,Mass Assignment Audit,security-trust,01,input-validation,phd,active,partial,high,2 hours,false,false,false,false,No,No,No,Yes,Yes,Yes,Yes,Yes,Yes
security-trust.input-validation.nosql-injection,01-security-trust/input-validation/nosql-injection.yaml,NoSQL Injection Audit,security-trust,01,input-validation,phd,active,partial,critical,2 hours,false,false,false,false,No,No,No,Yes,Yes,Yes,Yes,Yes,Yes
security-trust.input-validation.path-traversal,01-security-trust/input-validation/path-traversal.yaml,Path Traversal Audit,security-trust,01,input-validation,phd,active,partial,critical,2 hours,false,false,false,false,No,No,No,Yes,Yes,Yes,Yes,Yes,Yes
security-trust.input-validation.prototype-pollution,01-security-trust/input-validation/prototype-pollution.yaml,Prototype Pollution Audit,security-trust,01,input-validation,phd,active,partial,critical,2 hours,false,false,false,false,No,No,No,Yes,Yes,Yes,Yes,Yes,Yes
security-trust.input-validation.sql-injection,01-security-trust/input-validation/sql-injection.yaml,SQL Injection Audit,security-trust,01,input-validation,phd,active,partial,critical,3 hours,false,false,false,false,No,No,No,Yes,Yes,Yes,Yes,Yes,Yes
security-trust.input-validation.template-injection,01-security-trust/input-validation/template-injection.yaml,Template Injection Audit,security-trust,01,input-validation,phd,active,partial,critical,2 hours,false,false,false,false,No,No,No,Yes,Yes,Yes,Yes,Yes,Yes
security-trust.input-validation.xml-xxe-injection,01-security-trust/input-validation/xml-xxe-injection.yaml,XML/XXE Injection Audit,security-trust,01,input-validation,phd,active,partial,critical,2 hours,false,false,false,false,No,No,No,Yes,Yes,Yes,Yes,Yes,Yes
security-trust.input-validation.xss-prevention,01-security-trust/input-validation/xss-prevention.yaml,XSS (Cross-Site Scripting) Audit,security-trust,01,input-validation,phd,active,partial,critical,3 hours,false,false,false,false,No,No,No,Yes,Yes,Yes,Yes,Yes,Yes
security-trust.network-security.ddos-protection,01-security-trust/network-security/ddos-protection.yaml,DDoS Protection Audit,security-trust,01,network-security,phd,active,partial,high,3 hours,true,false,false,false,No,No,No,Yes,Yes,Yes,Yes,Yes,Yes
security-trust.network-security.dns-security,01-security-trust/network-security/dns-security.yaml,DNS Security Audit,security-trust,01,network-security,phd,active,partial,high,2 hours,true,false,false,false,No,No,No,Yes,Yes,Yes,Yes,Yes,Yes
security-trust.network-security.egress-control,01-security-trust/network-security/egress-control.yaml,Egress Control Audit,security-trust,01,network-security,phd,active,partial,high,3 hours,true,false,false,false,No,No,No,Yes,Yes,Yes,Yes,Yes,Yes
security-trust.network-security.firewall-rules,01-security-trust/network-security/firewall-rules.yaml,Firewall Rule Audit,security-trust,01,network-security,phd,active,partial,critical,3 hours,true,false,false,false,No,No,No,Yes,Yes,Yes,Yes,Yes,Yes
security-trust.network-security.internal-network-exposure,01-security-trust/network-security/internal-network-exposure.yaml,Internal Network Exposure Audit,security-trust,01,network-security,phd,active,partial,high,3 hours,true,false,false,false,No,No,No,Yes,Yes,Yes,Yes,Yes,Yes
security-trust.network-security.mtls-implementation,01-security-trust/network-security/mtls-implementation.yaml,mTLS Implementation Audit,security-trust,01,network-security,phd,active,partial,high,3 hours,true,false,false,false,No,No,No,Yes,Yes,Yes,Yes,Yes,Yes
security-trust.network-security.network-segmentation,01-security-trust/network-security/network-segmentation.yaml,Network Segmentation Audit,security-trust,01,network-security,phd,active,partial,critical,4 hours,true,false,false,false,No,No,No,Yes,Yes,Yes,Yes,Yes,Yes
security-trust.network-security.service-mesh-security,01-security-trust/network-security/service-mesh-security.yaml,Service Mesh Security Audit,security-trust,01,network-security,phd,active,partial,high,4 hours,true,false,false,false,No,No,No,Yes,Yes,Yes,Yes,Yes,Yes
security-trust.network-security.tls-configuration,01-security-trust/network-security/tls-configuration.yaml,TLS Configuration Audit,security-trust,01,network-security,phd,active,partial,critical,2 hours,true,false,false,false,No,No,No,Yes,Yes,Yes,Yes,Yes,Yes
security-trust.secrets-management.config-file-security,01-security-trust/secrets-management/config-file-security.yaml,Configuration File Security Audit,security-trust,01,secrets-management,phd,active,partial,high,1.5 hours,false,false,false,false,No,No,No,Yes,Yes,Yes,Yes,Yes,Yes
security-trust.secrets-management.environment-variable-security,01-security-trust/secrets-management/environment-variable-security.yaml,Environment Variable Security Audit,security-trust,01,secrets-management,phd,active,partial,high,1.5 hours,true,false,false,false,No,No,No,Yes,Yes,Yes,Yes,Yes,Yes
security-trust.secrets-management.hardcoded-secrets,01-security-trust/secrets-management/hardcoded-secrets.yaml,Hardcoded Secrets Audit,security-trust,01,secrets-management,phd,active,yes,critical,1.5 hours,false,false,false,false,No,No,No,Yes,Yes,Yes,Yes,Yes,Yes
security-trust.secrets-management.log-sanitization,01-security-trust/secrets-management/log-sanitization.yaml,Log Sanitization Audit,security-trust,01,secrets-management,phd,active,partial,high,1.5 hours,false,false,false,false,No,No,No,Yes,Yes,Yes,Yes,Yes,Yes
security-trust.secrets-management.memory-secret-handling,01-security-trust/secrets-management/memory-secret-handling.yaml,Memory Secret Handling Audit,security-trust,01,secrets-management,phd,active,partial,high,2 hours,false,false,false,false,No,No,No,Yes,Yes,Yes,Yes,Yes,Yes
security-trust.secrets-management.pipeline-secrets,01-security-trust/secrets-management/pipeline-secrets.yaml,Build Pipeline Secret Audit,security-trust,01,secrets-management,expert,active,partial,critical,2 hours,false,false,false,false,No,No,No,Yes,Yes,Yes,Yes,Yes,Yes
security-trust.secrets-management.secret-access-logging,01-security-trust/secrets-management/secret-access-logging.yaml,Secret Access Logging Audit,security-trust,01,secrets-management,phd,active,partial,high,1.5 hours,true,false,false,false,No,No,No,Yes,Yes,Yes,Yes,Yes,Yes
security-trust.secrets-management.secret-rotation,01-security-trust/secrets-management/secret-rotation.yaml,Secret Rotation Audit,security-trust,01,secrets-management,phd,active,partial,high,1.5 hours,true,false,false,false,No,No,No,Yes,Yes,Yes,Yes,Yes,Yes
security-trust.secrets-management.secret-storage,01-security-trust/secrets-management/secret-storage.yaml,Secret Storage Audit,security-trust,01,secrets-management,phd,active,partial,critical,2 hours,true,false,false,false,No,No,No,Yes,Yes,Yes,Yes,Yes,Yes
performance-efficiency.algorithmic-efficiency.batch-vs-stream-processing,02-performance-efficiency/algorithmic-efficiency/batch-vs-stream-processing.yaml,Batch vs Stream Processing Audit,performance-efficiency,02,algorithmic-efficiency,expert,active,partial,high,2 hours,false,false,false,false,No,No,No,Yes,Yes,Yes,Yes,Yes,Yes
performance-efficiency.algorithmic-efficiency.compression-efficiency,02-performance-efficiency/algorithmic-efficiency/compression-efficiency.yaml,Compression Efficiency Audit,performance-efficiency,02,algorithmic-efficiency,expert,active,partial,medium,2 hours,true,false,false,false,No,No,No,Yes,Yes,Yes,Yes,Yes,Yes
performance-efficiency.algorithmic-efficiency.data-structure-choice,02-performance-efficiency/algorithmic-efficiency/data-structure-choice.yaml,Data Structure Choice Audit,performance-efficiency,02,algorithmic-efficiency,expert,active,partial,high,2 hours,false,false,false,false,No,No,No,Yes,Yes,Yes,Yes,Yes,Yes
performance-efficiency.algorithmic-efficiency.hot-path-optimization,02-performance-efficiency/algorithmic-efficiency/hot-path-optimization.yaml,Hot Path Optimization Audit,performance-efficiency,02,algorithmic-efficiency,expert,active,partial,high,3 hours,true,false,false,false,No,No,No,Yes,Yes,Yes,Yes,Yes,Yes
performance-efficiency.algorithmic-efficiency.lazy-loading,02-performance-efficiency/algorithmic-efficiency/lazy-loading.yaml,Lazy Loading Audit,performance-efficiency,02,algorithmic-efficiency,expert,active,partial,medium,2 hours,false,false,false,false,No,No,No,Yes,Yes,Yes,Yes,Yes,Yes
performance-efficiency.algorithmic-efficiency.pagination-strategy,02-performance-efficiency/algorithmic-efficiency/pagination-strategy.yaml,Pagination Strategy Audit,performance-efficiency,02,algorithmic-efficiency,expert,active,partial,high,2 hours,false,false,false,false,No,No,No,Yes,Yes,Yes,Yes,Yes,Yes
performance-efficiency.algorithmic-efficiency.serialization-efficiency,02-performance-efficiency/algorithmic-efficiency/serialization-efficiency.yaml,Serialization Efficiency Audit,performance-efficiency,02,algorithmic-efficiency,expert,active,partial,high,2 hours,false,false,false,false,No,No,No,Yes,Yes,Yes,Yes,Yes,Yes
performance-efficiency.algorithmic-efficiency.space-complexity,02-performance-efficiency/algorithmic-efficiency/space-complexity.yaml,Space Complexity Audit,performance-efficiency,02,algorithmic-efficiency,expert,active,partial,high,2 hours,false,false,false,false,No,No,No,Yes,Yes,Yes,Yes,Yes,Yes
performance-efficiency.algorithmic-efficiency.time-complexity,02-performance-efficiency/algorithmic-efficiency/time-complexity.yaml,Time Complexity Audit,performance-efficiency,02,algorithmic-efficiency,expert,active,partial,high,3 hours,false,false,false,false,No,No,No,Yes,Yes,Yes,Yes,Yes,Yes
performance-efficiency.caching.browser-cache,02-performance-efficiency/caching/browser-cache.yaml,Browser Cache Audit,performance-efficiency,02,caching,expert,active,partial,high,2 hours,true,false,false,false,No,No,No,Yes,Yes,Yes,Yes,Yes,Yes
performance-efficiency.caching.cache-hit-rate,02-performance-efficiency/caching/cache-hit-rate.yaml,Cache Hit Rate Audit,performance-efficiency,02,caching,expert,active,partial,high,2 hours,true,false,false,false,No,No,No,Yes,Yes,Yes,Yes,Yes,Yes
performance-efficiency.caching.cache-invalidation,02-performance-efficiency/caching/cache-invalidation.yaml,Cache Invalidation Audit,performance-efficiency,02,caching,expert,active,partial,critical,3 hours,true,false,false,false,No,No,No,Yes,Yes,Yes,Yes,Yes,Yes
performance-efficiency.caching.cache-key-design,02-performance-efficiency/caching/cache-key-design.yaml,Cache Key Design Audit,performance-efficiency,02,caching,expert,active,partial,high,2 hours,false,false,false,false,No,No,No,Yes,Yes,Yes,Yes,Yes,Yes
performance-efficiency.caching.cache-size,02-performance-efficiency/caching/cache-size.yaml,Cache Size Audit,performance-efficiency,02,caching,expert,active,partial,high,2 hours,true,false,false,false,No,No,No,Yes,Yes,Yes,Yes,Yes,Yes
performance-efficiency.caching.cache-stampede-risk,02-performance-efficiency/caching/cache-stampede-risk.yaml,Cache Stampede Risk Audit,performance-efficiency,02,caching,expert,active,partial,critical,2 hours,false,false,false,false,No,No,No,Yes,Yes,Yes,Yes,Yes,Yes
performance-efficiency.caching.cdn-cache,02-performance-efficiency/caching/cdn-cache.yaml,CDN Cache Audit,performance-efficiency,02,caching,expert,active,partial,high,2 hours,true,false,false,false,No,No,No,Yes,Yes,Yes,Yes,Yes,Yes
performance-efficiency.caching.distributed-cache-consistency,02-performance-efficiency/caching/distributed-cache-consistency.yaml,Distributed Cache Consistency Audit,performance-efficiency,02,caching,expert,active,partial,critical,3 hours,true,false,false,false,No,No,No,Yes,Yes,Yes,Yes,Yes,Yes
performance-efficiency.caching.multi-layer-cache,02-performance-efficiency/caching/multi-layer-cache.yaml,Multi-Layer Cache Audit,performance-efficiency,02,caching,expert,active,partial,high,3 hours,true,false,false,false,No,No,No,Yes,Yes,Yes,Yes,Yes,Yes
performance-efficiency.caching.ttl-configuration,02-performance-efficiency/caching/ttl-configuration.yaml,TTL Configuration Audit,performance-efficiency,02,caching,expert,active,partial,high,2 hours,false,false,false,false,No,No,No,Yes,Yes,Yes,Yes,Yes,Yes
performance-efficiency.concurrency-parallelism.async-await-efficiency,02-performance-efficiency/concurrency-parallelism/async-await-efficiency.yaml,Async/Await Efficiency Audit,performance-efficiency,02,concurrency-parallelism,expert,active,partial,high,2 hours,false,false,false,false,No,No,No,Yes,Yes,Yes,Yes,Yes,Yes
performance-efficiency.concurrency-parallelism.backpressure-handling,02-performance-efficiency/concurrency-parallelism/backpressure-handling.yaml,Backpressure Handling Audit,performance-efficiency,02,concurrency-parallelism,expert,active,partial,high,2 hours,false,false,false,false,No,No,No,Yes,Yes,Yes,Yes,Yes,Yes
performance-efficiency.concurrency-parallelism.context-switching-overhead,02-performance-efficiency/concurrency-parallelism/context-switching-overhead.yaml,Context Switching Overhead Audit,performance-efficiency,02,concurrency-parallelism,expert,active,partial,medium,2 hours,true,false,false,false,No,No,No,Yes,Yes,Yes,Yes,Yes,Yes
performance-efficiency.concurrency-parallelism.deadlock-risk,02-performance-efficiency/concurrency-parallelism/deadlock-risk.yaml,Deadlock Risk Audit,performance-efficiency,02,concurrency-parallelism,expert,active,partial,critical,3 hours,false,false,false,false,No,No,No,Yes,Yes,Yes,Yes,Yes,Yes
performance-efficiency.concurrency-parallelism.lock-contention,02-performance-efficiency/concurrency-parallelism/lock-contention.yaml,Lock Contention Audit,performance-efficiency,02,concurrency-parallelism,expert,active,partial,high,2 hours,true,false,false,false,No,No,No,Yes,Yes,Yes,Yes,Yes,Yes
performance-efficiency.concurrency-parallelism.parallel-processing-efficiency,02-performance-efficiency/concurrency-parallelism/parallel-processing-efficiency.yaml,Parallel Processing Efficiency Audit,performance-efficiency,02,concurrency-parallelism,expert,active,partial,high,2 hours,false,false,false,false,No,No,No,Yes,Yes,Yes,Yes,Yes,Yes
performance-efficiency.concurrency-parallelism.race-condition,02-performance-efficiency/concurrency-parallelism/race-condition.yaml,Race Condition Audit,performance-efficiency,02,concurrency-parallelism,expert,active,partial,critical,3 hours,false,false,false,false,No,No,No,Yes,Yes,Yes,Yes,Yes,Yes
performance-efficiency.concurrency-parallelism.thread-safety,02-performance-efficiency/concurrency-parallelism/thread-safety.yaml,Thread Safety Audit,performance-efficiency,02,concurrency-parallelism,expert,active,partial,critical,3 hours,false,false,false,false,No,No,No,Yes,Yes,Yes,Yes,Yes,Yes
performance-efficiency.concurrency-parallelism.worker-pool-sizing,02-performance-efficiency/concurrency-parallelism/worker-pool-sizing.yaml,Worker Pool Sizing Audit,performance-efficiency,02,concurrency-parallelism,expert,active,partial,high,2 hours,true,false,false,false,No,No,No,Yes,Yes,Yes,Yes,Yes,Yes
performance-efficiency.database-performance.connection-pool-sizing,02-performance-efficiency/database-performance/connection-pool-sizing.yaml,Connection Pool Sizing Audit,performance-efficiency,02,database-performance,expert,active,partial,high,2 hours,true,false,false,false,No,No,No,Yes,Yes,Yes,Yes,Yes,Yes
performance-efficiency.database-performance.database-configuration,02-performance-efficiency/database-performance/database-configuration.yaml,Database Configuration Audit,performance-efficiency,02,database-performance,expert,active,partial,high,2 hours,true,false,false,false,No,No,No,Yes,Yes,Yes,Yes,Yes,Yes
performance-efficiency.database-performance.index-usage,02-performance-efficiency/database-performance/index-usage.yaml,Index Usage Audit,performance-efficiency,02,database-performance,expert,active,partial,high,2 hours,true,false,false,false,No,No,No,Yes,Yes,Yes,Yes,Yes,Yes
performance-efficiency.database-performance.join-efficiency,02-performance-efficiency/database-performance/join-efficiency.yaml,Join Efficiency Audit,performance-efficiency,02,database-performance,expert,active,partial,high,2.5 hours,true,false,false,false,No,No,No,Yes,Yes,Yes,Yes,Yes,Yes
performance-efficiency.database-performance.missing-index,02-performance-efficiency/database-performance/missing-index.yaml,Missing Index Audit,performance-efficiency,02,database-performance,expert,active,partial,high,2.5 hours,true,false,false,false,No,No,No,Yes,Yes,Yes,Yes,Yes,Yes
performance-efficiency.database-performance.n-plus-one-query,02-performance-efficiency/database-performance/n-plus-one-query.yaml,N+1 Query Audit,performance-efficiency,02,database-performance,expert,active,partial,high,2 hours,true,false,false,false,No,No,No,Yes,Yes,Yes,Yes,Yes,Yes
performance-efficiency.database-performance.query-optimization,02-performance-efficiency/database-performance/query-optimization.yaml,Query Optimization Audit,performance-efficiency,02,database-performance,expert,active,partial,high,3 hours,true,false,false,false,No,No,No,Yes,Yes,Yes,Yes,Yes,Yes
performance-efficiency.database-performance.query-plan-stability,02-performance-efficiency/database-performance/query-plan-stability.yaml,Query Plan Stability Audit,performance-efficiency,02,database-performance,expert,active,partial,high,2 hours,true,false,false,false,No,No,No,Yes,Yes,Yes,Yes,Yes,Yes
performance-efficiency.database-performance.slow-query,02-performance-efficiency/database-performance/slow-query.yaml,Slow Query Audit,performance-efficiency,02,database-performance,expert,active,partial,high,2.5 hours,true,false,false,false,No,No,No,Yes,Yes,Yes,Yes,Yes,Yes
performance-efficiency.database-performance.table-scan,02-performance-efficiency/database-performance/table-scan.yaml,Table Scan Audit,performance-efficiency,02,database-performance,expert,active,partial,high,2 hours,true,false,false,false,No,No,No,Yes,Yes,Yes,Yes,Yes,Yes
performance-efficiency.frontend-performance.core-web-vitals,02-performance-efficiency/frontend-performance/core-web-vitals.yaml,Core Web Vitals Audit,performance-efficiency,02,frontend-performance,expert,active,partial,high,2 hours,true,false,false,false,No,No,No,Yes,Yes,Yes,Yes,Yes,Yes
performance-efficiency.frontend-performance.critical-rendering-path,02-performance-efficiency/frontend-performance/critical-rendering-path.yaml,Critical Rendering Path Audit,performance-efficiency,02,frontend-performance,expert,active,partial,high,2 hours,true,false,false,false,No,No,No,Yes,Yes,Yes,Yes,Yes,Yes
performance-efficiency.frontend-performance.dom-size,02-performance-efficiency/frontend-performance/dom-size.yaml,DOM Size Audit,performance-efficiency,02,frontend-performance,expert,active,partial,medium,1.5 hours,true,false,false,false,No,No,No,Yes,Yes,Yes,Yes,Yes,Yes
performance-efficiency.frontend-performance.font-loading,02-performance-efficiency/frontend-performance/font-loading.yaml,Font Loading Audit,performance-efficiency,02,frontend-performance,expert,active,partial,medium,1.5 hours,false,false,false,false,No,No,No,Yes,Yes,Yes,Yes,Yes,Yes
performance-efficiency.frontend-performance.hydration-performance,02-performance-efficiency/frontend-performance/hydration-performance.yaml,Hydration Performance Audit,performance-efficiency,02,frontend-performance,expert,active,partial,high,2 hours,true,false,false,false,No,No,No,Yes,Yes,Yes,Yes,Yes,Yes
performance-efficiency.frontend-performance.image-optimization,02-performance-efficiency/frontend-performance/image-optimization.yaml,Image Optimization Audit,performance-efficiency,02,frontend-performance,expert,active,partial,high,2 hours,false,false,false,false,No,No,No,Yes,Yes,Yes,Yes,Yes,Yes
performance-efficiency.frontend-performance.javascript-bundle-size,02-performance-efficiency/frontend-performance/javascript-bundle-size.yaml,JavaScript Bundle Size Audit,performance-efficiency,02,frontend-performance,expert,active,yes,high,2 hours,false,false,false,false,No,No,No,Yes,Yes,Yes,Yes,Yes,Yes
performance-efficiency.frontend-performance.layout-thrashing,02-performance-efficiency/frontend-performance/layout-thrashing.yaml,Layout Thrashing Audit,performance-efficiency,02,frontend-performance,expert,active,partial,high,2 hours,true,false,false,false,No,No,No,Yes,Yes,Yes,Yes,Yes,Yes
performance-efficiency.frontend-performance.memory-leak-client-side,02-performance-efficiency/frontend-performance/memory-leak-client-side.yaml,Memory Leak (Client-Side) Audit,performance-efficiency,02,frontend-performance,expert,active,partial,high,3 hours,true,false,false,false,No,No,No,Yes,Yes,Yes,Yes,Yes,Yes
performance-efficiency.frontend-performance.service-worker-efficiency,02-performance-efficiency/frontend-performance/service-worker-efficiency.yaml,Service Worker Efficiency Audit,performance-efficiency,02,frontend-performance,expert,active,partial,medium,2 hours,true,false,false,false,No,No,No,Yes,Yes,Yes,Yes,Yes,Yes
performance-efficiency.frontend-performance.third-party-script-impact,02-performance-efficiency/frontend-performance/third-party-script-impact.yaml,Third-Party Script Impact Audit,performance-efficiency,02,frontend-performance,expert,active,partial,high,2 hours,true,false,false,false,No,No,No,Yes,Yes,Yes,Yes,Yes,Yes
performance-efficiency.latency.api-response-time,02-performance-efficiency/latency/api-response-time.yaml,API Response Time Audit,performance-efficiency,02,latency,expert,active,yes,high,1 hour,true,false,false,false,No,No,No,Yes,Yes,Yes,Yes,Yes,Yes
performance-efficiency.latency.cache-miss-latency,02-performance-efficiency/latency/cache-miss-latency.yaml,Cache Miss Latency Audit,performance-efficiency,02,latency,expert,active,partial,high,1 hour,true,false,false,false,No,No,No,Yes,Yes,Yes,Yes,Yes,Yes
performance-efficiency.latency.cold-start-latency,02-performance-efficiency/latency/cold-start-latency.yaml,Cold Start Latency Audit,performance-efficiency,02,latency,expert,active,partial,high,1.5 hours,true,false,false,false,No,No,No,Yes,Yes,Yes,Yes,Yes,Yes
performance-efficiency.latency.database-query-latency,02-performance-efficiency/latency/database-query-latency.yaml,Database Query Latency Audit,performance-efficiency,02,latency,expert,active,partial,critical,2 hours,true,false,false,false,No,No,No,Yes,Yes,Yes,Yes,Yes,Yes
performance-efficiency.latency.end-to-end-latency,02-performance-efficiency/latency/end-to-end-latency.yaml,End-to-End Latency Audit,performance-efficiency,02,latency,expert,active,partial,high,2 hours,true,false,false,false,No,No,No,Yes,Yes,Yes,Yes,Yes,Yes
performance-efficiency.latency.geographic-latency,02-performance-efficiency/latency/geographic-latency.yaml,Geographic Latency Audit,performance-efficiency,02,latency,expert,active,partial,high,2 hours,true,false,false,false,No,No,No,Yes,Yes,Yes,Yes,Yes,Yes
performance-efficiency.latency.network-latency,02-performance-efficiency/latency/network-latency.yaml,Network Latency Audit,performance-efficiency,02,latency,expert,active,partial,high,1.5 hours,true,false,false,false,No,No,No,Yes,Yes,Yes,Yes,Yes,Yes
performance-efficiency.latency.percentile-latency,02-performance-efficiency/latency/percentile-latency.yaml,Percentile Latency Audit (P50/P95/P99),performance-efficiency,02,latency,expert,active,partial,high,1.5 hours,true,false,false,false,No,No,No,Yes,Yes,Yes,Yes,Yes,Yes
performance-efficiency.latency.third-party-service-latency,02-performance-efficiency/latency/third-party-service-latency.yaml,Third-Party Service Latency Audit,performance-efficiency,02,latency,expert,active,partial,high,1.5 hours,true,false,false,false,No,No,No,Yes,Yes,Yes,Yes,Yes,Yes
performance-efficiency.latency.time-to-first-byte,02-performance-efficiency/latency/time-to-first-byte.yaml,Time to First Byte (TTFB) Audit,performance-efficiency,02,latency,expert,active,yes,high,1 hour,true,false,false,false,No,No,No,Yes,Yes,Yes,Yes,Yes,Yes
performance-efficiency.network-efficiency.compression-effectiveness,02-performance-efficiency/network-efficiency/compression-effectiveness.yaml,Compression Effectiveness Audit,performance-efficiency,02,network-efficiency,expert,active,yes,high,1.5 hours,true,false,false,false,No,No,No,Yes,Yes,Yes,Yes,Yes,Yes
performance-efficiency.network-efficiency.connection-reuse,02-performance-efficiency/network-efficiency/connection-reuse.yaml,Connection Reuse Audit,performance-efficiency,02,network-efficiency,expert,active,partial,high,1.5 hours,true,false,false,false,No,No,No,Yes,Yes,Yes,Yes,Yes,Yes
performance-efficiency.network-efficiency.dns-resolution,02-performance-efficiency/network-efficiency/dns-resolution.yaml,DNS Resolution Audit,performance-efficiency,02,network-efficiency,expert,active,partial,medium,1.5 hours,true,false,false,false,No,No,No,Yes,Yes,Yes,Yes,Yes,Yes
performance-efficiency.network-efficiency.graphql-query-efficiency,02-performance-efficiency/network-efficiency/graphql-query-efficiency.yaml,GraphQL Query Efficiency Audit,performance-efficiency,02,network-efficiency,expert,active,partial,high,2.5 hours,true,false,false,false,No,No,No,Yes,Yes,Yes,Yes,Yes,Yes
performance-efficiency.network-efficiency.http2-http3-utilization,02-performance-efficiency/network-efficiency/http2-http3-utilization.yaml,HTTP/2 & HTTP/3 Utilization Audit,performance-efficiency,02,network-efficiency,expert,active,partial,high,2 hours,true,false,false,false,No,No,No,Yes,Yes,Yes,Yes,Yes,Yes
performance-efficiency.network-efficiency.payload-size,02-performance-efficiency/network-efficiency/payload-size.yaml,Payload Size Audit,performance-efficiency,02,network-efficiency,expert,active,partial,high,2 hours,true,false,false,false,No,No,No,Yes,Yes,Yes,Yes,Yes,Yes
performance-efficiency.network-efficiency.prefetching-strategy,02-performance-efficiency/network-efficiency/prefetching-strategy.yaml,Prefetching Strategy Audit,performance-efficiency,02,network-efficiency,expert,active,partial,medium,2 hours,true,false,false,false,No,No,No,Yes,Yes,Yes,Yes,Yes,Yes
performance-efficiency.network-efficiency.request-batching,02-performance-efficiency/network-efficiency/request-batching.yaml,Request Batching Audit,performance-efficiency,02,network-efficiency,expert,active,partial,high,2 hours,false,false,false,false,No,No,No,Yes,Yes,Yes,Yes,Yes,Yes
performance-efficiency.network-efficiency.websocket-efficiency,02-performance-efficiency/network-efficiency/websocket-efficiency.yaml,WebSocket Efficiency Audit,performance-efficiency,02,network-efficiency,expert,active,partial,high,2 hours,true,false,false,false,No,No,No,Yes,Yes,Yes,Yes,Yes,Yes
performance-efficiency.performance-measurement.load-test-coverage,02-performance-efficiency/performance-measurement/load-test-coverage.yaml,Load Test Coverage Audit,performance-efficiency,02,performance-measurement,expert,active,partial,high,2.5 hours,false,false,false,false,No,No,No,Yes,Yes,Yes,Yes,Yes,Yes
performance-efficiency.performance-measurement.performance-baseline,02-performance-efficiency/performance-measurement/performance-baseline.yaml,Performance Baseline Audit,performance-efficiency,02,performance-measurement,expert,active,partial,high,3 hours,true,false,false,false,No,No,No,Yes,Yes,Yes,Yes,Yes,Yes
performance-efficiency.performance-measurement.performance-budget-compliance,02-performance-efficiency/performance-measurement/performance-budget-compliance.yaml,Performance Budget Compliance Audit,performance-efficiency,02,performance-measurement,expert,active,yes,high,2 hours,true,false,false,false,No,No,No,Yes,Yes,Yes,Yes,Yes,Yes
performance-efficiency.performance-measurement.performance-regression-detection,02-performance-efficiency/performance-measurement/performance-regression-detection.yaml,Performance Regression Detection Audit,performance-efficiency,02,performance-measurement,expert,active,partial,high,2.5 hours,false,false,false,false,No,No,No,Yes,Yes,Yes,Yes,Yes,Yes
performance-efficiency.performance-measurement.production-performance-monitoring,02-performance-efficiency/performance-measurement/production-performance-monitoring.yaml,Production Performance Monitoring Audit,performance-efficiency,02,performance-measurement,expert,active,partial,critical,2.5 hours,true,false,false,false,No,No,No,Yes,Yes,Yes,Yes,Yes,Yes
performance-efficiency.performance-measurement.slo-sli-alignment,02-performance-efficiency/performance-measurement/slo-sli-alignment.yaml,SLO/SLI Alignment Audit,performance-efficiency,02,performance-measurement,expert,active,partial,critical,3 hours,true,false,false,false,No,No,No,Yes,Yes,Yes,Yes,Yes,Yes
performance-efficiency.performance-measurement.synthetic-monitoring,02-performance-efficiency/performance-measurement/synthetic-monitoring.yaml,Synthetic Monitoring Audit,performance-efficiency,02,performance-measurement,expert,active,partial,high,2 hours,true,false,false,false,No,No,No,Yes,Yes,Yes,Yes,Yes,Yes
performance-efficiency.resource-utilization.connection-pool-utilization,02-performance-efficiency/resource-utilization/connection-pool-utilization.yaml,Connection Pool Utilization Audit,performance-efficiency,02,resource-utilization,expert,active,partial,high,2 hours,true,false,false,false,No,No,No,Yes,Yes,Yes,Yes,Yes,Yes
performance-efficiency.resource-utilization.container-resource-limits,02-performance-efficiency/resource-utilization/container-resource-limits.yaml,Container Resource Limits Audit,performance-efficiency,02,resource-utilization,expert,active,yes,high,1.5 hours,false,false,false,false,No,No,No,Yes,Yes,Yes,Yes,Yes,Yes
performance-efficiency.resource-utilization.cpu-utilization,02-performance-efficiency/resource-utilization/cpu-utilization.yaml,CPU Utilization Audit,performance-efficiency,02,resource-utilization,expert,active,partial,high,2 hours,true,false,false,false,No,No,No,Yes,Yes,Yes,Yes,Yes,Yes
performance-efficiency.resource-utilization.disk-io,02-performance-efficiency/resource-utilization/disk-io.yaml,Disk I/O Audit,performance-efficiency,02,resource-utilization,expert,active,partial,high,2 hours,true,false,false,false,No,No,No,Yes,Yes,Yes,Yes,Yes,Yes
performance-efficiency.resource-utilization.ephemeral-storage,02-performance-efficiency/resource-utilization/ephemeral-storage.yaml,Ephemeral Storage Audit,performance-efficiency,02,resource-utilization,expert,active,partial,high,1.5 hours,true,false,false,false,No,No,No,Yes,Yes,Yes,Yes,Yes,Yes
performance-efficiency.resource-utilization.file-descriptor,02-performance-efficiency/resource-utilization/file-descriptor.yaml,File Descriptor Audit,performance-efficiency,02,resource-utilization,expert,active,partial,high,1.5 hours,true,false,false,false,No,No,No,Yes,Yes,Yes,Yes,Yes,Yes
performance-efficiency.resource-utilization.gpu-utilization,02-performance-efficiency/resource-utilization/gpu-utilization.yaml,GPU Utilization Audit,performance-efficiency,02,resource-utilization,expert,active,partial,high,2 hours,true,false,false,false,No,No,No,Yes,Yes,Yes,Yes,Yes,Yes
performance-efficiency.resource-utilization.memory-leak-detection,02-performance-efficiency/resource-utilization/memory-leak-detection.yaml,Memory Leak Detection Audit,performance-efficiency,02,resource-utilization,expert,active,partial,high,3 hours,true,false,false,false,No,No,No,Yes,Yes,Yes,Yes,Yes,Yes
performance-efficiency.resource-utilization.memory-utilization,02-performance-efficiency/resource-utilization/memory-utilization.yaml,Memory Utilization Audit,performance-efficiency,02,resource-utilization,expert,active,partial,high,2 hours,true,false,false,false,No,No,No,Yes,Yes,Yes,Yes,Yes,Yes
performance-efficiency.resource-utilization.network-bandwidth,02-performance-efficiency/resource-utilization/network-bandwidth.yaml,Network Bandwidth Audit,performance-efficiency,02,resource-utilization,expert,active,partial,high,2 hours,true,false,false,false,No,No,No,Yes,Yes,Yes,Yes,Yes,Yes
performance-efficiency.resource-utilization.thread-pool-utilization,02-performance-efficiency/resource-utilization/thread-pool-utilization.yaml,Thread Pool Utilization Audit,performance-efficiency,02,resource-utilization,expert,active,partial,high,2 hours,true,false,false,false,No,No,No,Yes,Yes,Yes,Yes,Yes,Yes
performance-efficiency.throughput.batch-processing-throughput,02-performance-efficiency/throughput/batch-processing-throughput.yaml,Batch Processing Throughput Audit,performance-efficiency,02,throughput,expert,active,partial,high,1.5 hours,true,false,false,false,No,No,No,Yes,Yes,Yes,Yes,Yes,Yes
performance-efficiency.throughput.concurrent-connection-capacity,02-performance-efficiency/throughput/concurrent-connection-capacity.yaml,Concurrent Connection Capacity Audit,performance-efficiency,02,throughput,expert,active,partial,critical,1.5 hours,true,false,false,false,No,No,No,Yes,Yes,Yes,Yes,Yes,Yes
performance-efficiency.throughput.data-ingestion-rate,02-performance-efficiency/throughput/data-ingestion-rate.yaml,Data Ingestion Rate Audit,performance-efficiency,02,throughput,expert,active,partial,high,1.5 hours,true,false,false,false,No,No,No,Yes,Yes,Yes,Yes,Yes,Yes
performance-efficiency.throughput.event-processing-rate,02-performance-efficiency/throughput/event-processing-rate.yaml,Event Processing Rate Audit,performance-efficiency,02,throughput,expert,active,partial,high,1.5 hours,true,false,false,false,No,No,No,Yes,Yes,Yes,Yes,Yes,Yes
performance-efficiency.throughput.message-processing-rate,02-performance-efficiency/throughput/message-processing-rate.yaml,Message Processing Rate Audit,performance-efficiency,02,throughput,expert,active,partial,high,1.5 hours,true,false,false,false,No,No,No,Yes,Yes,Yes,Yes,Yes,Yes
performance-efficiency.throughput.request-throughput,02-performance-efficiency/throughput/request-throughput.yaml,Request Throughput Audit,performance-efficiency,02,throughput,expert,active,partial,high,1.5 hours,true,false,false,false,No,No,No,Yes,Yes,Yes,Yes,Yes,Yes
performance-efficiency.throughput.stream-processing-throughput,02-performance-efficiency/throughput/stream-processing-throughput.yaml,Stream Processing Throughput Audit,performance-efficiency,02,throughput,expert,active,partial,high,2 hours,true,false,false,false,No,No,No,Yes,Yes,Yes,Yes,Yes,Yes
performance-efficiency.throughput.transaction-rate,02-performance-efficiency/throughput/transaction-rate.yaml,Transaction Rate Audit,performance-efficiency,02,throughput,expert,active,partial,critical,1.5 hours,true,false,false,false,No,No,No,Yes,Yes,Yes,Yes,Yes,Yes
performance-efficiency.throughput.write-throughput,02-performance-efficiency/throughput/write-throughput.yaml,Write Throughput Audit,performance-efficiency,02,throughput,expert,active,partial,high,1.5 hours,true,false,false,false,No,No,No,Yes,Yes,Yes,Yes,Yes,Yes
reliability-resilience.data-consistency.acid-compliance,03-reliability-resilience/data-consistency/acid-compliance.yaml,ACID Compliance Audit,reliability-resilience,03,data-consistency,expert,active,partial,critical,4 hours,true,false,false,false,No,No,No,Yes,Yes,Yes,Yes,Yes,Yes
reliability-resilience.data-consistency.conflict-resolution,03-reliability-resilience/data-consistency/conflict-resolution.yaml,Conflict Resolution Audit,reliability-resilience,03,data-consistency,expert,active,partial,high,3 hours,false,false,false,false,No,No,No,Yes,Yes,Yes,Yes,Yes,Yes
reliability-resilience.data-consistency.distributed-transaction,03-reliability-resilience/data-consistency/distributed-transaction.yaml,Distributed Transaction Audit,reliability-resilience,03,data-consistency,phd,active,partial,critical,6 hours,false,false,false,false,No,No,No,Yes,Yes,Yes,Yes,Yes,Yes
reliability-resilience.data-consistency.eventual-consistency,03-reliability-resilience/data-consistency/eventual-consistency.yaml,Eventual Consistency Audit,reliability-resilience,03,data-consistency,phd,active,partial,high,4 hours,true,false,false,false,No,No,No,Yes,Yes,Yes,Yes,Yes,Yes
reliability-resilience.data-consistency.idempotency-key,03-reliability-resilience/data-consistency/idempotency-key.yaml,Idempotency Key Audit,reliability-resilience,03,data-consistency,expert,active,partial,high,3 hours,false,false,false,false,No,No,No,Yes,Yes,Yes,Yes,Yes,Yes
reliability-resilience.data-consistency.optimistic-vs-pessimistic-locking,03-reliability-resilience/data-consistency/optimistic-vs-pessimistic-locking.yaml,Optimistic vs Pessimistic Locking Audit,reliability-resilience,03,data-consistency,expert,active,partial,high,3 hours,false,false,false,false,No,No,No,Yes,Yes,Yes,Yes,Yes,Yes
reliability-resilience.data-consistency.read-your-writes-consistency,03-reliability-resilience/data-consistency/read-your-writes-consistency.yaml,Read-Your-Writes Consistency Audit,reliability-resilience,03,data-consistency,expert,active,partial,high,3 hours,true,false,false,false,No,No,No,Yes,Yes,Yes,Yes,Yes,Yes
reliability-resilience.data-consistency.referential-integrity,03-reliability-resilience/data-consistency/referential-integrity.yaml,Referential Integrity Audit,reliability-resilience,03,data-consistency,expert,active,partial,high,3 hours,true,false,false,false,No,No,No,Yes,Yes,Yes,Yes,Yes,Yes
reliability-resilience.data-consistency.saga-pattern-implementation,03-reliability-resilience/data-consistency/saga-pattern-implementation.yaml,Saga Pattern Implementation Audit,reliability-resilience,03,data-consistency,phd,active,partial,critical,5 hours,false,false,false,false,No,No,No,Yes,Yes,Yes,Yes,Yes,Yes
reliability-resilience.data-consistency.transaction-boundary,03-reliability-resilience/data-consistency/transaction-boundary.yaml,Transaction Boundary Audit,reliability-resilience,03,data-consistency,expert,active,partial,high,3 hours,false,false,false,false,No,No,No,Yes,Yes,Yes,Yes,Yes,Yes
reliability-resilience.data-durability.archive-strategy,03-reliability-resilience/data-durability/archive-strategy.yaml,Archive Strategy Audit,reliability-resilience,03,data-durability,expert,active,partial,medium,2.5 hours,true,false,false,false,No,No,No,Yes,Yes,Yes,Yes,Yes,Yes
reliability-resilience.data-durability.backup-encryption,03-reliability-resilience/data-durability/backup-encryption.yaml,Backup Encryption Audit,reliability-resilience,03,data-durability,expert,active,partial,critical,2 hours,true,false,false,false,No,No,No,Yes,Yes,Yes,Yes,Yes,Yes
reliability-resilience.data-durability.checksum-verification,03-reliability-resilience/data-durability/checksum-verification.yaml,Checksum Verification Audit,reliability-resilience,03,data-durability,expert,active,partial,high,2 hours,true,false,false,false,No,No,No,Yes,Yes,Yes,Yes,Yes,Yes
reliability-resilience.data-durability.data-corruption-detection,03-reliability-resilience/data-durability/data-corruption-detection.yaml,Data Corruption Detection Audit,reliability-resilience,03,data-durability,expert,active,partial,high,2.5 hours,true,false,false,false,No,No,No,Yes,Yes,Yes,Yes,Yes,Yes
reliability-resilience.data-durability.immutable-storage,03-reliability-resilience/data-durability/immutable-storage.yaml,Immutable Storage Audit,reliability-resilience,03,data-durability,expert,active,partial,high,2 hours,true,false,false,false,No,No,No,Yes,Yes,Yes,Yes,Yes,Yes
reliability-resilience.data-durability.point-in-time-recovery,03-reliability-resilience/data-durability/point-in-time-recovery.yaml,Point-in-Time Recovery Audit,reliability-resilience,03,data-durability,expert,active,partial,critical,2.5 hours,true,false,false,false,No,No,No,Yes,Yes,Yes,Yes,Yes,Yes
reliability-resilience.data-durability.replication-factor,03-reliability-resilience/data-durability/replication-factor.yaml,Replication Factor Audit,reliability-resilience,03,data-durability,expert,active,partial,critical,2 hours,true,false,false,false,No,No,No,Yes,Yes,Yes,Yes,Yes,Yes
reliability-resilience.data-durability.snapshot-strategy,03-reliability-resilience/data-durability/snapshot-strategy.yaml,Snapshot Strategy Audit,reliability-resilience,03,data-durability,expert,active,partial,high,2 hours,true,false,false,false,No,No,No,Yes,Yes,Yes,Yes,Yes,Yes
reliability-resilience.data-durability.storage-redundancy,03-reliability-resilience/data-durability/storage-redundancy.yaml,Storage Redundancy Audit,reliability-resilience,03,data-durability,expert,active,partial,critical,2.5 hours,true,false,false,false,No,No,No,Yes,Yes,Yes,Yes,Yes,Yes
reliability-resilience.data-durability.write-acknowledgment,03-reliability-resilience/data-durability/write-acknowledgment.yaml,Write Acknowledgment Audit,reliability-resilience,03,data-durability,expert,active,partial,critical,2 hours,true,false,false,false,No,No,No,Yes,Yes,Yes,Yes,Yes,Yes
reliability-resilience.disaster-recovery.backup-strategy,03-reliability-resilience/disaster-recovery/backup-strategy.yaml,Backup Strategy Audit,reliability-resilience,03,disaster-recovery,phd,active,partial,critical,4 hours,false,false,false,false,No,No,No,Yes,Yes,Yes,Yes,Yes,Yes
reliability-resilience.disaster-recovery.backup-verification,03-reliability-resilience/disaster-recovery/backup-verification.yaml,Backup Verification Audit,reliability-resilience,03,disaster-recovery,phd,active,partial,critical,3 hours,true,false,false,false,No,No,No,Yes,Yes,Yes,Yes,Yes,Yes
reliability-resilience.disaster-recovery.communication-plan,03-reliability-resilience/disaster-recovery/communication-plan.yaml,Communication Plan Audit,reliability-resilience,03,disaster-recovery,expert,active,manual,high,2 hours,false,false,false,false,No,No,No,Yes,Yes,Yes,Yes,Yes,Yes
reliability-resilience.disaster-recovery.cross-region-replication,03-reliability-resilience/disaster-recovery/cross-region-replication.yaml,Cross-Region Replication Audit,reliability-resilience,03,disaster-recovery,expert,active,partial,high,3 hours,true,false,false,false,No,No,No,Yes,Yes,Yes,Yes,Yes,Yes
reliability-resilience.disaster-recovery.data-restoration,03-reliability-resilience/disaster-recovery/data-restoration.yaml,Data Restoration Audit,reliability-resilience,03,disaster-recovery,phd,active,partial,critical,4 hours,true,false,false,false,No,No,No,Yes,Yes,Yes,Yes,Yes,Yes
reliability-resilience.disaster-recovery.dr-runbook-completeness,03-reliability-resilience/disaster-recovery/dr-runbook-completeness.yaml,DR Runbook Completeness Audit,reliability-resilience,03,disaster-recovery,phd,active,manual,high,4 hours,false,false,false,false,No,No,No,Yes,Yes,Yes,Yes,Yes,Yes
reliability-resilience.disaster-recovery.dr-test-coverage,03-reliability-resilience/disaster-recovery/dr-test-coverage.yaml,DR Test Coverage Audit,reliability-resilience,03,disaster-recovery,expert,active,manual,high,4 hours,false,false,false,false,No,No,No,Yes,Yes,Yes,Yes,Yes,Yes
reliability-resilience.disaster-recovery.infrastructure-recovery,03-reliability-resilience/disaster-recovery/infrastructure-recovery.yaml,Infrastructure Recovery Audit,reliability-resilience,03,disaster-recovery,phd,active,partial,critical,4 hours,false,false,false,false,No,No,No,Yes,Yes,Yes,Yes,Yes,Yes
reliability-resilience.disaster-recovery.recovery-point-objective,03-reliability-resilience/disaster-recovery/recovery-point-objective.yaml,Recovery Point Objective (RPO) Audit,reliability-resilience,03,disaster-recovery,expert,active,partial,critical,3 hours,false,false,false,false,No,No,No,Yes,Yes,Yes,Yes,Yes,Yes
reliability-resilience.disaster-recovery.recovery-time-objective,03-reliability-resilience/disaster-recovery/recovery-time-objective.yaml,Recovery Time Objective (RTO) Audit,reliability-resilience,03,disaster-recovery,phd,active,partial,critical,3 hours,false,false,false,false,No,No,No,Yes,Yes,Yes,Yes,Yes,Yes
reliability-resilience.error-handling.dead-letter-queue,03-reliability-resilience/error-handling/dead-letter-queue.yaml,Dead Letter Queue Audit,reliability-resilience,03,error-handling,phd,active,partial,high,2-3 hours,true,false,false,false,No,No,No,Yes,Yes,Yes,Yes,Yes,Yes
reliability-resilience.error-handling.error-budget,03-reliability-resilience/error-handling/error-budget.yaml,Error Budget Audit,reliability-resilience,03,error-handling,phd,active,partial,high,2-3 hours,true,false,false,false,No,No,No,Yes,Yes,Yes,Yes,Yes,Yes
reliability-resilience.error-handling.error-logging,03-reliability-resilience/error-handling/error-logging.yaml,Error Logging Audit,reliability-resilience,03,error-handling,phd,active,partial,high,2-4 hours,false,false,false,false,No,No,No,Yes,Yes,Yes,Yes,Yes,Yes
reliability-resilience.error-handling.error-propagation,03-reliability-resilience/error-handling/error-propagation.yaml,Error Propagation Audit,reliability-resilience,03,error-handling,phd,active,partial,high,3-5 hours,false,false,false,false,No,No,No,Yes,Yes,Yes,Yes,Yes,Yes
reliability-resilience.error-handling.error-rate-monitoring,03-reliability-resilience/error-handling/error-rate-monitoring.yaml,Error Rate Monitoring Audit,reliability-resilience,03,error-handling,phd,active,partial,high,2-4 hours,true,false,false,false,No,No,No,Yes,Yes,Yes,Yes,Yes,Yes
reliability-resilience.error-handling.exception-handling,03-reliability-resilience/error-handling/exception-handling.yaml,Exception Handling Audit,reliability-resilience,03,error-handling,phd,active,partial,high,2-4 hours,false,false,false,false,No,No,No,Yes,Yes,Yes,Yes,Yes,Yes
reliability-resilience.error-handling.panic-crash-recovery,03-reliability-resilience/error-handling/panic-crash-recovery.yaml,Panic/Crash Recovery Audit,reliability-resilience,03,error-handling,phd,active,partial,critical,2-4 hours,false,false,false,false,No,No,No,Yes,Yes,Yes,Yes,Yes,Yes
reliability-resilience.error-handling.partial-failure-handling,03-reliability-resilience/error-handling/partial-failure-handling.yaml,Partial Failure Handling Audit,reliability-resilience,03,error-handling,phd,active,partial,high,3-5 hours,false,false,false,false,No,No,No,Yes,Yes,Yes,Yes,Yes,Yes
reliability-resilience.error-handling.retry-logic,03-reliability-resilience/error-handling/retry-logic.yaml,Retry Logic Audit,reliability-resilience,03,error-handling,phd,active,partial,high,2-4 hours,false,false,false,false,No,No,No,Yes,Yes,Yes,Yes,Yes,Yes
reliability-resilience.error-handling.user-facing-error-message,03-reliability-resilience/error-handling/user-facing-error-message.yaml,User-Facing Error Message Audit,reliability-resilience,03,error-handling,phd,active,partial,medium,2-3 hours,false,false,false,false,No,No,No,Yes,Yes,Yes,Yes,Yes,Yes
reliability-resilience.fault-tolerance.bulkhead-pattern,03-reliability-resilience/fault-tolerance/bulkhead-pattern.yaml,Bulkhead Pattern Audit,reliability-resilience,03,fault-tolerance,phd,active,partial,high,2.5 hours,false,false,false,false,No,No,No,Yes,Yes,Yes,Yes,Yes,Yes
reliability-resilience.fault-tolerance.circuit-breaker,03-reliability-resilience/fault-tolerance/circuit-breaker.yaml,Circuit Breaker Audit,reliability-resilience,03,fault-tolerance,expert,active,partial,critical,2.5 hours,false,false,false,false,No,No,No,Yes,Yes,Yes,Yes,Yes,Yes
reliability-resilience.fault-tolerance.dependency-failure-handling,03-reliability-resilience/fault-tolerance/dependency-failure-handling.yaml,Dependency Failure Handling Audit,reliability-resilience,03,fault-tolerance,phd,active,partial,critical,3 hours,false,false,false,false,No,No,No,Yes,Yes,Yes,Yes,Yes,Yes
reliability-resilience.fault-tolerance.failover-mechanism,03-reliability-resilience/fault-tolerance/failover-mechanism.yaml,Failover Mechanism Audit,reliability-resilience,03,fault-tolerance,phd,active,partial,critical,3 hours,true,false,false,false,No,No,No,Yes,Yes,Yes,Yes,Yes,Yes
reliability-resilience.fault-tolerance.fallback-strategy,03-reliability-resilience/fault-tolerance/fallback-strategy.yaml,Fallback Strategy Audit,reliability-resilience,03,fault-tolerance,phd,active,partial,high,2.5 hours,false,false,false,false,No,No,No,Yes,Yes,Yes,Yes,Yes,Yes
reliability-resilience.fault-tolerance.graceful-degradation,03-reliability-resilience/fault-tolerance/graceful-degradation.yaml,Graceful Degradation Audit,reliability-resilience,03,fault-tolerance,phd,active,partial,high,3 hours,false,false,false,false,No,No,No,Yes,Yes,Yes,Yes,Yes,Yes
reliability-resilience.fault-tolerance.idempotency,03-reliability-resilience/fault-tolerance/idempotency.yaml,Idempotency Audit,reliability-resilience,03,fault-tolerance,phd,active,partial,critical,2.5 hours,false,false,false,false,No,No,No,Yes,Yes,Yes,Yes,Yes,Yes
reliability-resilience.fault-tolerance.redundancy,03-reliability-resilience/fault-tolerance/redundancy.yaml,Redundancy Audit,reliability-resilience,03,fault-tolerance,phd,active,partial,high,2.5 hours,false,false,false,false,No,No,No,Yes,Yes,Yes,Yes,Yes,Yes
reliability-resilience.fault-tolerance.retry-policy,03-reliability-resilience/fault-tolerance/retry-policy.yaml,Retry Policy Audit,reliability-resilience,03,fault-tolerance,phd,active,partial,high,2 hours,false,false,false,false,No,No,No,Yes,Yes,Yes,Yes,Yes,Yes
reliability-resilience.fault-tolerance.single-point-of-failure,03-reliability-resilience/fault-tolerance/single-point-of-failure.yaml,Single Point of Failure Audit,reliability-resilience,03,fault-tolerance,phd,active,partial,critical,3 hours,false,false,false,false,No,No,No,Yes,Yes,Yes,Yes,Yes,Yes
reliability-resilience.fault-tolerance.timeout-configuration,03-reliability-resilience/fault-tolerance/timeout-configuration.yaml,Timeout Configuration Audit,reliability-resilience,03,fault-tolerance,phd,active,partial,high,2 hours,false,false,false,false,No,No,No,Yes,Yes,Yes,Yes,Yes,Yes
reliability-resilience.high-availability.active-active-vs-active-passive,03-reliability-resilience/high-availability/active-active-vs-active-passive.yaml,Active-Active vs Active-Passive Audit,reliability-resilience,03,high-availability,expert,active,partial,high,3 hours,true,false,false,false,No,No,No,Yes,Yes,Yes,Yes,Yes,Yes
reliability-resilience.high-availability.availability-sla,03-reliability-resilience/high-availability/availability-sla.yaml,Availability SLA Audit,reliability-resilience,03,high-availability,expert,active,partial,critical,3 hours,true,false,false,false,No,No,No,Yes,Yes,Yes,Yes,Yes,Yes
reliability-resilience.high-availability.health-check,03-reliability-resilience/high-availability/health-check.yaml,Health Check Audit,reliability-resilience,03,high-availability,expert,active,partial,high,2.5 hours,true,false,false,false,No,No,No,Yes,Yes,Yes,Yes,Yes,Yes
reliability-resilience.high-availability.load-balancer-configuration,03-reliability-resilience/high-availability/load-balancer-configuration.yaml,Load Balancer Configuration Audit,reliability-resilience,03,high-availability,expert,active,partial,high,2.5 hours,true,false,false,false,No,No,No,Yes,Yes,Yes,Yes,Yes,Yes
reliability-resilience.high-availability.multi-az-multi-region-deployment,03-reliability-resilience/high-availability/multi-az-multi-region-deployment.yaml,Multi-AZ/Multi-Region Deployment Audit,reliability-resilience,03,high-availability,expert,active,partial,critical,4 hours,true,false,false,false,No,No,No,Yes,Yes,Yes,Yes,Yes,Yes
reliability-resilience.high-availability.rolling-deployment,03-reliability-resilience/high-availability/rolling-deployment.yaml,Rolling Deployment Audit,reliability-resilience,03,high-availability,expert,active,partial,high,2 hours,false,false,false,false,No,No,No,Yes,Yes,Yes,Yes,Yes,Yes
reliability-resilience.high-availability.session-handling-during-failover,03-reliability-resilience/high-availability/session-handling-during-failover.yaml,Session Handling During Failover Audit,reliability-resilience,03,high-availability,expert,active,partial,high,2.5 hours,true,false,false,false,No,No,No,Yes,Yes,Yes,Yes,Yes,Yes
reliability-resilience.high-availability.stateless-design,03-reliability-resilience/high-availability/stateless-design.yaml,Stateless Design Audit,reliability-resilience,03,high-availability,expert,active,partial,high,3 hours,false,false,false,false,No,No,No,Yes,Yes,Yes,Yes,Yes,Yes
reliability-resilience.high-availability.uptime-monitoring,03-reliability-resilience/high-availability/uptime-monitoring.yaml,Uptime Monitoring Audit,reliability-resilience,03,high-availability,expert,active,partial,high,2 hours,true,false,false,false,No,No,No,Yes,Yes,Yes,Yes,Yes,Yes
reliability-resilience.high-availability.zero-downtime-deployment,03-reliability-resilience/high-availability/zero-downtime-deployment.yaml,Zero-Downtime Deployment Audit,reliability-resilience,03,high-availability,expert,active,partial,critical,3 hours,true,false,false,false,No,No,No,Yes,Yes,Yes,Yes,Yes,Yes
reliability-resilience.resilience-testing.blast-radius-verification,03-reliability-resilience/resilience-testing/blast-radius-verification.yaml,Blast Radius Verification Audit,reliability-resilience,03,resilience-testing,phd,active,partial,critical,3 hours,true,false,false,false,No,No,No,Yes,Yes,Yes,Yes,Yes,Yes
reliability-resilience.resilience-testing.cascading-failure-prevention,03-reliability-resilience/resilience-testing/cascading-failure-prevention.yaml,Cascading Failure Prevention Audit,reliability-resilience,03,resilience-testing,phd,active,partial,critical,5 hours,true,false,false,false,No,No,No,Yes,Yes,Yes,Yes,Yes,Yes
reliability-resilience.resilience-testing.dependency-failure-simulation,03-reliability-resilience/resilience-testing/dependency-failure-simulation.yaml,Dependency Failure Simulation Audit,reliability-resilience,03,resilience-testing,phd,active,partial,high,4 hours,true,false,false,false,No,No,No,Yes,Yes,Yes,Yes,Yes,Yes
reliability-resilience.resilience-testing.failure-mode-coverage,03-reliability-resilience/resilience-testing/failure-mode-coverage.yaml,Failure Mode Coverage Audit,reliability-resilience,03,resilience-testing,phd,active,partial,critical,4 hours,true,false,false,false,No,No,No,Yes,Yes,Yes,Yes,Yes,Yes
reliability-resilience.resilience-testing.network-partition-handling,03-reliability-resilience/resilience-testing/network-partition-handling.yaml,Network Partition Handling Audit,reliability-resilience,03,resilience-testing,phd,active,partial,critical,5 hours,true,false,false,false,No,No,No,Yes,Yes,Yes,Yes,Yes,Yes
reliability-resilience.resilience-testing.recovery-automation,03-reliability-resilience/resilience-testing/recovery-automation.yaml,Recovery Automation Audit,reliability-resilience,03,resilience-testing,phd,active,partial,high,4 hours,true,false,false,false,No,No,No,Yes,Yes,Yes,Yes,Yes,Yes
reliability-resilience.resilience-testing.resource-exhaustion-handling,03-reliability-resilience/resilience-testing/resource-exhaustion-handling.yaml,Resource Exhaustion Handling Audit,reliability-resilience,03,resilience-testing,phd,active,partial,high,4 hours,true,false,false,false,No,No,No,Yes,Yes,Yes,Yes,Yes,Yes
scalability-capacity.async-queue-scalability.backpressure-mechanism,04-scalability-capacity/async-queue-scalability/backpressure-mechanism.yaml,Backpressure Mechanism Audit,scalability-capacity,04,async-queue-scalability,phd,active,partial,critical,3 hours,true,false,false,false,No,No,No,Yes,Yes,Yes,Yes,Yes,Yes
scalability-capacity.async-queue-scalability.consumer-scaling,04-scalability-capacity/async-queue-scalability/consumer-scaling.yaml,Consumer Scaling Audit,scalability-capacity,04,async-queue-scalability,expert,active,partial,high,3 hours,true,false,false,false,No,No,No,Yes,Yes,Yes,Yes,Yes,Yes
scalability-capacity.async-queue-scalability.event-processing-scalability,04-scalability-capacity/async-queue-scalability/event-processing-scalability.yaml,Event Processing Scalability Audit,scalability-capacity,04,async-queue-scalability,phd,active,partial,high,4 hours,true,false,false,false,No,No,No,Yes,Yes,Yes,Yes,Yes,Yes
scalability-capacity.async-queue-scalability.partition-shard-key-design,04-scalability-capacity/async-queue-scalability/partition-shard-key-design.yaml,Partition/Shard Key Design Audit,scalability-capacity,04,async-queue-scalability,phd,active,partial,high,4 hours,true,false,false,false,No,No,No,Yes,Yes,Yes,Yes,Yes,Yes
scalability-capacity.async-queue-scalability.queue-depth-scaling,04-scalability-capacity/async-queue-scalability/queue-depth-scaling.yaml,Queue Depth Scaling Audit,scalability-capacity,04,async-queue-scalability,phd,active,partial,high,3 hours,true,false,false,false,No,No,No,Yes,Yes,Yes,Yes,Yes,Yes
scalability-capacity.capacity-planning.bottleneck-identification,04-scalability-capacity/capacity-planning/bottleneck-identification.yaml,Bottleneck Identification Audit,scalability-capacity,04,capacity-planning,expert,active,partial,high,5 hours,true,false,false,false,No,No,No,Yes,Yes,Yes,Yes,Yes,Yes
scalability-capacity.capacity-planning.capacity-model,04-scalability-capacity/capacity-planning/capacity-model.yaml,Capacity Model Audit,scalability-capacity,04,capacity-planning,expert,active,partial,high,6 hours,true,false,false,false,No,No,No,Yes,Yes,Yes,Yes,Yes,Yes
scalability-capacity.capacity-planning.cost-vs-capacity-tradeoff,04-scalability-capacity/capacity-planning/cost-vs-capacity-tradeoff.yaml,Cost vs Capacity Tradeoff Audit,scalability-capacity,04,capacity-planning,expert,active,partial,medium,5 hours,true,false,false,false,No,No,No,Yes,Yes,Yes,Yes,Yes,Yes
scalability-capacity.capacity-planning.growth-projection,04-scalability-capacity/capacity-planning/growth-projection.yaml,Growth Projection Audit,scalability-capacity,04,capacity-planning,expert,active,partial,high,4 hours,false,false,false,false,No,No,No,Yes,Yes,Yes,Yes,Yes,Yes
scalability-capacity.capacity-planning.headroom-analysis,04-scalability-capacity/capacity-planning/headroom-analysis.yaml,Headroom Analysis Audit,scalability-capacity,04,capacity-planning,expert,active,partial,high,3 hours,true,false,false,false,No,No,No,Yes,Yes,Yes,Yes,Yes,Yes
scalability-capacity.capacity-planning.lead-time,04-scalability-capacity/capacity-planning/lead-time.yaml,Lead Time Audit,scalability-capacity,04,capacity-planning,expert,active,partial,high,3 hours,false,false,false,false,No,No,No,Yes,Yes,Yes,Yes,Yes,Yes
scalability-capacity.capacity-planning.peak-load-analysis,04-scalability-capacity/capacity-planning/peak-load-analysis.yaml,Peak Load Analysis Audit,scalability-capacity,04,capacity-planning,expert,active,partial,high,4 hours,true,false,false,false,No,No,No,Yes,Yes,Yes,Yes,Yes,Yes
scalability-capacity.capacity-planning.seasonal-pattern,04-scalability-capacity/capacity-planning/seasonal-pattern.yaml,Seasonal Pattern Audit,scalability-capacity,04,capacity-planning,expert,active,partial,medium,4 hours,false,false,false,false,No,No,No,Yes,Yes,Yes,Yes,Yes,Yes
scalability-capacity.database-scalability.connection-scaling,04-scalability-capacity/database-scalability/connection-scaling.yaml,Connection Scaling Audit,scalability-capacity,04,database-scalability,phd,active,partial,high,2-3 hours,true,false,false,false,No,No,No,Yes,Yes,Yes,Yes,Yes,Yes
scalability-capacity.database-scalability.cross-shard-query,04-scalability-capacity/database-scalability/cross-shard-query.yaml,Cross-Shard Query Audit,scalability-capacity,04,database-scalability,phd,active,partial,high,3-4 hours,true,false,false,false,No,No,No,Yes,Yes,Yes,Yes,Yes,Yes
scalability-capacity.database-scalability.data-volume-projection,04-scalability-capacity/database-scalability/data-volume-projection.yaml,Data Volume Projection Audit,scalability-capacity,04,database-scalability,phd,active,partial,high,3-4 hours,true,false,false,false,No,No,No,Yes,Yes,Yes,Yes,Yes,Yes
scalability-capacity.database-scalability.partition-strategy,04-scalability-capacity/database-scalability/partition-strategy.yaml,Partition Strategy Audit,scalability-capacity,04,database-scalability,phd,active,partial,high,3-4 hours,true,false,false,false,No,No,No,Yes,Yes,Yes,Yes,Yes,Yes
scalability-capacity.database-scalability.query-scalability,04-scalability-capacity/database-scalability/query-scalability.yaml,Query Scalability Audit,scalability-capacity,04,database-scalability,phd,active,partial,high,4-6 hours,true,false,false,false,No,No,No,Yes,Yes,Yes,Yes,Yes,Yes
scalability-capacity.database-scalability.read-replica,04-scalability-capacity/database-scalability/read-replica.yaml,Read Replica Audit,scalability-capacity,04,database-scalability,phd,active,partial,high,3-4 hours,true,false,false,false,No,No,No,Yes,Yes,Yes,Yes,Yes,Yes
scalability-capacity.database-scalability.sharding-strategy,04-scalability-capacity/database-scalability/sharding-strategy.yaml,Sharding Strategy Audit,scalability-capacity,04,database-scalability,expert,active,partial,critical,4-6 hours,true,false,false,false,No,No,No,Yes,Yes,Yes,Yes,Yes,Yes
scalability-capacity.database-scalability.write-scaling,04-scalability-capacity/database-scalability/write-scaling.yaml,Write Scaling Audit,scalability-capacity,04,database-scalability,phd,active,partial,critical,4-5 hours,true,false,false,false,No,No,No,Yes,Yes,Yes,Yes,Yes,Yes
scalability-capacity.horizontal-scaling.auto-scaling-policy,04-scalability-capacity/horizontal-scaling/auto-scaling-policy.yaml,Auto-Scaling Policy Audit,scalability-capacity,04,horizontal-scaling,expert,active,partial,high,3 hours,true,false,false,false,No,No,No,Yes,Yes,Yes,Yes,Yes,Yes
scalability-capacity.horizontal-scaling.instance-homogeneity,04-scalability-capacity/horizontal-scaling/instance-homogeneity.yaml,Instance Homogeneity Audit,scalability-capacity,04,horizontal-scaling,expert,active,partial,medium,2 hours,true,false,false,false,No,No,No,Yes,Yes,Yes,Yes,Yes,Yes
scalability-capacity.horizontal-scaling.scale-in-behavior,04-scalability-capacity/horizontal-scaling/scale-in-behavior.yaml,Scale-In Behavior Audit,scalability-capacity,04,horizontal-scaling,expert,active,partial,high,2 hours,true,false,false,false,No,No,No,Yes,Yes,Yes,Yes,Yes,Yes
scalability-capacity.horizontal-scaling.scale-out-speed,04-scalability-capacity/horizontal-scaling/scale-out-speed.yaml,Scale-Out Speed Audit,scalability-capacity,04,horizontal-scaling,expert,active,partial,high,3 hours,true,false,false,false,No,No,No,Yes,Yes,Yes,Yes,Yes,Yes
scalability-capacity.horizontal-scaling.service-discovery,04-scalability-capacity/horizontal-scaling/service-discovery.yaml,Service Discovery Audit,scalability-capacity,04,horizontal-scaling,expert,active,partial,high,2 hours,false,false,false,false,No,No,No,Yes,Yes,Yes,Yes,Yes,Yes
scalability-capacity.horizontal-scaling.session-externalization,04-scalability-capacity/horizontal-scaling/session-externalization.yaml,Session Externalization Audit,scalability-capacity,04,horizontal-scaling,expert,active,partial,high,2 hours,false,false,false,false,No,No,No,Yes,Yes,Yes,Yes,Yes,Yes
scalability-capacity.horizontal-scaling.shared-state-management,04-scalability-capacity/horizontal-scaling/shared-state-management.yaml,Shared State Management Audit,scalability-capacity,04,horizontal-scaling,expert,active,partial,critical,4 hours,false,false,false,false,No,No,No,Yes,Yes,Yes,Yes,Yes,Yes
scalability-capacity.horizontal-scaling.stateless-design,04-scalability-capacity/horizontal-scaling/stateless-design.yaml,Stateless Design Audit,scalability-capacity,04,horizontal-scaling,expert,active,partial,critical,3 hours,false,false,false,false,No,No,No,Yes,Yes,Yes,Yes,Yes,Yes
scalability-capacity.load-distribution.connection-draining,04-scalability-capacity/load-distribution/connection-draining.yaml,Connection Draining Audit,scalability-capacity,04,load-distribution,expert,active,partial,medium,2 hours,true,false,false,false,No,No,No,Yes,Yes,Yes,Yes,Yes,Yes
scalability-capacity.load-distribution.cross-zone-balancing,04-scalability-capacity/load-distribution/cross-zone-balancing.yaml,Cross-Zone Balancing Audit,scalability-capacity,04,load-distribution,expert,active,partial,high,3 hours,true,false,false,false,No,No,No,Yes,Yes,Yes,Yes,Yes,Yes
scalability-capacity.load-distribution.geographic-load-distribution,04-scalability-capacity/load-distribution/geographic-load-distribution.yaml,Geographic Load Distribution Audit,scalability-capacity,04,load-distribution,expert,active,partial,high,4 hours,true,false,false,false,No,No,No,Yes,Yes,Yes,Yes,Yes,Yes
scalability-capacity.load-distribution.hot-spot-detection,04-scalability-capacity/load-distribution/hot-spot-detection.yaml,Hot Spot Detection Audit,scalability-capacity,04,load-distribution,expert,active,partial,high,4 hours,true,false,false,false,No,No,No,Yes,Yes,Yes,Yes,Yes,Yes
scalability-capacity.load-distribution.load-balancing-algorithm,04-scalability-capacity/load-distribution/load-balancing-algorithm.yaml,Load Balancing Algorithm Audit,scalability-capacity,04,load-distribution,expert,active,partial,high,3 hours,true,false,false,false,No,No,No,Yes,Yes,Yes,Yes,Yes,Yes
scalability-capacity.load-distribution.sticky-session-impact,04-scalability-capacity/load-distribution/sticky-session-impact.yaml,Sticky Session Impact Audit,scalability-capacity,04,load-distribution,expert,active,partial,medium,3 hours,true,false,false,false,No,No,No,Yes,Yes,Yes,Yes,Yes,Yes
scalability-capacity.load-distribution.traffic-distribution,04-scalability-capacity/load-distribution/traffic-distribution.yaml,Traffic Distribution Audit,scalability-capacity,04,load-distribution,expert,active,partial,high,4 hours,true,false,false,false,No,No,No,Yes,Yes,Yes,Yes,Yes,Yes
scalability-capacity.serverless-edge-scaling.cold-start-impact,04-scalability-capacity/serverless-edge-scaling/cold-start-impact.yaml,Cold Start Impact Audit,scalability-capacity,04,serverless-edge-scaling,expert,active,partial,high,3 hours,true,false,false,false,No,No,No,Yes,Yes,Yes,Yes,Yes,Yes
scalability-capacity.serverless-edge-scaling.concurrency-limits,04-scalability-capacity/serverless-edge-scaling/concurrency-limits.yaml,Concurrency Limits Audit,scalability-capacity,04,serverless-edge-scaling,expert,active,partial,high,2 hours,true,false,false,false,No,No,No,Yes,Yes,Yes,Yes,Yes,Yes
scalability-capacity.serverless-edge-scaling.edge-cache-scalability,04-scalability-capacity/serverless-edge-scaling/edge-cache-scalability.yaml,Edge Cache Scalability Audit,scalability-capacity,04,serverless-edge-scaling,expert,active,partial,high,3 hours,true,false,false,false,No,No,No,Yes,Yes,Yes,Yes,Yes,Yes
scalability-capacity.serverless-edge-scaling.function-timeout,04-scalability-capacity/serverless-edge-scaling/function-timeout.yaml,Function Timeout Audit,scalability-capacity,04,serverless-edge-scaling,expert,active,partial,high,2 hours,true,false,false,false,No,No,No,Yes,Yes,Yes,Yes,Yes,Yes
scalability-capacity.serverless-edge-scaling.provisioned-capacity,04-scalability-capacity/serverless-edge-scaling/provisioned-capacity.yaml,Provisioned Capacity Audit,scalability-capacity,04,serverless-edge-scaling,expert,active,partial,high,3 hours,true,false,false,false,No,No,No,Yes,Yes,Yes,Yes,Yes,Yes
scalability-capacity.vertical-scaling.burst-capacity,04-scalability-capacity/vertical-scaling/burst-capacity.yaml,Burst Capacity Audit,scalability-capacity,04,vertical-scaling,expert,active,partial,high,2 hours,true,false,false,false,No,No,No,Yes,Yes,Yes,Yes,Yes,Yes
scalability-capacity.vertical-scaling.cpu-scaling-limits,04-scalability-capacity/vertical-scaling/cpu-scaling-limits.yaml,CPU Scaling Limits Audit,scalability-capacity,04,vertical-scaling,expert,active,partial,high,2 hours,true,false,false,false,No,No,No,Yes,Yes,Yes,Yes,Yes,Yes
scalability-capacity.vertical-scaling.instance-size-optimization,04-scalability-capacity/vertical-scaling/instance-size-optimization.yaml,Instance Size Optimization Audit,scalability-capacity,04,vertical-scaling,expert,active,partial,medium,3 hours,true,false,false,false,No,No,No,Yes,Yes,Yes,Yes,Yes,Yes
scalability-capacity.vertical-scaling.memory-scaling-limits,04-scalability-capacity/vertical-scaling/memory-scaling-limits.yaml,Memory Scaling Limits Audit,scalability-capacity,04,vertical-scaling,expert,active,partial,high,2 hours,true,false,false,false,No,No,No,Yes,Yes,Yes,Yes,Yes,Yes
scalability-capacity.vertical-scaling.oversizing-rightsizing,04-scalability-capacity/vertical-scaling/oversizing-rightsizing.yaml,Oversizing/Rightsizing Audit,scalability-capacity,04,vertical-scaling,expert,active,partial,medium,3 hours,true,false,false,false,No,No,No,Yes,Yes,Yes,Yes,Yes,Yes
scalability-capacity.vertical-scaling.resource-ceiling,04-scalability-capacity/vertical-scaling/resource-ceiling.yaml,Resource Ceiling Audit,scalability-capacity,04,vertical-scaling,expert,active,partial,high,2 hours,true,false,false,false,No,No,No,Yes,Yes,Yes,Yes,Yes,Yes
scalability-capacity.vertical-scaling.storage-scaling-limits,04-scalability-capacity/vertical-scaling/storage-scaling-limits.yaml,Storage Scaling Limits Audit,scalability-capacity,04,vertical-scaling,expert,active,partial,high,2 hours,true,false,false,false,No,No,No,Yes,Yes,Yes,Yes,Yes,Yes
observability-instrumentation.alerting.alert-escalation,05-observability-instrumentation/alerting/alert-escalation.yaml,Alert Escalation Audit,observability-instrumentation,05,alerting,expert,active,partial,high,1.5 hours,true,false,false,false,No,No,No,Yes,Yes,Yes,Yes,Yes,Yes
observability-instrumentation.alerting.alert-fatigue,05-observability-instrumentation/alerting/alert-fatigue.yaml,Alert Fatigue Audit,observability-instrumentation,05,alerting,expert,active,partial,high,2 hours,true,false,false,false,No,No,No,Yes,Yes,Yes,Yes,Yes,Yes
observability-instrumentation.alerting.alert-routing,05-observability-instrumentation/alerting/alert-routing.yaml,Alert Routing Audit,observability-instrumentation,05,alerting,expert,active,partial,high,1.5 hours,true,false,false,false,No,No,No,Yes,Yes,Yes,Yes,Yes,Yes
observability-instrumentation.alerting.alert-runbook-linking,05-observability-instrumentation/alerting/alert-runbook-linking.yaml,Alert Runbook Linking Audit,observability-instrumentation,05,alerting,expert,active,partial,medium,1.5 hours,true,false,false,false,No,No,No,Yes,Yes,Yes,Yes,Yes,Yes
observability-instrumentation.alerting.alert-silence,05-observability-instrumentation/alerting/alert-silence.yaml,Alert Silence Audit,observability-instrumentation,05,alerting,expert,active,full,medium,1 hour,true,false,false,false,No,No,No,Yes,Yes,Yes,Yes,Yes,Yes
observability-instrumentation.alerting.alert-slo-alignment,05-observability-instrumentation/alerting/alert-slo-alignment.yaml,Alert SLO Alignment Audit,observability-instrumentation,05,alerting,expert,active,partial,high,2 hours,true,false,false,false,No,No,No,Yes,Yes,Yes,Yes,Yes,Yes
observability-instrumentation.alerting.alert-threshold,05-observability-instrumentation/alerting/alert-threshold.yaml,Alert Threshold Audit,observability-instrumentation,05,alerting,expert,active,partial,high,2 hours,true,false,false,false,No,No,No,Yes,Yes,Yes,Yes,Yes,Yes
observability-instrumentation.alerting.anomaly-detection,05-observability-instrumentation/alerting/anomaly-detection.yaml,Anomaly Detection Audit,observability-instrumentation,05,alerting,expert,active,partial,medium,2.5 hours,true,false,false,false,No,No,No,Yes,Yes,Yes,Yes,Yes,Yes
observability-instrumentation.alerting.composite-alert,05-observability-instrumentation/alerting/composite-alert.yaml,Composite Alert Audit,observability-instrumentation,05,alerting,expert,active,partial,medium,2 hours,true,false,false,false,No,No,No,Yes,Yes,Yes,Yes,Yes,Yes
observability-instrumentation.debug-troubleshooting.debug-logging,05-observability-instrumentation/debug-troubleshooting/debug-logging.yaml,Debug Logging Audit,observability-instrumentation,05,debug-troubleshooting,expert,active,partial,high,2-3 hours,true,false,false,false,No,No,No,Yes,Yes,Yes,Yes,Yes,Yes
observability-instrumentation.debug-troubleshooting.feature-flag-debug,05-observability-instrumentation/debug-troubleshooting/feature-flag-debug.yaml,Feature Flag Debug Audit,observability-instrumentation,05,debug-troubleshooting,expert,active,partial,medium,1-2 hours,true,false,false,false,No,No,No,Yes,Yes,Yes,Yes,Yes,Yes
observability-instrumentation.debug-troubleshooting.heap-dump-capability,05-observability-instrumentation/debug-troubleshooting/heap-dump-capability.yaml,Heap Dump Capability Audit,observability-instrumentation,05,debug-troubleshooting,phd,active,partial,high,1-2 hours,true,false,false,false,No,No,No,Yes,Yes,Yes,Yes,Yes,Yes
observability-instrumentation.debug-troubleshooting.profiling-capability,05-observability-instrumentation/debug-troubleshooting/profiling-capability.yaml,Profiling Capability Audit,observability-instrumentation,05,debug-troubleshooting,phd,active,partial,high,2-3 hours,true,false,false,false,No,No,No,Yes,Yes,Yes,Yes,Yes,Yes
observability-instrumentation.debug-troubleshooting.remote-debugging,05-observability-instrumentation/debug-troubleshooting/remote-debugging.yaml,Remote Debugging Audit,observability-instrumentation,05,debug-troubleshooting,phd,active,partial,high,1-2 hours,true,false,false,false,No,No,No,Yes,Yes,Yes,Yes,Yes,Yes
observability-instrumentation.debug-troubleshooting.replay-capability,05-observability-instrumentation/debug-troubleshooting/replay-capability.yaml,Replay Capability Audit,observability-instrumentation,05,debug-troubleshooting,phd,active,partial,medium,2-3 hours,true,false,false,false,No,No,No,Yes,Yes,Yes,Yes,Yes,Yes
observability-instrumentation.debug-troubleshooting.thread-dump-capability,05-observability-instrumentation/debug-troubleshooting/thread-dump-capability.yaml,Thread Dump Capability Audit,observability-instrumentation,05,debug-troubleshooting,expert,active,partial,high,1-2 hours,true,false,false,false,No,No,No,Yes,Yes,Yes,Yes,Yes,Yes
observability-instrumentation.distributed-tracing.critical-path-analysis,05-observability-instrumentation/distributed-tracing/critical-path-analysis.yaml,Critical Path Analysis Audit,observability-instrumentation,05,distributed-tracing,expert,active,partial,high,2 hours,true,false,false,false,No,No,No,Yes,Yes,Yes,Yes,Yes,Yes
observability-instrumentation.distributed-tracing.service-map-accuracy,05-observability-instrumentation/distributed-tracing/service-map-accuracy.yaml,Service Map Accuracy Audit,observability-instrumentation,05,distributed-tracing,expert,active,partial,medium,1.5 hours,true,false,false,false,No,No,No,Yes,Yes,Yes,Yes,Yes,Yes
observability-instrumentation.distributed-tracing.span-context-propagation,05-observability-instrumentation/distributed-tracing/span-context-propagation.yaml,Span Context Propagation Audit,observability-instrumentation,05,distributed-tracing,expert,active,partial,high,2 hours,true,false,false,false,No,No,No,Yes,Yes,Yes,Yes,Yes,Yes
observability-instrumentation.distributed-tracing.trace-coverage,05-observability-instrumentation/distributed-tracing/trace-coverage.yaml,Trace Coverage Audit,observability-instrumentation,05,distributed-tracing,expert,active,partial,high,2 hours,true,false,false,false,No,No,No,Yes,Yes,Yes,Yes,Yes,Yes
observability-instrumentation.distributed-tracing.trace-error-flagging,05-observability-instrumentation/distributed-tracing/trace-error-flagging.yaml,Trace Error Flagging Audit,observability-instrumentation,05,distributed-tracing,expert,active,partial,high,1.5 hours,true,false,false,false,No,No,No,Yes,Yes,Yes,Yes,Yes,Yes
observability-instrumentation.distributed-tracing.trace-latency-attribution,05-observability-instrumentation/distributed-tracing/trace-latency-attribution.yaml,Trace Latency Attribution Audit,observability-instrumentation,05,distributed-tracing,expert,active,partial,high,2.5 hours,true,false,false,false,No,No,No,Yes,Yes,Yes,Yes,Yes,Yes
observability-instrumentation.distributed-tracing.trace-retention,05-observability-instrumentation/distributed-tracing/trace-retention.yaml,Trace Retention Audit,observability-instrumentation,05,distributed-tracing,expert,active,full,medium,1 hour,true,false,false,false,No,No,No,Yes,Yes,Yes,Yes,Yes,Yes
observability-instrumentation.distributed-tracing.trace-sampling,05-observability-instrumentation/distributed-tracing/trace-sampling.yaml,Trace Sampling Audit,observability-instrumentation,05,distributed-tracing,expert,active,partial,high,1.5 hours,true,false,false,false,No,No,No,Yes,Yes,Yes,Yes,Yes,Yes
observability-instrumentation.distributed-tracing.trace-storage-cost,05-observability-instrumentation/distributed-tracing/trace-storage-cost.yaml,Trace Storage Cost Audit,observability-instrumentation,05,distributed-tracing,expert,active,partial,medium,1.5 hours,true,false,false,false,No,No,No,Yes,Yes,Yes,Yes,Yes,Yes
observability-instrumentation.logging.correlation-id,05-observability-instrumentation/logging/correlation-id.yaml,Correlation ID Audit,observability-instrumentation,05,logging,expert,active,partial,high,45 minutes,false,false,false,false,No,No,No,Yes,Yes,Yes,Yes,Yes,Yes
observability-instrumentation.logging.log-aggregation,05-observability-instrumentation/logging/log-aggregation.yaml,Log Aggregation Audit,observability-instrumentation,05,logging,phd,active,partial,high,1.5 hours,true,false,false,false,No,No,No,Yes,Yes,Yes,Yes,Yes,Yes
observability-instrumentation.logging.log-format-consistency,05-observability-instrumentation/logging/log-format-consistency.yaml,Log Format Consistency Audit,observability-instrumentation,05,logging,expert,active,partial,medium,45 minutes,false,false,false,false,No,No,No,Yes,Yes,Yes,Yes,Yes,Yes
observability-instrumentation.logging.log-level-configuration,05-observability-instrumentation/logging/log-level-configuration.yaml,Log Level Configuration Audit,observability-instrumentation,05,logging,expert,active,partial,medium,45 minutes,false,false,false,false,No,No,No,Yes,Yes,Yes,Yes,Yes,Yes
observability-instrumentation.logging.log-query-performance,05-observability-instrumentation/logging/log-query-performance.yaml,Log Query Performance Audit,observability-instrumentation,05,logging,expert,active,partial,medium,1 hour,true,false,false,false,No,No,No,Yes,Yes,Yes,Yes,Yes,Yes
observability-instrumentation.logging.log-retention,05-observability-instrumentation/logging/log-retention.yaml,Log Retention Audit,observability-instrumentation,05,logging,expert,active,partial,high,45 minutes,false,false,false,false,No,No,No,Yes,Yes,Yes,Yes,Yes,Yes
observability-instrumentation.logging.log-sampling,05-observability-instrumentation/logging/log-sampling.yaml,Log Sampling Audit,observability-instrumentation,05,logging,expert,active,partial,medium,1 hour,false,false,false,false,No,No,No,Yes,Yes,Yes,Yes,Yes,Yes
observability-instrumentation.logging.log-storage-cost,05-observability-instrumentation/logging/log-storage-cost.yaml,Log Storage Cost Audit,observability-instrumentation,05,logging,expert,active,partial,medium,1 hour,true,false,false,false,No,No,No,Yes,Yes,Yes,Yes,Yes,Yes
observability-instrumentation.logging.sensitive-data-in-logs,05-observability-instrumentation/logging/sensitive-data-in-logs.yaml,Sensitive Data in Logs Audit,observability-instrumentation,05,logging,phd,active,partial,critical,1.5 hours,false,false,false,false,No,No,No,Yes,Yes,Yes,Yes,Yes,Yes
observability-instrumentation.logging.structured-logging,05-observability-instrumentation/logging/structured-logging.yaml,Structured Logging Audit,observability-instrumentation,05,logging,expert,active,partial,high,1 hour,false,false,false,false,No,No,No,Yes,Yes,Yes,Yes,Yes,Yes
observability-instrumentation.metrics.business-metric,05-observability-instrumentation/metrics/business-metric.yaml,Business Metric Audit,observability-instrumentation,05,metrics,phd,active,partial,high,4 hours,true,false,false,false,No,No,No,Yes,Yes,Yes,Yes,Yes,Yes
observability-instrumentation.metrics.custom-metric-coverage,05-observability-instrumentation/metrics/custom-metric-coverage.yaml,Custom Metric Coverage Audit,observability-instrumentation,05,metrics,expert,active,partial,medium,4 hours,true,false,false,false,No,No,No,Yes,Yes,Yes,Yes,Yes,Yes
observability-instrumentation.metrics.four-golden-signals,05-observability-instrumentation/metrics/four-golden-signals.yaml,Four Golden Signals Audit,observability-instrumentation,05,metrics,phd,active,partial,high,3 hours,true,false,false,false,No,No,No,Yes,Yes,Yes,Yes,Yes,Yes
observability-instrumentation.metrics.histogram-vs-summary,05-observability-instrumentation/metrics/histogram-vs-summary.yaml,Histogram vs Summary Audit,observability-instrumentation,05,metrics,expert,active,partial,medium,3 hours,true,false,false,false,No,No,No,Yes,Yes,Yes,Yes,Yes,Yes
observability-instrumentation.metrics.metric-aggregation,05-observability-instrumentation/metrics/metric-aggregation.yaml,Metric Aggregation Audit,observability-instrumentation,05,metrics,expert,active,partial,medium,3 hours,true,false,false,false,No,No,No,Yes,Yes,Yes,Yes,Yes,Yes
observability-instrumentation.metrics.metric-cardinality,05-observability-instrumentation/metrics/metric-cardinality.yaml,Metric Cardinality Audit,observability-instrumentation,05,metrics,phd,active,partial,high,4 hours,true,false,false,false,No,No,No,Yes,Yes,Yes,Yes,Yes,Yes
observability-instrumentation.metrics.metric-label-design,05-observability-instrumentation/metrics/metric-label-design.yaml,Metric Label Design Audit,observability-instrumentation,05,metrics,expert,active,partial,high,3 hours,true,false,false,false,No,No,No,Yes,Yes,Yes,Yes,Yes,Yes
observability-instrumentation.metrics.metric-naming-convention,05-observability-instrumentation/metrics/metric-naming-convention.yaml,Metric Naming Convention Audit,observability-instrumentation,05,metrics,expert,active,yes,medium,2 hours,false,false,false,false,No,No,No,Yes,Yes,Yes,Yes,Yes,Yes
observability-instrumentation.metrics.metric-retention,05-observability-instrumentation/metrics/metric-retention.yaml,Metric Retention Audit,observability-instrumentation,05,metrics,phd,active,partial,medium,3 hours,true,false,false,false,No,No,No,Yes,Yes,Yes,Yes,Yes,Yes
observability-instrumentation.metrics.sli-definition,05-observability-instrumentation/metrics/sli-definition.yaml,SLI Definition Audit,observability-instrumentation,05,metrics,phd,active,partial,critical,4 hours,true,false,false,false,No,No,No,Yes,Yes,Yes,Yes,Yes,Yes
observability-instrumentation.observability-operations.cross-team-observability,05-observability-instrumentation/observability-operations/cross-team-observability.yaml,Cross-Team Observability Audit,observability-instrumentation,05,observability-operations,phd,active,manual,medium,3-4 hours,false,false,false,false,No,No,No,Yes,Yes,Yes,Yes,Yes,Yes
observability-instrumentation.observability-operations.data-pipeline-reliability,05-observability-instrumentation/observability-operations/data-pipeline-reliability.yaml,Data Pipeline Reliability Audit,observability-instrumentation,05,observability-operations,phd,active,partial,critical,3-5 hours,true,false,false,false,No,No,No,Yes,Yes,Yes,Yes,Yes,Yes
observability-instrumentation.observability-operations.observability-as-code,05-observability-instrumentation/observability-operations/observability-as-code.yaml,Observability as Code Audit,observability-instrumentation,05,observability-operations,phd,active,partial,medium,3-5 hours,false,false,false,false,No,No,No,Yes,Yes,Yes,Yes,Yes,Yes
observability-instrumentation.observability-operations.observability-cost,05-observability-instrumentation/observability-operations/observability-cost.yaml,Observability Cost Audit,observability-instrumentation,05,observability-operations,phd,active,partial,high,4-6 hours,true,false,false,false,No,No,No,Yes,Yes,Yes,Yes,Yes,Yes
observability-instrumentation.observability-operations.observability-onboarding,05-observability-instrumentation/observability-operations/observability-onboarding.yaml,Observability Onboarding Audit,observability-instrumentation,05,observability-operations,phd,active,manual,medium,2-3 hours,false,false,false,false,No,No,No,Yes,Yes,Yes,Yes,Yes,Yes
observability-instrumentation.observability-operations.observability-tool-sprawl,05-observability-instrumentation/observability-operations/observability-tool-sprawl.yaml,Observability Tool Sprawl Audit,observability-instrumentation,05,observability-operations,phd,active,partial,medium,3-4 hours,false,false,false,false,No,No,No,Yes,Yes,Yes,Yes,Yes,Yes
observability-instrumentation.observability-operations.opentelemetry-adoption,05-observability-instrumentation/observability-operations/opentelemetry-adoption.yaml,OpenTelemetry Adoption Audit,observability-instrumentation,05,observability-operations,phd,active,partial,medium,4-6 hours,false,false,false,false,No,No,No,Yes,Yes,Yes,Yes,Yes,Yes
observability-instrumentation.visualization-dashboards.capacity-dashboard,05-observability-instrumentation/visualization-dashboards/capacity-dashboard.yaml,Capacity Dashboard Audit,observability-instrumentation,05,visualization-dashboards,expert,active,partial,high,2-3 hours,true,false,false,false,No,No,No,Yes,Yes,Yes,Yes,Yes,Yes
observability-instrumentation.visualization-dashboards.dashboard-accessibility,05-observability-instrumentation/visualization-dashboards/dashboard-accessibility.yaml,Dashboard Accessibility Audit,observability-instrumentation,05,visualization-dashboards,expert,active,partial,medium,2-3 hours,true,false,false,false,No,No,No,Yes,Yes,Yes,Yes,Yes,Yes
observability-instrumentation.visualization-dashboards.dashboard-coverage,05-observability-instrumentation/visualization-dashboards/dashboard-coverage.yaml,Dashboard Coverage Audit,observability-instrumentation,05,visualization-dashboards,expert,active,partial,high,2-3 hours,true,false,false,false,No,No,No,Yes,Yes,Yes,Yes,Yes,Yes
observability-instrumentation.visualization-dashboards.dashboard-performance,05-observability-instrumentation/visualization-dashboards/dashboard-performance.yaml,Dashboard Performance Audit,observability-instrumentation,05,visualization-dashboards,expert,active,partial,medium,2-3 hours,true,false,false,false,No,No,No,Yes,Yes,Yes,Yes,Yes,Yes
observability-instrumentation.visualization-dashboards.executive-dashboard,05-observability-instrumentation/visualization-dashboards/executive-dashboard.yaml,Executive Dashboard Audit,observability-instrumentation,05,visualization-dashboards,expert,active,partial,medium,2-3 hours,true,false,false,false,No,No,No,Yes,Yes,Yes,Yes,Yes,Yes
observability-instrumentation.visualization-dashboards.incident-dashboard,05-observability-instrumentation/visualization-dashboards/incident-dashboard.yaml,Incident Dashboard Audit,observability-instrumentation,05,visualization-dashboards,expert,active,partial,critical,2-3 hours,true,false,false,false,No,No,No,Yes,Yes,Yes,Yes,Yes,Yes
observability-instrumentation.visualization-dashboards.service-health-dashboard,05-observability-instrumentation/visualization-dashboards/service-health-dashboard.yaml,Service Health Dashboard Audit,observability-instrumentation,05,visualization-dashboards,expert,active,partial,high,2-3 hours,true,false,false,false,No,No,No,Yes,Yes,Yes,Yes,Yes,Yes
observability-instrumentation.visualization-dashboards.time-series-visualization,05-observability-instrumentation/visualization-dashboards/time-series-visualization.yaml,Time Series Visualization Audit,observability-instrumentation,05,visualization-dashboards,expert,active,partial,medium,2-3 hours,true,false,false,false,No,No,No,Yes,Yes,Yes,Yes,Yes,Yes
code-quality.code-review.approval-requirements,06-code-quality/code-review/approval-requirements.yaml,Approval Requirements Audit,code-quality,06,code-review,expert,active,full,high,30 minutes,false,false,false,false,No,No,No,Yes,Yes,Yes,Yes,No,No
code-quality.code-review.automated-review,06-code-quality/code-review/automated-review.yaml,Automated Code Review Audit,code-quality,06,code-review,expert,active,full,medium,45 minutes,false,false,false,false,No,No,No,Yes,Yes,Yes,Yes,No,No
code-quality.code-review.codeowner-coverage,06-code-quality/code-review/codeowner-coverage.yaml,Code Owner Coverage Audit,code-quality,06,code-review,expert,active,full,medium,30 minutes,false,false,false,false,No,No,No,Yes,Yes,Yes,Yes,No,No
code-quality.code-review.pr-review-coverage,06-code-quality/code-review/pr-review-coverage.yaml,Pull Request Review Coverage Audit,code-quality,06,code-review,expert,active,full,high,45 minutes,false,false,false,false,No,No,No,Yes,Yes,Yes,Yes,No,No
code-quality.code-review.review-checklist,06-code-quality/code-review/review-checklist.yaml,Review Checklist Audit,code-quality,06,code-review,expert,active,full,medium,30 minutes,false,false,false,false,No,No,No,Yes,Yes,Yes,Yes,No,No
code-quality.code-review.review-depth,06-code-quality/code-review/review-depth.yaml,Code Review Depth Audit,code-quality,06,code-review,expert,active,partial,high,45 minutes,false,false,false,false,No,No,No,Yes,Yes,Yes,Yes,No,No
code-quality.code-review.review-feedback-quality,06-code-quality/code-review/review-feedback-quality.yaml,Review Feedback Quality Audit,code-quality,06,code-review,expert,active,partial,medium,1 hour,false,false,false,false,No,No,No,Yes,Yes,Yes,Yes,No,No
code-quality.code-review.review-metrics,06-code-quality/code-review/review-metrics.yaml,Review Metrics Audit,code-quality,06,code-review,expert,active,full,medium,45 minutes,false,false,false,false,No,No,No,Yes,Yes,Yes,Yes,No,No
code-quality.code-review.review-turnaround-time,06-code-quality/code-review/review-turnaround-time.yaml,Code Review Turnaround Time Audit,code-quality,06,code-review,expert,active,full,medium,30 minutes,false,false,false,false,No,No,No,Yes,Yes,Yes,Yes,No,No
code-quality.code-review.reviewer-distribution,06-code-quality/code-review/reviewer-distribution.yaml,Reviewer Distribution Audit,code-quality,06,code-review,expert,active,full,medium,30 minutes,false,false,false,false,No,No,No,Yes,Yes,Yes,Yes,No,No
code-quality.code-smells.data-clump,06-code-quality/code-smells/data-clump.yaml,Data Clump Detection Audit,code-quality,06,code-smells,expert,active,partial,medium,40 minutes,false,false,false,false,No,No,No,Yes,Yes,Yes,Yes,No,No
code-quality.code-smells.feature-envy,06-code-quality/code-smells/feature-envy.yaml,Feature Envy Detection Audit,code-quality,06,code-smells,expert,active,partial,medium,45 minutes,false,false,false,false,No,No,No,Yes,Yes,Yes,Yes,No,No
code-quality.code-smells.god-class,06-code-quality/code-smells/god-class.yaml,God Class Detection Audit,code-quality,06,code-smells,expert,active,partial,high,45 minutes,false,false,false,false,No,No,No,Yes,Yes,Yes,Yes,No,No
code-quality.code-smells.inappropriate-intimacy,06-code-quality/code-smells/inappropriate-intimacy.yaml,Inappropriate Intimacy Detection Audit,code-quality,06,code-smells,expert,active,partial,high,45 minutes,false,false,false,false,No,No,No,Yes,Yes,Yes,Yes,No,No
code-quality.code-smells.long-parameter-list,06-code-quality/code-smells/long-parameter-list.yaml,Long Parameter List Detection Audit,code-quality,06,code-smells,expert,active,full,medium,30 minutes,false,false,false,false,No,No,No,Yes,Yes,Yes,Yes,No,No
code-quality.code-smells.primitive-obsession,06-code-quality/code-smells/primitive-obsession.yaml,Primitive Obsession Detection Audit,code-quality,06,code-smells,expert,active,partial,medium,40 minutes,false,false,false,false,No,No,No,Yes,Yes,Yes,Yes,No,No
code-quality.code-smells.refused-bequest,06-code-quality/code-smells/refused-bequest.yaml,Refused Bequest Detection Audit,code-quality,06,code-smells,expert,active,partial,medium,40 minutes,false,false,false,false,No,No,No,Yes,Yes,Yes,Yes,No,No
code-quality.code-smells.speculative-generality,06-code-quality/code-smells/speculative-generality.yaml,Speculative Generality Detection Audit,code-quality,06,code-smells,expert,active,partial,medium,40 minutes,false,false,false,false,No,No,No,Yes,Yes,Yes,Yes,No,No
code-quality.dead-code.commented-out-code,06-code-quality/dead-code/commented-out-code.yaml,Commented-Out Code Detection Audit,code-quality,06,dead-code,expert,active,partial,medium,30 minutes,false,false,false,false,No,No,No,Yes,Yes,Yes,Yes,No,No
code-quality.dead-code.stale-feature-flag,06-code-quality/dead-code/stale-feature-flag.yaml,Stale Feature Flag Detection Audit,code-quality,06,dead-code,expert,active,partial,high,60 minutes,false,false,false,false,No,No,No,Yes,Yes,Yes,Yes,No,No
code-quality.dead-code.todo-fixme,06-code-quality/dead-code/todo-fixme.yaml,TODO/FIXME Comment Detection Audit,code-quality,06,dead-code,expert,active,full,medium,25 minutes,false,false,false,false,No,No,No,Yes,Yes,Yes,Yes,No,No
code-quality.dead-code.unreachable-code,06-code-quality/dead-code/unreachable-code.yaml,Unreachable Code Detection Audit,code-quality,06,dead-code,expert,active,full,high,30 minutes,false,false,false,false,No,No,No,Yes,Yes,Yes,Yes,No,No
code-quality.dead-code.unused-function-method,06-code-quality/dead-code/unused-function-method.yaml,Unused Function and Method Detection Audit,code-quality,06,dead-code,expert,active,partial,high,45 minutes,false,false,false,false,No,No,No,Yes,Yes,Yes,Yes,No,No
code-quality.dead-code.unused-import,06-code-quality/dead-code/unused-import.yaml,Unused Import Detection Audit,code-quality,06,dead-code,expert,active,full,medium,20 minutes,false,false,false,false,No,No,No,Yes,Yes,Yes,Yes,No,No
code-quality.dead-code.unused-variable,06-code-quality/dead-code/unused-variable.yaml,Unused Variable Detection Audit,code-quality,06,dead-code,expert,active,full,medium,25 minutes,false,false,false,false,No,No,No,Yes,Yes,Yes,Yes,No,No
code-quality.documentation.api-documentation,06-code-quality/documentation/api-documentation.yaml,API Documentation Audit,code-quality,06,documentation,expert,active,partial,high,2 hours,false,false,false,false,No,No,No,Yes,Yes,Yes,Yes,No,No
code-quality.documentation.architecture-documentation,06-code-quality/documentation/architecture-documentation.yaml,Architecture Documentation Audit,code-quality,06,documentation,expert,active,partial,high,2 hours,false,false,false,false,No,No,No,Yes,Yes,Yes,Yes,No,No
code-quality.documentation.changelog-maintenance,06-code-quality/documentation/changelog-maintenance.yaml,Changelog Maintenance Audit,code-quality,06,documentation,expert,active,partial,medium,1 hour,false,false,false,false,No,No,No,Yes,Yes,Yes,Yes,No,No
code-quality.documentation.code-documentation,06-code-quality/documentation/code-documentation.yaml,Code Documentation Audit,code-quality,06,documentation,expert,active,partial,medium,1.5 hours,false,false,false,false,No,No,No,Yes,Yes,Yes,Yes,No,No
code-quality.documentation.documentation-freshness,06-code-quality/documentation/documentation-freshness.yaml,Documentation Freshness Audit,code-quality,06,documentation,expert,active,partial,medium,1.5 hours,false,false,false,false,No,No,No,Yes,Yes,Yes,Yes,No,No
code-quality.documentation.onboarding-documentation,06-code-quality/documentation/onboarding-documentation.yaml,Onboarding Documentation Audit,code-quality,06,documentation,expert,active,partial,medium,1.5 hours,false,false,false,false,No,No,No,Yes,Yes,Yes,Yes,No,No
code-quality.documentation.readme-quality,06-code-quality/documentation/readme-quality.yaml,README Quality Audit,code-quality,06,documentation,expert,active,partial,medium,45 min,false,false,false,false,No,No,No,Yes,Yes,Yes,Yes,No,No
code-quality.documentation.runbook-documentation,06-code-quality/documentation/runbook-documentation.yaml,Runbook Documentation Audit,code-quality,06,documentation,expert,active,partial,high,2 hours,false,false,false,false,No,No,No,Yes,Yes,Yes,Yes,No,No
code-quality.duplication.abstraction-opportunity,06-code-quality/duplication/abstraction-opportunity.yaml,Abstraction Opportunity Analysis Audit,code-quality,06,duplication,expert,active,partial,medium,45 minutes,false,false,false,false,No,No,No,Yes,Yes,Yes,Yes,No,No
code-quality.duplication.copy-paste-detection,06-code-quality/duplication/copy-paste-detection.yaml,Copy-Paste Code Detection Audit,code-quality,06,duplication,expert,active,full,high,30 minutes,false,false,false,false,No,No,No,Yes,Yes,Yes,Yes,No,No
code-quality.duplication.cross-module-duplication,06-code-quality/duplication/cross-module-duplication.yaml,Cross-Module Duplication Audit,code-quality,06,duplication,expert,active,partial,high,40 minutes,false,false,false,false,No,No,No,Yes,Yes,Yes,Yes,No,No
code-quality.duplication.near-duplicate-code,06-code-quality/duplication/near-duplicate-code.yaml,Near-Duplicate Code Detection Audit,code-quality,06,duplication,expert,active,partial,high,45 minutes,false,false,false,false,No,No,No,Yes,Yes,Yes,Yes,No,No
code-quality.duplication.test-code-duplication,06-code-quality/duplication/test-code-duplication.yaml,Test Code Duplication Audit,code-quality,06,duplication,expert,active,partial,medium,30 minutes,false,false,false,false,No,No,No,Yes,Yes,Yes,Yes,No,No
code-quality.error-handling.defensive-programming,06-code-quality/error-handling/defensive-programming.yaml,Defensive Programming Assessment Audit,code-quality,06,error-handling,expert,active,partial,high,45 minutes,false,false,false,false,No,No,No,Yes,Yes,Yes,Yes,No,No
code-quality.error-handling.empty-catch-block,06-code-quality/error-handling/empty-catch-block.yaml,Empty Catch Block Detection Audit,code-quality,06,error-handling,expert,active,full,high,25 minutes,false,false,false,false,No,No,No,Yes,Yes,Yes,Yes,No,No
code-quality.error-handling.error-message-quality,06-code-quality/error-handling/error-message-quality.yaml,Error Message Quality Assessment Audit,code-quality,06,error-handling,expert,active,partial,medium,35 minutes,false,false,false,false,No,No,No,Yes,Yes,Yes,Yes,No,No
code-quality.error-handling.error-type-hierarchy,06-code-quality/error-handling/error-type-hierarchy.yaml,Error Type Hierarchy Assessment Audit,code-quality,06,error-handling,expert,active,partial,medium,40 minutes,false,false,false,false,No,No,No,Yes,Yes,Yes,Yes,No,No
code-quality.error-handling.exception-granularity,06-code-quality/error-handling/exception-granularity.yaml,Exception Granularity Assessment Audit,code-quality,06,error-handling,expert,active,partial,high,40 minutes,false,false,false,false,No,No,No,Yes,Yes,Yes,Yes,No,No
code-quality.error-handling.exception-swallowing,06-code-quality/error-handling/exception-swallowing.yaml,Exception Swallowing Detection Audit,code-quality,06,error-handling,expert,active,partial,high,30 minutes,false,false,false,false,No,No,No,Yes,Yes,Yes,Yes,No,No
code-quality.error-handling.fail-fast-pattern,06-code-quality/error-handling/fail-fast-pattern.yaml,Fail-Fast Pattern Assessment Audit,code-quality,06,error-handling,expert,active,partial,high,35 minutes,false,false,false,false,No,No,No,Yes,Yes,Yes,Yes,No,No
code-quality.idioms.anti-pattern-detection,06-code-quality/idioms/anti-pattern-detection.yaml,Anti-Pattern Detection Audit,code-quality,06,idioms,phd,active,partial,high,90 minutes,false,false,false,false,No,No,No,Yes,Yes,Yes,Yes,No,No
code-quality.idioms.deprecated-api-usage,06-code-quality/idioms/deprecated-api-usage.yaml,Deprecated API Usage Audit,code-quality,06,idioms,expert,active,yes,high,45 minutes,false,false,false,false,No,No,No,Yes,Yes,Yes,Yes,No,No
code-quality.idioms.framework-best-practice,06-code-quality/idioms/framework-best-practice.yaml,Framework Best Practice Audit,code-quality,06,idioms,phd,active,partial,high,90 minutes,false,false,false,false,No,No,No,Yes,Yes,Yes,Yes,No,No
code-quality.idioms.idiomatic-code,06-code-quality/idioms/idiomatic-code.yaml,Idiomatic Code Audit,code-quality,06,idioms,expert,active,partial,medium,60 minutes,false,false,false,false,No,No,No,Yes,Yes,Yes,Yes,No,No
code-quality.idioms.modern-syntax-adoption,06-code-quality/idioms/modern-syntax-adoption.yaml,Modern Syntax Adoption Audit,code-quality,06,idioms,expert,active,yes,medium,45 minutes,false,false,false,false,No,No,No,Yes,Yes,Yes,Yes,No,No
code-quality.idioms.standard-library-usage,06-code-quality/idioms/standard-library-usage.yaml,Standard Library Usage Audit,code-quality,06,idioms,expert,active,partial,medium,45 minutes,false,false,false,false,No,No,No,Yes,Yes,Yes,Yes,No,No
code-quality.maintainability.change-frequency,06-code-quality/maintainability/change-frequency.yaml,Change Frequency Audit,code-quality,06,maintainability,expert,active,full,medium,30 minutes,false,false,false,false,No,No,No,Yes,Yes,Yes,Yes,No,No
code-quality.maintainability.code-churn,06-code-quality/maintainability/code-churn.yaml,Code Churn Audit,code-quality,06,maintainability,expert,active,full,medium,30 minutes,false,false,false,false,No,No,No,Yes,Yes,Yes,Yes,No,No
code-quality.maintainability.cognitive-complexity,06-code-quality/maintainability/cognitive-complexity.yaml,Cognitive Complexity Audit,code-quality,06,maintainability,expert,active,full,high,45 minutes,false,false,false,false,No,No,No,Yes,Yes,Yes,Yes,No,No
code-quality.maintainability.cohesion,06-code-quality/maintainability/cohesion.yaml,Cohesion Analysis Audit,code-quality,06,maintainability,expert,active,partial,high,1 hour,false,false,false,false,No,No,No,Yes,Yes,Yes,Yes,No,No
code-quality.maintainability.comment-ratio,06-code-quality/maintainability/comment-ratio.yaml,Comment Ratio Audit,code-quality,06,maintainability,expert,active,full,low,30 minutes,false,false,false,false,No,No,No,Yes,Yes,Yes,Yes,No,No
code-quality.maintainability.coupling,06-code-quality/maintainability/coupling.yaml,Coupling Analysis Audit,code-quality,06,maintainability,expert,active,partial,high,1 hour,false,false,false,false,No,No,No,Yes,Yes,Yes,Yes,No,No
code-quality.maintainability.cyclomatic-complexity,06-code-quality/maintainability/cyclomatic-complexity.yaml,Cyclomatic Complexity Audit,code-quality,06,maintainability,expert,active,full,high,45 minutes,false,false,false,false,No,No,No,Yes,Yes,Yes,Yes,No,No
code-quality.maintainability.dependency-depth,06-code-quality/maintainability/dependency-depth.yaml,Dependency Depth Audit,code-quality,06,maintainability,expert,active,full,medium,45 minutes,false,false,false,false,No,No,No,Yes,Yes,Yes,Yes,No,No
code-quality.maintainability.file-length,06-code-quality/maintainability/file-length.yaml,File Length Audit,code-quality,06,maintainability,expert,active,full,medium,30 minutes,false,false,false,false,No,No,No,Yes,Yes,Yes,Yes,No,No
code-quality.maintainability.function-length,06-code-quality/maintainability/function-length.yaml,Function Length Audit,code-quality,06,maintainability,expert,active,full,medium,30 minutes,false,false,false,false,No,No,No,Yes,Yes,Yes,Yes,No,No
code-quality.maintainability.hotspot-analysis,06-code-quality/maintainability/hotspot-analysis.yaml,Hotspot Analysis Audit,code-quality,06,maintainability,expert,active,partial,high,1 hour,false,false,false,false,No,No,No,Yes,Yes,Yes,Yes,No,No
code-quality.maintainability.naming-convention,06-code-quality/maintainability/naming-convention.yaml,Naming Convention Audit,code-quality,06,maintainability,expert,active,full,low,30 minutes,false,false,false,false,No,No,No,Yes,Yes,Yes,Yes,No,No
code-quality.readability.boolean-expression-clarity,06-code-quality/readability/boolean-expression-clarity.yaml,Boolean Expression Clarity Audit,code-quality,06,readability,expert,active,partial,medium,25 minutes,false,false,false,false,No,No,No,Yes,Yes,Yes,Yes,No,No
code-quality.readability.code-formatting-consistency,06-code-quality/readability/code-formatting-consistency.yaml,Code Formatting Consistency Audit,code-quality,06,readability,expert,active,full,low,20 minutes,false,false,false,false,No,No,No,Yes,Yes,Yes,Yes,No,No
code-quality.readability.control-flow-clarity,06-code-quality/readability/control-flow-clarity.yaml,Control Flow Clarity Audit,code-quality,06,readability,expert,active,partial,medium,30 minutes,false,false,false,false,No,No,No,Yes,Yes,Yes,Yes,No,No
code-quality.readability.function-name-descriptiveness,06-code-quality/readability/function-name-descriptiveness.yaml,Function Name Descriptiveness Audit,code-quality,06,readability,expert,active,partial,medium,30 minutes,false,false,false,false,No,No,No,Yes,Yes,Yes,Yes,No,No
code-quality.readability.magic-number-string,06-code-quality/readability/magic-number-string.yaml,Magic Numbers and Strings Audit,code-quality,06,readability,expert,active,partial,medium,25 minutes,false,false,false,false,No,No,No,Yes,Yes,Yes,Yes,No,No
code-quality.readability.naming-convention,06-code-quality/readability/naming-convention.yaml,Naming Convention Compliance Audit,code-quality,06,readability,expert,active,partial,medium,30 minutes,false,false,false,false,No,No,No,Yes,Yes,Yes,Yes,No,No
code-quality.readability.self-documenting-code,06-code-quality/readability/self-documenting-code.yaml,Self-Documenting Code Audit,code-quality,06,readability,expert,active,partial,medium,45 minutes,false,false,false,false,No,No,No,Yes,Yes,Yes,Yes,No,No
code-quality.readability.variable-name-clarity,06-code-quality/readability/variable-name-clarity.yaml,Variable Name Clarity Audit,code-quality,06,readability,expert,active,partial,medium,25 minutes,false,false,false,false,No,No,No,Yes,Yes,Yes,Yes,No,No
code-quality.static-analysis.code-complexity,06-code-quality/static-analysis/code-complexity.yaml,Code Complexity,code-quality,06,static-analysis,expert,active,yes,high,2-4 hours,false,false,false,false,No,No,No,Yes,Yes,Yes,Yes,No,No
code-quality.static-analysis.code-style-consistency,06-code-quality/static-analysis/code-style-consistency.yaml,Code Style Consistency,code-quality,06,static-analysis,expert,active,yes,low,1-2 hours,false,false,false,false,No,No,No,Yes,Yes,Yes,Yes,No,No
code-quality.static-analysis.custom-rule-coverage,06-code-quality/static-analysis/custom-rule-coverage.yaml,Custom Rule Coverage,code-quality,06,static-analysis,expert,active,partial,medium,2-4 hours,false,false,false,false,No,No,No,Yes,Yes,Yes,Yes,No,No
code-quality.static-analysis.dead-code-detection,06-code-quality/static-analysis/dead-code-detection.yaml,Dead Code Detection,code-quality,06,static-analysis,expert,active,partial,medium,1-2 hours,false,false,false,false,No,No,No,Yes,Yes,Yes,Yes,No,No
code-quality.static-analysis.dependency-vulnerability,06-code-quality/static-analysis/dependency-vulnerability.yaml,Dependency Vulnerability,code-quality,06,static-analysis,expert,active,yes,critical,1-2 hours,false,false,false,false,No,No,No,Yes,Yes,Yes,Yes,No,No
code-quality.static-analysis.duplicate-code,06-code-quality/static-analysis/duplicate-code.yaml,Duplicate Code Detection,code-quality,06,static-analysis,expert,active,yes,medium,1-2 hours,false,false,false,false,No,No,No,Yes,Yes,Yes,Yes,No,No
code-quality.static-analysis.false-positive-rate,06-code-quality/static-analysis/false-positive-rate.yaml,False Positive Rate,code-quality,06,static-analysis,expert,active,partial,medium,2-4 hours,false,false,false,false,No,No,No,Yes,Yes,Yes,Yes,No,No
code-quality.static-analysis.linting-coverage,06-code-quality/static-analysis/linting-coverage.yaml,Linting Coverage,code-quality,06,static-analysis,expert,active,yes,medium,1-2 hours,false,false,false,false,No,No,No,Yes,Yes,Yes,Yes,No,No
code-quality.static-analysis.null-safety,06-code-quality/static-analysis/null-safety.yaml,Null Safety,code-quality,06,static-analysis,expert,active,partial,high,2-3 hours,false,false,false,false,No,No,No,Yes,Yes,Yes,Yes,No,No
code-quality.static-analysis.security-scanning,06-code-quality/static-analysis/security-scanning.yaml,Security Scanning,code-quality,06,static-analysis,phd,active,yes,critical,2-4 hours,false,false,false,false,No,No,No,Yes,Yes,Yes,Yes,No,No
code-quality.static-analysis.static-analysis-ci,06-code-quality/static-analysis/static-analysis-ci.yaml,Static Analysis CI,code-quality,06,static-analysis,expert,active,yes,high,1-2 hours,false,false,false,false,No,No,No,Yes,Yes,Yes,Yes,No,No
code-quality.static-analysis.type-safety,06-code-quality/static-analysis/type-safety.yaml,Type Safety,code-quality,06,static-analysis,phd,active,yes,high,2-3 hours,false,false,false,false,No,No,No,Yes,Yes,Yes,Yes,No,No
code-quality.technical-debt.debt-impact-assessment,06-code-quality/technical-debt/debt-impact-assessment.yaml,Debt Impact Assessment Audit,code-quality,06,technical-debt,expert,active,partial,high,2 hours,false,false,false,false,No,No,No,Yes,Yes,Yes,Yes,No,No
code-quality.technical-debt.debt-prevention,06-code-quality/technical-debt/debt-prevention.yaml,Debt Prevention Audit,code-quality,06,technical-debt,expert,active,partial,medium,1.5 hours,false,false,false,false,No,No,No,Yes,Yes,Yes,Yes,No,No
code-quality.technical-debt.debt-prioritization,06-code-quality/technical-debt/debt-prioritization.yaml,Debt Prioritization Audit,code-quality,06,technical-debt,expert,active,partial,medium,1.5 hours,false,false,false,false,No,No,No,Yes,Yes,Yes,Yes,No,No
code-quality.technical-debt.deprecation-management,06-code-quality/technical-debt/deprecation-management.yaml,Deprecation Management Audit,code-quality,06,technical-debt,expert,active,partial,medium,1.5 hours,false,false,false,false,No,No,No,Yes,Yes,Yes,Yes,No,No
code-quality.technical-debt.legacy-code-isolation,06-code-quality/technical-debt/legacy-code-isolation.yaml,Legacy Code Isolation Audit,code-quality,06,technical-debt,expert,active,partial,medium,2 hours,false,false,false,false,No,No,No,Yes,Yes,Yes,Yes,No,No
code-quality.technical-debt.migration-completeness,06-code-quality/technical-debt/migration-completeness.yaml,Migration Completeness Audit,code-quality,06,technical-debt,expert,active,partial,high,2 hours,false,false,false,false,No,No,No,Yes,Yes,Yes,Yes,No,No
code-quality.technical-debt.refactoring-backlog,06-code-quality/technical-debt/refactoring-backlog.yaml,Refactoring Backlog Audit,code-quality,06,technical-debt,expert,active,partial,medium,1.5 hours,false,false,false,false,No,No,No,Yes,Yes,Yes,Yes,No,No
code-quality.technical-debt.tech-debt-inventory,06-code-quality/technical-debt/tech-debt-inventory.yaml,Technical Debt Inventory Audit,code-quality,06,technical-debt,expert,active,partial,high,2 hours,false,false,false,false,No,No,No,Yes,Yes,Yes,Yes,No,No
code-quality.technical-debt.tech-debt-tracking,06-code-quality/technical-debt/tech-debt-tracking.yaml,Technical Debt Tracking Audit,code-quality,06,technical-debt,expert,active,partial,high,1.5 hours,false,false,false,false,No,No,No,Yes,Yes,Yes,Yes,No,No
code-quality.technical-debt.tech-debt-velocity,06-code-quality/technical-debt/tech-debt-velocity.yaml,Technical Debt Velocity Audit,code-quality,06,technical-debt,expert,active,partial,medium,1.5 hours,false,false,false,false,No,No,No,Yes,Yes,Yes,Yes,No,No
code-quality.test-code-quality.arrange-act-assert-pattern,06-code-quality/test-code-quality/arrange-act-assert-pattern.yaml,Arrange-Act-Assert Pattern Audit,code-quality,06,test-code-quality,expert,active,partial,medium,30 minutes,false,false,false,false,No,No,No,Yes,Yes,Yes,Yes,No,No
code-quality.test-code-quality.assertion-quality,06-code-quality/test-code-quality/assertion-quality.yaml,Assertion Quality Audit,code-quality,06,test-code-quality,expert,active,partial,high,45 minutes,false,false,false,false,No,No,No,Yes,Yes,Yes,Yes,No,No
code-quality.test-code-quality.flaky-test-detection,06-code-quality/test-code-quality/flaky-test-detection.yaml,Flaky Test Detection Audit,code-quality,06,test-code-quality,expert,active,partial,high,90 minutes,true,false,false,false,No,No,No,Yes,Yes,Yes,Yes,No,No
code-quality.test-code-quality.mock-stub-appropriateness,06-code-quality/test-code-quality/mock-stub-appropriateness.yaml,Mock/Stub Appropriateness Audit,code-quality,06,test-code-quality,expert,active,partial,high,60 minutes,false,false,false,false,No,No,No,Yes,Yes,Yes,Yes,No,No
code-quality.test-code-quality.test-data-management,06-code-quality/test-code-quality/test-data-management.yaml,Test Data Management Audit,code-quality,06,test-code-quality,expert,active,partial,high,60 minutes,false,false,false,false,No,No,No,Yes,Yes,Yes,Yes,No,No
code-quality.test-code-quality.test-independence,06-code-quality/test-code-quality/test-independence.yaml,Test Independence Audit,code-quality,06,test-code-quality,expert,active,partial,high,60 minutes,true,false,false,false,No,No,No,Yes,Yes,Yes,Yes,No,No
code-quality.test-code-quality.test-naming,06-code-quality/test-code-quality/test-naming.yaml,Test Naming Audit,code-quality,06,test-code-quality,expert,active,yes,medium,30 minutes,false,false,false,false,No,No,No,Yes,Yes,Yes,Yes,No,No
code-quality.test-code-quality.test-readability,06-code-quality/test-code-quality/test-readability.yaml,Test Readability Audit,code-quality,06,test-code-quality,expert,active,partial,medium,45 minutes,false,false,false,false,No,No,No,Yes,Yes,Yes,Yes,No,No
code-quality.testing.accessibility-testing,06-code-quality/testing/accessibility-testing.yaml,Accessibility Testing,code-quality,06,testing,expert,active,partial,high,2-4 hours,true,false,false,false,No,No,No,Yes,Yes,Yes,Yes,No,No
code-quality.testing.contract-testing,06-code-quality/testing/contract-testing.yaml,Contract Testing,code-quality,06,testing,phd,active,partial,high,3-5 hours,true,false,false,false,No,No,No,Yes,Yes,Yes,Yes,No,No
code-quality.testing.e2e-test-coverage,06-code-quality/testing/e2e-test-coverage.yaml,E2E Test Coverage,code-quality,06,testing,expert,active,partial,high,2-4 hours,true,false,false,false,No,No,No,Yes,Yes,Yes,Yes,No,No
code-quality.testing.flaky-test,06-code-quality/testing/flaky-test.yaml,Flaky Test Detection,code-quality,06,testing,expert,active,partial,high,2-4 hours,true,false,false,false,No,No,No,Yes,Yes,Yes,Yes,No,No
code-quality.testing.integration-test-coverage,06-code-quality/testing/integration-test-coverage.yaml,Integration Test Coverage,code-quality,06,testing,expert,active,partial,high,2-3 hours,true,false,false,false,No,No,No,Yes,Yes,Yes,Yes,No,No
code-quality.testing.mock-vs-real-dependency,06-code-quality/testing/mock-vs-real-dependency.yaml,Mock vs Real Dependency,code-quality,06,testing,expert,active,partial,medium,2-3 hours,false,false,false,false,No,No,No,Yes,Yes,Yes,Yes,No,No
code-quality.testing.mutation-testing,06-code-quality/testing/mutation-testing.yaml,Mutation Testing,code-quality,06,testing,phd,active,yes,medium,3-5 hours,true,false,false,false,No,No,No,Yes,Yes,Yes,Yes,No,No
code-quality.testing.property-based-testing,06-code-quality/testing/property-based-testing.yaml,Property Based Testing,code-quality,06,testing,phd,active,partial,medium,2-4 hours,true,false,false,false,No,No,No,Yes,Yes,Yes,Yes,No,No
code-quality.testing.test-data-management,06-code-quality/testing/test-data-management.yaml,Test Data Management,code-quality,06,testing,expert,active,partial,medium,2-3 hours,false,false,false,false,No,No,No,Yes,Yes,Yes,Yes,No,No
code-quality.testing.test-execution-time,06-code-quality/testing/test-execution-time.yaml,Test Execution Time,code-quality,06,testing,expert,active,yes,medium,1-2 hours,true,false,false,false,No,No,No,Yes,Yes,Yes,Yes,No,No
code-quality.testing.test-isolation,06-code-quality/testing/test-isolation.yaml,Test Isolation,code-quality,06,testing,expert,active,partial,medium,2-3 hours,true,false,false,false,No,No,No,Yes,Yes,Yes,Yes,No,No
code-quality.testing.test-maintenance,06-code-quality/testing/test-maintenance.yaml,Test Maintenance,code-quality,06,testing,expert,active,partial,medium,2-3 hours,false,false,false,false,No,No,No,Yes,Yes,Yes,Yes,No,No
code-quality.testing.unit-test-coverage,06-code-quality/testing/unit-test-coverage.yaml,Unit Test Coverage,code-quality,06,testing,expert,active,yes,high,1-2 hours,true,false,false,false,No,No,No,Yes,Yes,Yes,Yes,No,No
code-quality.testing.visual-regression,06-code-quality/testing/visual-regression.yaml,Visual Regression Testing,code-quality,06,testing,expert,active,partial,medium,2-3 hours,true,false,false,false,No,No,No,Yes,Yes,Yes,Yes,No,No
code-quality.type-safety.exhaustiveness-checking,06-code-quality/type-safety/exhaustiveness-checking.yaml,Exhaustiveness Checking Audit,code-quality,06,type-safety,expert,active,partial,high,35 minutes,false,false,false,false,No,No,No,Yes,Yes,Yes,Yes,No,No
code-quality.type-safety.generic-template-usage,06-code-quality/type-safety/generic-template-usage.yaml,Generic and Template Usage Analysis Audit,code-quality,06,type-safety,expert,active,partial,medium,40 minutes,false,false,false,false,No,No,No,Yes,Yes,Yes,Yes,No,No
code-quality.type-safety.null-safety,06-code-quality/type-safety/null-safety.yaml,Null Safety Analysis Audit,code-quality,06,type-safety,expert,active,partial,high,35 minutes,false,false,false,false,No,No,No,Yes,Yes,Yes,Yes,No,No
code-quality.type-safety.type-coercion-risk,06-code-quality/type-safety/type-coercion-risk.yaml,Type Coercion Risk Analysis Audit,code-quality,06,type-safety,expert,active,partial,high,30 minutes,false,false,false,false,No,No,No,Yes,Yes,Yes,Yes,No,No
code-quality.type-safety.type-coverage,06-code-quality/type-safety/type-coverage.yaml,Type Coverage Analysis Audit,code-quality,06,type-safety,expert,active,full,high,30 minutes,false,false,false,false,No,No,No,Yes,Yes,Yes,Yes,No,No
architecture-design.architectural-patterns.anti-pattern-detection,07-architecture-design/architectural-patterns/anti-pattern-detection.yaml,Anti-Pattern Detection,architecture-design,07,architectural-patterns,phd,active,partial,critical,3-4 hours,false,false,false,false,Yes,Yes,Yes,Yes,Yes,Yes,Yes,No,No
architecture-design.architectural-patterns.consistency-of-pattern-usage,07-architecture-design/architectural-patterns/consistency-of-pattern-usage.yaml,Consistency of Pattern Usage,architecture-design,07,architectural-patterns,expert,active,partial,medium,2-3 hours,false,false,false,false,Yes,Yes,Yes,Yes,Yes,Yes,Yes,No,No
architecture-design.architectural-patterns.pattern-appropriateness,07-architecture-design/architectural-patterns/pattern-appropriateness.yaml,Pattern Appropriateness Analysis,architecture-design,07,architectural-patterns,expert,active,partial,high,3-4 hours,false,false,false,false,Yes,Yes,Yes,Yes,Yes,Yes,Yes,No,No
architecture-design.architectural-patterns.pattern-implementation-correctness,07-architecture-design/architectural-patterns/pattern-implementation-correctness.yaml,Pattern Implementation Correctness,architecture-design,07,architectural-patterns,expert,active,partial,high,2-4 hours,false,false,false,false,Yes,Yes,Yes,Yes,Yes,Yes,Yes,No,No
architecture-design.boundaries-modularity.bounded-context,07-architecture-design/boundaries-modularity/bounded-context.yaml,Bounded Context Audit,architecture-design,07,boundaries-modularity,phd,active,partial,high,120 minutes,false,false,false,false,Yes,Yes,Yes,Yes,Yes,Yes,Yes,No,No
architecture-design.boundaries-modularity.circular-dependency,07-architecture-design/boundaries-modularity/circular-dependency.yaml,Circular Dependency Audit,architecture-design,07,boundaries-modularity,expert,active,yes,high,45 minutes,false,false,false,false,Yes,Yes,Yes,Yes,Yes,Yes,Yes,No,No
architecture-design.boundaries-modularity.dependency-direction,07-architecture-design/boundaries-modularity/dependency-direction.yaml,Dependency Direction Audit,architecture-design,07,boundaries-modularity,phd,active,partial,high,60 minutes,false,false,false,false,Yes,Yes,Yes,Yes,Yes,Yes,Yes,No,No
architecture-design.boundaries-modularity.layer-separation,07-architecture-design/boundaries-modularity/layer-separation.yaml,Layer Separation Audit,architecture-design,07,boundaries-modularity,expert,active,partial,high,75 minutes,false,false,false,false,Yes,Yes,Yes,Yes,Yes,Yes,Yes,No,No
architecture-design.boundaries-modularity.module-boundary,07-architecture-design/boundaries-modularity/module-boundary.yaml,Module Boundary Audit,architecture-design,07,boundaries-modularity,phd,active,partial,high,90 minutes,false,false,false,false,Yes,Yes,Yes,Yes,Yes,Yes,Yes,No,No
architecture-design.boundaries-modularity.package-namespace-structure,07-architecture-design/boundaries-modularity/package-namespace-structure.yaml,Package/Namespace Structure Audit,architecture-design,07,boundaries-modularity,expert,active,yes,medium,45 minutes,false,false,false,false,Yes,Yes,Yes,Yes,Yes,Yes,Yes,No,No
architecture-design.boundaries-modularity.service-boundary,07-architecture-design/boundaries-modularity/service-boundary.yaml,Service Boundary Audit,architecture-design,07,boundaries-modularity,phd,active,partial,high,120 minutes,false,false,false,false,Yes,Yes,Yes,Yes,Yes,Yes,Yes,No,No
architecture-design.cohesion.class-cohesion,07-architecture-design/cohesion/class-cohesion.yaml,Class Cohesion Analysis,architecture-design,07,cohesion,expert,active,partial,high,2-3 hours,false,false,false,false,Yes,Yes,Yes,Yes,Yes,Yes,Yes,No,No
architecture-design.cohesion.feature-scattering,07-architecture-design/cohesion/feature-scattering.yaml,Feature Scattering Analysis,architecture-design,07,cohesion,expert,active,partial,high,2-4 hours,false,false,false,false,Yes,Yes,Yes,Yes,Yes,Yes,Yes,No,No
architecture-design.cohesion.module-cohesion,07-architecture-design/cohesion/module-cohesion.yaml,Module Cohesion Analysis,architecture-design,07,cohesion,expert,active,partial,high,2-4 hours,false,false,false,false,Yes,Yes,Yes,Yes,Yes,Yes,Yes,No,No
architecture-design.cohesion.service-cohesion,07-architecture-design/cohesion/service-cohesion.yaml,Service Cohesion Analysis,architecture-design,07,cohesion,phd,active,partial,high,3-5 hours,false,false,false,false,Yes,Yes,Yes,Yes,Yes,Yes,Yes,No,No
architecture-design.cohesion.shotgun-surgery-risk,07-architecture-design/cohesion/shotgun-surgery-risk.yaml,Shotgun Surgery Risk Analysis,architecture-design,07,cohesion,expert,active,partial,high,2-3 hours,false,false,false,false,Yes,Yes,Yes,Yes,Yes,Yes,Yes,No,No
architecture-design.coupling.afferent-efferent-coupling,07-architecture-design/coupling/afferent-efferent-coupling.yaml,Afferent and Efferent Coupling Analysis,architecture-design,07,coupling,phd,active,partial,high,2-3 hours,false,false,false,false,Yes,Yes,Yes,Yes,Yes,Yes,Yes,No,No
architecture-design.coupling.content-coupling,07-architecture-design/coupling/content-coupling.yaml,Content Coupling Detection,architecture-design,07,coupling,phd,active,partial,critical,2-3 hours,false,false,false,false,Yes,Yes,Yes,Yes,Yes,Yes,Yes,No,No
architecture-design.coupling.interface-coupling,07-architecture-design/coupling/interface-coupling.yaml,Interface Coupling Analysis,architecture-design,07,coupling,phd,active,partial,high,2-3 hours,false,false,false,false,Yes,Yes,Yes,Yes,Yes,Yes,Yes,No,No
architecture-design.coupling.stamp-coupling,07-architecture-design/coupling/stamp-coupling.yaml,Stamp Coupling Detection,architecture-design,07,coupling,expert,active,partial,medium,2-3 hours,false,false,false,false,Yes,Yes,Yes,Yes,Yes,Yes,Yes,No,No
architecture-design.coupling.temporal-coupling,07-architecture-design/coupling/temporal-coupling.yaml,Temporal Coupling Detection,architecture-design,07,coupling,expert,active,partial,high,2-3 hours,false,false,false,false,Yes,Yes,Yes,Yes,Yes,Yes,Yes,No,No
architecture-design.coupling.tight-coupling-detection,07-architecture-design/coupling/tight-coupling-detection.yaml,Tight Coupling Detection,architecture-design,07,coupling,expert,active,partial,high,2-4 hours,false,false,false,false,Yes,Yes,Yes,Yes,Yes,Yes,Yes,No,No
architecture-design.cross-cutting-concerns.aspect-separation,07-architecture-design/cross-cutting-concerns/aspect-separation.yaml,Aspect Separation Assessment,architecture-design,07,cross-cutting-concerns,expert,active,partial,high,2-3 hours,false,false,false,false,Yes,Yes,Yes,Yes,Yes,Yes,Yes,No,No
architecture-design.cross-cutting-concerns.concern-leakage,07-architecture-design/cross-cutting-concerns/concern-leakage.yaml,Concern Leakage Assessment,architecture-design,07,cross-cutting-concerns,expert,active,partial,high,2-3 hours,false,false,false,false,Yes,Yes,Yes,Yes,Yes,Yes,Yes,No,No
architecture-design.cross-cutting-concerns.cross-cutting-concern-handling,07-architecture-design/cross-cutting-concerns/cross-cutting-concern-handling.yaml,Cross-Cutting Concern Handling Assessment,architecture-design,07,cross-cutting-concerns,expert,active,partial,high,2-4 hours,false,false,false,false,Yes,Yes,Yes,Yes,Yes,Yes,Yes,No,No
architecture-design.cross-cutting-concerns.middleware-interceptor-design,07-architecture-design/cross-cutting-concerns/middleware-interceptor-design.yaml,Middleware and Interceptor Design Assessment,architecture-design,07,cross-cutting-concerns,expert,active,partial,high,2-3 hours,false,false,false,false,Yes,Yes,Yes,Yes,Yes,Yes,Yes,No,No
architecture-design.design-principles.composition-vs-inheritance,07-architecture-design/design-principles/composition-vs-inheritance.yaml,Composition vs Inheritance Analysis,architecture-design,07,design-principles,expert,active,partial,high,2-3 hours,false,false,false,false,Yes,Yes,Yes,Yes,Yes,Yes,Yes,No,No
architecture-design.design-principles.dependency-inversion,07-architecture-design/design-principles/dependency-inversion.yaml,Dependency Inversion Principle Compliance,architecture-design,07,design-principles,expert,active,partial,high,2-3 hours,false,false,false,false,Yes,Yes,Yes,Yes,Yes,Yes,Yes,No,No
architecture-design.design-principles.interface-segregation,07-architecture-design/design-principles/interface-segregation.yaml,Interface Segregation Principle Compliance,architecture-design,07,design-principles,expert,active,partial,high,2-3 hours,false,false,false,false,Yes,Yes,Yes,Yes,Yes,Yes,Yes,No,No
architecture-design.design-principles.law-of-demeter,07-architecture-design/design-principles/law-of-demeter.yaml,Law of Demeter Compliance,architecture-design,07,design-principles,expert,active,partial,medium,2-3 hours,false,false,false,false,Yes,Yes,Yes,Yes,Yes,Yes,Yes,No,No
architecture-design.design-principles.liskov-substitution,07-architecture-design/design-principles/liskov-substitution.yaml,Liskov Substitution Principle Compliance,architecture-design,07,design-principles,expert,active,partial,high,2-3 hours,false,false,false,false,Yes,Yes,Yes,Yes,Yes,Yes,Yes,No,No
architecture-design.design-principles.open-closed-principle,07-architecture-design/design-principles/open-closed-principle.yaml,Open-Closed Principle Compliance,architecture-design,07,design-principles,expert,active,partial,high,2-3 hours,false,false,false,false,Yes,Yes,Yes,Yes,Yes,Yes,Yes,No,No
architecture-design.design-principles.single-responsibility,07-architecture-design/design-principles/single-responsibility.yaml,Single Responsibility Principle Compliance,architecture-design,07,design-principles,expert,active,partial,high,2-4 hours,false,false,false,false,Yes,Yes,Yes,Yes,Yes,Yes,Yes,No,No
architecture-design.extensibility-evolution.abstraction-level,07-architecture-design/extensibility-evolution/abstraction-level.yaml,Abstraction Level Assessment,architecture-design,07,extensibility-evolution,expert,active,partial,high,2-3 hours,false,false,false,false,Yes,Yes,Yes,Yes,Yes,Yes,Yes,No,No
architecture-design.extensibility-evolution.backward-compatibility-design,07-architecture-design/extensibility-evolution/backward-compatibility-design.yaml,Backward Compatibility Design Assessment,architecture-design,07,extensibility-evolution,expert,active,partial,critical,2-4 hours,false,false,false,false,Yes,Yes,Yes,Yes,Yes,Yes,Yes,No,No
architecture-design.extensibility-evolution.change-impact-analysis,07-architecture-design/extensibility-evolution/change-impact-analysis.yaml,Change Impact Analysis,architecture-design,07,extensibility-evolution,expert,active,partial,high,2-4 hours,false,false,false,false,Yes,Yes,Yes,Yes,Yes,Yes,Yes,No,No
architecture-design.extensibility-evolution.extension-point,07-architecture-design/extensibility-evolution/extension-point.yaml,Extension Point Design Assessment,architecture-design,07,extensibility-evolution,expert,active,partial,high,2-3 hours,false,false,false,false,Yes,Yes,Yes,Yes,Yes,Yes,Yes,No,No
architecture-design.extensibility-evolution.plugin-architecture,07-architecture-design/extensibility-evolution/plugin-architecture.yaml,Plugin Architecture Assessment,architecture-design,07,extensibility-evolution,expert,active,partial,high,2-4 hours,false,false,false,false,Yes,Yes,Yes,Yes,Yes,Yes,Yes,No,No
architecture-design.system-decomposition.architecture-style-consistency,07-architecture-design/system-decomposition/architecture-style-consistency.yaml,Architecture Style Consistency Audit,architecture-design,07,system-decomposition,phd,active,none,high,2-4 hours,false,false,false,false,Yes,Yes,Yes,Yes,Yes,Yes,Yes,No,No
architecture-design.system-decomposition.component-responsibility,07-architecture-design/system-decomposition/component-responsibility.yaml,Component Responsibility Analysis,architecture-design,07,system-decomposition,expert,active,partial,high,2-4 hours,false,false,false,false,Yes,Yes,Yes,Yes,Yes,Yes,Yes,No,No
architecture-design.system-decomposition.data-flow-completeness,07-architecture-design/system-decomposition/data-flow-completeness.yaml,Data Flow Completeness Audit,architecture-design,07,system-decomposition,phd,active,none,high,2-4 hours,false,false,false,false,Yes,Yes,Yes,Yes,Yes,Yes,Yes,No,No
architecture-design.system-decomposition.data-ownership-clarity,07-architecture-design/system-decomposition/data-ownership-clarity.yaml,Data Ownership Clarity Assessment,architecture-design,07,system-decomposition,expert,active,partial,critical,2-4 hours,false,false,false,false,Yes,Yes,Yes,Yes,Yes,Yes,Yes,No,No
architecture-design.system-decomposition.deployment-topology,07-architecture-design/system-decomposition/deployment-topology.yaml,Deployment Topology Audit,architecture-design,07,system-decomposition,phd,active,none,high,2-3 hours,false,false,false,false,Yes,Yes,Yes,Yes,Yes,Yes,Yes,No,No
architecture-design.system-decomposition.monolith-vs-distributed-decision,07-architecture-design/system-decomposition/monolith-vs-distributed-decision.yaml,Monolith vs Distributed Architecture Decision,architecture-design,07,system-decomposition,expert,active,partial,critical,3-4 hours,false,false,false,false,Yes,Yes,Yes,Yes,Yes,Yes,Yes,No,No
architecture-design.system-decomposition.scalability-architecture,07-architecture-design/system-decomposition/scalability-architecture.yaml,Scalability Architecture Audit,architecture-design,07,system-decomposition,phd,active,none,high,2-4 hours,false,false,false,false,Yes,Yes,Yes,Yes,Yes,Yes,Yes,No,No
architecture-design.system-decomposition.service-granularity,07-architecture-design/system-decomposition/service-granularity.yaml,Service Granularity Assessment,architecture-design,07,system-decomposition,expert,active,partial,high,2-4 hours,false,false,false,false,Yes,Yes,Yes,Yes,Yes,Yes,Yes,No,No
architecture-design.system-decomposition.synchronous-vs-async-boundary,07-architecture-design/system-decomposition/synchronous-vs-async-boundary.yaml,Synchronous vs Asynchronous Boundary Assessment,architecture-design,07,system-decomposition,expert,active,partial,high,2-4 hours,false,false,false,false,Yes,Yes,Yes,Yes,Yes,Yes,Yes,No,No
architecture-design.system-decomposition.technology-stack-compatibility,07-architecture-design/system-decomposition/technology-stack-compatibility.yaml,Technology Stack Compatibility Audit,architecture-design,07,system-decomposition,phd,active,partial,high,2-3 hours,false,false,false,false,Yes,Yes,Yes,Yes,Yes,Yes,Yes,No,No
data-state-management.application-state.client-side-state-management,08-data-state-management/application-state/client-side-state-management.yaml,Client-Side State Management,data-state-management,08,application-state,expert,active,partial,high,2 hours,false,false,false,false,No,No,No,Yes,Yes,Yes,Yes,No,No
data-state-management.application-state.optimistic-update-handling,08-data-state-management/application-state/optimistic-update-handling.yaml,Optimistic Update Handling,data-state-management,08,application-state,expert,active,partial,high,2 hours,false,false,false,false,No,No,No,Yes,Yes,Yes,Yes,No,No
data-state-management.application-state.server-side-session-state,08-data-state-management/application-state/server-side-session-state.yaml,Server-Side Session State,data-state-management,08,application-state,expert,active,partial,high,2 hours,false,false,false,false,No,No,No,Yes,Yes,Yes,Yes,No,No
data-state-management.application-state.state-persistence,08-data-state-management/application-state/state-persistence.yaml,State Persistence,data-state-management,08,application-state,expert,active,partial,high,2 hours,false,false,false,false,No,No,No,Yes,Yes,Yes,Yes,No,No
data-state-management.application-state.state-recovery,08-data-state-management/application-state/state-recovery.yaml,State Recovery,data-state-management,08,application-state,expert,active,partial,high,2 hours,false,false,false,false,No,No,No,Yes,Yes,Yes,Yes,No,No
data-state-management.application-state.state-synchronization,08-data-state-management/application-state/state-synchronization.yaml,State Synchronization,data-state-management,08,application-state,expert,active,partial,high,2 hours,false,false,false,false,No,No,No,Yes,Yes,Yes,Yes,No,No
data-state-management.data-access-patterns.batch-vs-individual-access,08-data-state-management/data-access-patterns/batch-vs-individual-access.yaml,Batch vs Individual Access Audit,data-state-management,08,data-access-patterns,expert,active,partial,high,90 minutes,false,false,false,false,No,No,No,Yes,Yes,Yes,Yes,No,No
data-state-management.data-access-patterns.caching-strategy,08-data-state-management/data-access-patterns/caching-strategy.yaml,Caching Strategy Audit,data-state-management,08,data-access-patterns,phd,active,partial,high,120 minutes,false,false,false,false,No,No,No,Yes,Yes,Yes,Yes,No,No
data-state-management.data-access-patterns.connection-management,08-data-state-management/data-access-patterns/connection-management.yaml,Connection Management Audit,data-state-management,08,data-access-patterns,expert,active,partial,critical,90 minutes,true,false,false,false,No,No,No,Yes,Yes,Yes,Yes,No,No
data-state-management.data-access-patterns.orm-usage,08-data-state-management/data-access-patterns/orm-usage.yaml,ORM Usage Audit,data-state-management,08,data-access-patterns,phd,active,partial,high,120 minutes,false,false,false,false,No,No,No,Yes,Yes,Yes,Yes,No,No
data-state-management.data-access-patterns.query-pattern,08-data-state-management/data-access-patterns/query-pattern.yaml,Query Pattern Audit,data-state-management,08,data-access-patterns,phd,active,partial,high,90 minutes,false,false,false,false,No,No,No,Yes,Yes,Yes,Yes,No,No
data-state-management.data-access-patterns.read-write-separation,08-data-state-management/data-access-patterns/read-write-separation.yaml,Read-Write Separation Audit,data-state-management,08,data-access-patterns,expert,active,partial,high,90 minutes,false,false,false,false,No,No,No,Yes,Yes,Yes,Yes,No,No
data-state-management.data-access-patterns.repository-pattern,08-data-state-management/data-access-patterns/repository-pattern.yaml,Repository Pattern Audit,data-state-management,08,data-access-patterns,expert,active,partial,high,90 minutes,false,false,false,false,No,No,No,Yes,Yes,Yes,Yes,No,No
data-state-management.data-lifecycle.archival-strategy,08-data-state-management/data-lifecycle/archival-strategy.yaml,Archival Strategy,data-state-management,08,data-lifecycle,expert,active,partial,high,2 hours,false,false,false,false,No,No,No,Yes,Yes,Yes,Yes,No,No
data-state-management.data-lifecycle.data-aging,08-data-state-management/data-lifecycle/data-aging.yaml,Data Aging,data-state-management,08,data-lifecycle,expert,active,partial,high,2 hours,false,false,false,false,No,No,No,Yes,Yes,Yes,Yes,No,No
data-state-management.data-lifecycle.data-deletion-implementation,08-data-state-management/data-lifecycle/data-deletion-implementation.yaml,Data Deletion Implementation,data-state-management,08,data-lifecycle,expert,active,partial,critical,2 hours,false,false,false,false,No,No,No,Yes,Yes,Yes,Yes,No,No
data-state-management.data-lifecycle.data-retention-policy,08-data-state-management/data-lifecycle/data-retention-policy.yaml,Data Retention Policy,data-state-management,08,data-lifecycle,expert,active,partial,critical,2 hours,false,false,false,false,No,No,No,Yes,Yes,Yes,Yes,No,No
data-state-management.data-lifecycle.soft-delete-vs-hard-delete,08-data-state-management/data-lifecycle/soft-delete-vs-hard-delete.yaml,Soft Delete vs Hard Delete,data-state-management,08,data-lifecycle,expert,active,partial,high,2 hours,false,false,false,false,No,No,No,Yes,Yes,Yes,Yes,No,No
data-state-management.data-lifecycle.temporal-data-handling,08-data-state-management/data-lifecycle/temporal-data-handling.yaml,Temporal Data Handling,data-state-management,08,data-lifecycle,expert,active,partial,high,2 hours,false,false,false,false,No,No,No,Yes,Yes,Yes,Yes,No,No
data-state-management.data-lineage-provenance.audit-trail,08-data-state-management/data-lineage-provenance/audit-trail.yaml,Audit Trail Audit,data-state-management,08,data-lineage-provenance,expert,active,partial,critical,90 minutes,false,false,false,false,No,No,No,Yes,Yes,Yes,Yes,No,No
data-state-management.data-lineage-provenance.change-history,08-data-state-management/data-lineage-provenance/change-history.yaml,Change History Audit,data-state-management,08,data-lineage-provenance,expert,active,partial,high,90 minutes,false,false,false,false,No,No,No,Yes,Yes,Yes,Yes,No,No
data-state-management.data-lineage-provenance.data-lineage-tracking,08-data-state-management/data-lineage-provenance/data-lineage-tracking.yaml,Data Lineage Tracking Audit,data-state-management,08,data-lineage-provenance,phd,active,partial,high,120 minutes,false,false,false,false,No,No,No,Yes,Yes,Yes,Yes,No,No
data-state-management.data-lineage-provenance.data-source-documentation,08-data-state-management/data-lineage-provenance/data-source-documentation.yaml,Data Source Documentation Audit,data-state-management,08,data-lineage-provenance,expert,active,partial,high,90 minutes,false,false,false,false,No,No,No,Yes,Yes,Yes,Yes,No,No
data-state-management.data-validation.business-rule-enforcement,08-data-state-management/data-validation/business-rule-enforcement.yaml,Business Rule Enforcement Audit,data-state-management,08,data-validation,expert,active,partial,high,120 minutes,false,false,false,false,No,No,No,Yes,Yes,Yes,Yes,No,No
data-state-management.data-validation.constraint-validation,08-data-state-management/data-validation/constraint-validation.yaml,Constraint Validation Audit,data-state-management,08,data-validation,expert,active,partial,high,90 minutes,false,false,false,false,No,No,No,Yes,Yes,Yes,Yes,No,No
data-state-management.data-validation.cross-field-validation,08-data-state-management/data-validation/cross-field-validation.yaml,Cross-Field Validation Audit,data-state-management,08,data-validation,expert,active,partial,high,90 minutes,false,false,false,false,No,No,No,Yes,Yes,Yes,Yes,No,No
data-state-management.data-validation.data-quality-check,08-data-state-management/data-validation/data-quality-check.yaml,Data Quality Check Audit,data-state-management,08,data-validation,phd,active,partial,high,120 minutes,true,false,false,false,No,No,No,Yes,Yes,Yes,Yes,No,No
data-state-management.data-validation.input-validation,08-data-state-management/data-validation/input-validation.yaml,Input Validation Audit,data-state-management,08,data-validation,phd,active,partial,critical,90 minutes,false,false,false,false,No,No,No,Yes,Yes,Yes,Yes,No,No
data-state-management.data-validation.validation-timing,08-data-state-management/data-validation/validation-timing.yaml,Validation Timing Audit,data-state-management,08,data-validation,expert,active,partial,high,90 minutes,false,false,false,false,No,No,No,Yes,Yes,Yes,Yes,No,No
data-state-management.schema-design.constraint-definition,08-data-state-management/schema-design/constraint-definition.yaml,Constraint Definition,data-state-management,08,schema-design,expert,active,partial,high,2 hours,false,false,false,false,No,No,No,Yes,Yes,Yes,Yes,No,No
data-state-management.schema-design.data-modeling-quality,08-data-state-management/schema-design/data-modeling-quality.yaml,Data Modeling Quality,data-state-management,08,schema-design,expert,active,partial,high,3 hours,false,false,false,false,No,No,No,Yes,Yes,Yes,Yes,No,No
data-state-management.schema-design.denormalization-justification,08-data-state-management/schema-design/denormalization-justification.yaml,Denormalization Justification,data-state-management,08,schema-design,expert,active,partial,high,2 hours,false,false,false,false,No,No,No,Yes,Yes,Yes,Yes,No,No
data-state-management.schema-design.index-design,08-data-state-management/schema-design/index-design.yaml,Index Design,data-state-management,08,schema-design,expert,active,partial,high,2 hours,true,false,false,false,No,No,No,Yes,Yes,Yes,Yes,No,No
data-state-management.schema-design.normalization-appropriateness,08-data-state-management/schema-design/normalization-appropriateness.yaml,Database Normalization Appropriateness,data-state-management,08,schema-design,expert,active,partial,high,2 hours,false,false,false,false,No,No,No,Yes,Yes,Yes,Yes,No,No
data-state-management.schema-design.null-handling-strategy,08-data-state-management/schema-design/null-handling-strategy.yaml,Null Handling Strategy,data-state-management,08,schema-design,expert,active,partial,high,2 hours,false,false,false,false,No,No,No,Yes,Yes,Yes,Yes,No,No
data-state-management.schema-design.relationship-design,08-data-state-management/schema-design/relationship-design.yaml,Relationship Design,data-state-management,08,schema-design,expert,active,partial,high,2 hours,false,false,false,false,No,No,No,Yes,Yes,Yes,Yes,No,No
data-state-management.schema-evolution.backward-compatible-schema-change,08-data-state-management/schema-evolution/backward-compatible-schema-change.yaml,Backward Compatible Schema Change,data-state-management,08,schema-evolution,expert,active,partial,high,2 hours,false,false,false,false,No,No,No,Yes,Yes,Yes,Yes,No,No
data-state-management.schema-evolution.data-transformation,08-data-state-management/schema-evolution/data-transformation.yaml,Data Transformation,data-state-management,08,schema-evolution,expert,active,partial,high,2 hours,false,false,false,false,No,No,No,Yes,Yes,Yes,Yes,No,No
data-state-management.schema-evolution.migration-rollback-capability,08-data-state-management/schema-evolution/migration-rollback-capability.yaml,Migration Rollback Capability,data-state-management,08,schema-evolution,expert,active,partial,critical,2 hours,false,false,false,false,No,No,No,Yes,Yes,Yes,Yes,No,No
data-state-management.schema-evolution.migration-safety,08-data-state-management/schema-evolution/migration-safety.yaml,Migration Safety,data-state-management,08,schema-evolution,expert,active,partial,critical,2 hours,false,false,false,false,No,No,No,Yes,Yes,Yes,Yes,No,No
data-state-management.schema-evolution.schema-version-tracking,08-data-state-management/schema-evolution/schema-version-tracking.yaml,Schema Version Tracking,data-state-management,08,schema-evolution,expert,active,partial,high,1.5 hours,false,false,false,false,No,No,No,Yes,Yes,Yes,Yes,No,No
data-state-management.schema-evolution.zero-downtime-migration,08-data-state-management/schema-evolution/zero-downtime-migration.yaml,Zero Downtime Migration,data-state-management,08,schema-evolution,expert,active,partial,high,2 hours,true,false,false,false,No,No,No,Yes,Yes,Yes,Yes,No,No
data-state-management.storage-strategy.data-locality,08-data-state-management/storage-strategy/data-locality.yaml,Data Locality Audit,data-state-management,08,storage-strategy,expert,active,partial,high,90 minutes,false,false,false,false,No,No,No,Yes,Yes,Yes,Yes,No,No
data-state-management.storage-strategy.database-technology-choice,08-data-state-management/storage-strategy/database-technology-choice.yaml,Database Technology Choice Audit,data-state-management,08,storage-strategy,phd,active,partial,high,150 minutes,false,false,false,false,No,No,No,Yes,Yes,Yes,Yes,No,No
data-state-management.storage-strategy.hot-warm-cold-storage,08-data-state-management/storage-strategy/hot-warm-cold-storage.yaml,Hot-Warm-Cold Storage Audit,data-state-management,08,storage-strategy,expert,active,partial,medium,90 minutes,true,false,false,false,No,No,No,Yes,Yes,Yes,Yes,No,No
data-state-management.storage-strategy.polyglot-persistence,08-data-state-management/storage-strategy/polyglot-persistence.yaml,Polyglot Persistence Audit,data-state-management,08,storage-strategy,phd,active,partial,high,120 minutes,false,false,false,false,No,No,No,Yes,Yes,Yes,Yes,No,No
data-state-management.storage-strategy.storage-cost-optimization,08-data-state-management/storage-strategy/storage-cost-optimization.yaml,Storage Cost Optimization Audit,data-state-management,08,storage-strategy,phd,active,partial,medium,120 minutes,true,false,false,false,No,No,No,Yes,Yes,Yes,Yes,No,No
data-state-management.storage-strategy.storage-redundancy,08-data-state-management/storage-strategy/storage-redundancy.yaml,Storage Redundancy Audit,data-state-management,08,storage-strategy,expert,active,partial,critical,90 minutes,false,false,false,false,No,No,No,Yes,Yes,Yes,Yes,No,No
api-integration.api-contracts.breaking-change-detection,09-api-integration/api-contracts/breaking-change-detection.yaml,Breaking Change Detection Assessment,api-integration,09,api-contracts,expert,active,partial,critical,2 hours,false,false,false,false,No,No,No,Yes,Yes,Yes,Yes,No,No
api-integration.api-contracts.contract-testing,09-api-integration/api-contracts/contract-testing.yaml,Contract Testing Assessment,api-integration,09,api-contracts,expert,active,partial,high,2 hours,false,false,false,false,No,No,No,Yes,Yes,Yes,Yes,No,No
api-integration.api-contracts.example-coverage,09-api-integration/api-contracts/example-coverage.yaml,Example Coverage Assessment,api-integration,09,api-contracts,expert,active,yes,medium,1 hour,false,false,false,false,No,No,No,Yes,Yes,Yes,Yes,No,No
api-integration.api-contracts.openapi-swagger-completeness,09-api-integration/api-contracts/openapi-swagger-completeness.yaml,OpenAPI/Swagger Completeness Assessment,api-integration,09,api-contracts,expert,active,yes,high,1.5 hours,false,false,false,false,No,No,No,Yes,Yes,Yes,Yes,No,No
api-integration.api-contracts.request-response-schema,09-api-integration/api-contracts/request-response-schema.yaml,Request/Response Schema Assessment,api-integration,09,api-contracts,expert,active,partial,high,2 hours,false,false,false,false,No,No,No,Yes,Yes,Yes,Yes,No,No
api-integration.api-contracts.schema-validation,09-api-integration/api-contracts/schema-validation.yaml,Schema Validation Assessment,api-integration,09,api-contracts,expert,active,partial,high,2 hours,false,false,false,false,No,No,No,Yes,Yes,Yes,Yes,No,No
api-integration.api-design.graphql-schema-design,09-api-integration/api-design/graphql-schema-design.yaml,GraphQL Schema Design Assessment,api-integration,09,api-design,expert,active,partial,high,2.5 hours,false,false,false,false,No,No,No,Yes,Yes,Yes,Yes,No,No
api-integration.api-design.http-method-usage,09-api-integration/api-design/http-method-usage.yaml,HTTP Method Usage Assessment,api-integration,09,api-design,expert,active,partial,high,1.5 hours,false,false,false,false,No,No,No,Yes,Yes,Yes,Yes,No,No
api-integration.api-design.idempotency-design,09-api-integration/api-design/idempotency-design.yaml,Idempotency Design Assessment,api-integration,09,api-design,expert,active,partial,critical,2 hours,false,false,false,false,No,No,No,Yes,Yes,Yes,Yes,No,No
api-integration.api-design.resource-modeling,09-api-integration/api-design/resource-modeling.yaml,Resource Modeling Assessment,api-integration,09,api-design,expert,active,partial,high,2 hours,false,false,false,false,No,No,No,Yes,Yes,Yes,Yes,No,No
api-integration.api-design.rest-maturity-level,09-api-integration/api-design/rest-maturity-level.yaml,REST Maturity Level Assessment,api-integration,09,api-design,expert,active,partial,high,2 hours,false,false,false,false,No,No,No,Yes,Yes,Yes,Yes,No,No
api-integration.api-design.rpc-interface-design,09-api-integration/api-design/rpc-interface-design.yaml,RPC Interface Design Assessment,api-integration,09,api-design,expert,active,partial,high,2 hours,false,false,false,false,No,No,No,Yes,Yes,Yes,Yes,No,No
api-integration.api-design.url-design,09-api-integration/api-design/url-design.yaml,URL Design Assessment,api-integration,09,api-design,expert,active,yes,medium,1 hour,false,false,false,false,No,No,No,Yes,Yes,Yes,Yes,No,No
api-integration.api-documentation.changelog-maintenance,09-api-integration/api-documentation/changelog-maintenance.yaml,Changelog Maintenance Audit,api-integration,09,api-documentation,expert,active,partial,high,60 minutes,false,false,false,false,No,No,No,Yes,Yes,Yes,Yes,No,No
api-integration.api-documentation.documentation-accuracy,09-api-integration/api-documentation/documentation-accuracy.yaml,Documentation Accuracy Audit,api-integration,09,api-documentation,expert,active,partial,high,120 minutes,true,false,false,false,No,No,No,Yes,Yes,Yes,Yes,No,No
api-integration.api-documentation.documentation-completeness,09-api-integration/api-documentation/documentation-completeness.yaml,Documentation Completeness Audit,api-integration,09,api-documentation,phd,active,partial,high,120 minutes,false,false,false,false,No,No,No,Yes,Yes,Yes,Yes,No,No
api-integration.api-documentation.getting-started-guide,09-api-integration/api-documentation/getting-started-guide.yaml,Getting Started Guide Audit,api-integration,09,api-documentation,expert,active,partial,medium,60 minutes,false,false,false,false,No,No,No,Yes,Yes,Yes,Yes,No,No
api-integration.api-documentation.interactive-documentation,09-api-integration/api-documentation/interactive-documentation.yaml,Interactive Documentation Audit,api-integration,09,api-documentation,expert,active,partial,medium,60 minutes,false,false,false,false,No,No,No,Yes,Yes,Yes,Yes,No,No
api-integration.api-documentation.sdk-client-library,09-api-integration/api-documentation/sdk-client-library.yaml,SDK/Client Library Audit,api-integration,09,api-documentation,expert,active,partial,medium,90 minutes,false,false,false,false,No,No,No,Yes,Yes,Yes,Yes,No,No
api-integration.error-handling.error-documentation,09-api-integration/error-handling/error-documentation.yaml,Error Documentation Assessment,api-integration,09,error-handling,expert,active,partial,medium,1 hour,false,false,false,false,No,No,No,Yes,Yes,Yes,Yes,No,No
api-integration.error-handling.error-message-quality,09-api-integration/error-handling/error-message-quality.yaml,Error Message Quality Assessment,api-integration,09,error-handling,expert,active,partial,medium,1.5 hours,false,false,false,false,No,No,No,Yes,Yes,Yes,Yes,No,No
api-integration.error-handling.error-response-format,09-api-integration/error-handling/error-response-format.yaml,Error Response Format Assessment,api-integration,09,error-handling,expert,active,partial,high,1.5 hours,false,false,false,false,No,No,No,Yes,Yes,Yes,Yes,No,No
api-integration.error-handling.http-status-code-usage,09-api-integration/error-handling/http-status-code-usage.yaml,HTTP Status Code Usage Assessment,api-integration,09,error-handling,expert,active,yes,high,1 hour,false,false,false,false,No,No,No,Yes,Yes,Yes,Yes,No,No
api-integration.error-handling.partial-success-handling,09-api-integration/error-handling/partial-success-handling.yaml,Partial Success Handling Assessment,api-integration,09,error-handling,expert,active,partial,high,2 hours,false,false,false,false,No,No,No,Yes,Yes,Yes,Yes,No,No
api-integration.error-handling.retry-guidance,09-api-integration/error-handling/retry-guidance.yaml,Retry Guidance Assessment,api-integration,09,error-handling,expert,active,partial,high,1.5 hours,false,false,false,false,No,No,No,Yes,Yes,Yes,Yes,No,No
api-integration.integration-patterns.callback-security,09-api-integration/integration-patterns/callback-security.yaml,Callback Security Audit,api-integration,09,integration-patterns,phd,active,partial,critical,90 minutes,false,false,false,false,No,No,No,Yes,Yes,Yes,Yes,No,No
api-integration.integration-patterns.integration-timeout,09-api-integration/integration-patterns/integration-timeout.yaml,Integration Timeout Audit,api-integration,09,integration-patterns,phd,active,partial,high,75 minutes,false,false,false,false,No,No,No,Yes,Yes,Yes,Yes,No,No
api-integration.integration-patterns.polling-vs-push,09-api-integration/integration-patterns/polling-vs-push.yaml,Polling vs Push Audit,api-integration,09,integration-patterns,expert,active,partial,medium,75 minutes,false,false,false,false,No,No,No,Yes,Yes,Yes,Yes,No,No
api-integration.integration-patterns.retry-pattern,09-api-integration/integration-patterns/retry-pattern.yaml,Retry Pattern Audit,api-integration,09,integration-patterns,phd,active,partial,high,75 minutes,false,false,false,false,No,No,No,Yes,Yes,Yes,Yes,No,No
api-integration.integration-patterns.synchronous-vs-async-choice,09-api-integration/integration-patterns/synchronous-vs-async-choice.yaml,Synchronous vs Async Choice Audit,api-integration,09,integration-patterns,phd,active,partial,high,90 minutes,false,false,false,false,No,No,No,Yes,Yes,Yes,Yes,No,No
api-integration.integration-patterns.webhook-design,09-api-integration/integration-patterns/webhook-design.yaml,Webhook Design Audit,api-integration,09,integration-patterns,phd,active,partial,high,90 minutes,false,false,false,false,No,No,No,Yes,Yes,Yes,Yes,No,No
api-integration.pagination-filtering.field-selection,09-api-integration/pagination-filtering/field-selection.yaml,Field Selection Audit,api-integration,09,pagination-filtering,phd,active,partial,high,75 minutes,false,false,false,false,No,No,No,Yes,Yes,Yes,Yes,No,No
api-integration.pagination-filtering.filtering-capability,09-api-integration/pagination-filtering/filtering-capability.yaml,Filtering Capability Audit,api-integration,09,pagination-filtering,phd,active,partial,high,90 minutes,false,false,false,false,No,No,No,Yes,Yes,Yes,Yes,No,No
api-integration.pagination-filtering.pagination-strategy,09-api-integration/pagination-filtering/pagination-strategy.yaml,Pagination Strategy Audit,api-integration,09,pagination-filtering,expert,active,partial,high,90 minutes,false,false,false,false,No,No,No,Yes,Yes,Yes,Yes,No,No
api-integration.pagination-filtering.query-complexity-limits,09-api-integration/pagination-filtering/query-complexity-limits.yaml,Query Complexity Limits Audit,api-integration,09,pagination-filtering,phd,active,partial,critical,90 minutes,false,false,false,false,No,No,No,Yes,Yes,Yes,Yes,No,No
api-integration.pagination-filtering.sorting-capability,09-api-integration/pagination-filtering/sorting-capability.yaml,Sorting Capability Audit,api-integration,09,pagination-filtering,expert,active,partial,high,60 minutes,false,false,false,false,No,No,No,Yes,Yes,Yes,Yes,No,No
api-integration.third-party-integration.fallback-strategy,09-api-integration/third-party-integration/fallback-strategy.yaml,Fallback Strategy Audit,api-integration,09,third-party-integration,expert,active,partial,high,90 minutes,false,false,false,false,No,No,No,Yes,Yes,Yes,Yes,No,No
api-integration.third-party-integration.integration-abstraction,09-api-integration/third-party-integration/integration-abstraction.yaml,Integration Abstraction Audit,api-integration,09,third-party-integration,phd,active,partial,medium,90 minutes,false,false,false,false,No,No,No,Yes,Yes,Yes,Yes,No,No
api-integration.third-party-integration.rate-limit-handling,09-api-integration/third-party-integration/rate-limit-handling.yaml,Rate Limit Handling Audit,api-integration,09,third-party-integration,expert,active,partial,high,75 minutes,false,false,false,false,No,No,No,Yes,Yes,Yes,Yes,No,No
api-integration.third-party-integration.third-party-api-dependency,09-api-integration/third-party-integration/third-party-api-dependency.yaml,Third-Party API Dependency Audit,api-integration,09,third-party-integration,expert,active,partial,high,120 minutes,false,false,false,false,No,No,No,Yes,Yes,Yes,Yes,No,No
api-integration.third-party-integration.third-party-version-pinning,09-api-integration/third-party-integration/third-party-version-pinning.yaml,Third-Party Version Pinning Audit,api-integration,09,third-party-integration,expert,active,partial,high,60 minutes,false,false,false,false,No,No,No,Yes,Yes,Yes,Yes,No,No
api-integration.versioning.deprecation-communication,09-api-integration/versioning/deprecation-communication.yaml,Deprecation Communication Assessment,api-integration,09,versioning,expert,active,partial,high,1.5 hours,false,false,false,false,No,No,No,Yes,Yes,Yes,Yes,No,No
api-integration.versioning.multi-version-support,09-api-integration/versioning/multi-version-support.yaml,Multi-Version Support Assessment,api-integration,09,versioning,expert,active,partial,high,2 hours,false,false,false,false,No,No,No,Yes,Yes,Yes,Yes,No,No
api-integration.versioning.sunset-policy,09-api-integration/versioning/sunset-policy.yaml,Sunset Policy Assessment,api-integration,09,versioning,expert,active,partial,high,1.5 hours,false,false,false,false,No,No,No,Yes,Yes,Yes,Yes,No,No
api-integration.versioning.version-discovery,09-api-integration/versioning/version-discovery.yaml,Version Discovery Assessment,api-integration,09,versioning,expert,active,partial,medium,1 hour,true,false,false,false,No,No,No,Yes,Yes,Yes,Yes,No,No
api-integration.versioning.versioning-strategy,09-api-integration/versioning/versioning-strategy.yaml,Versioning Strategy Assessment,api-integration,09,versioning,expert,active,partial,high,2 hours,false,false,false,false,No,No,No,Yes,Yes,Yes,Yes,No,No
testing-quality-assurance.e2e-testing.cross-browser-testing,10-testing-quality-assurance/e2e-testing/cross-browser-testing.yaml,Cross-Browser Testing,testing-quality-assurance,10,e2e-testing,expert,active,partial,high,2 hours,true,false,false,false,No,No,No,Yes,Yes,Yes,Yes,No,No
testing-quality-assurance.e2e-testing.e2e-coverage,10-testing-quality-assurance/e2e-testing/e2e-coverage.yaml,E2E Test Coverage,testing-quality-assurance,10,e2e-testing,expert,active,partial,high,2 hours,true,false,false,false,No,No,No,Yes,Yes,Yes,Yes,No,No
testing-quality-assurance.e2e-testing.e2e-execution-time,10-testing-quality-assurance/e2e-testing/e2e-execution-time.yaml,E2E Execution Time,testing-quality-assurance,10,e2e-testing,expert,active,partial,medium,1.5 hours,true,false,false,false,No,No,No,Yes,Yes,Yes,Yes,No,No
testing-quality-assurance.e2e-testing.e2e-test-stability,10-testing-quality-assurance/e2e-testing/e2e-test-stability.yaml,E2E Test Stability,testing-quality-assurance,10,e2e-testing,expert,active,partial,high,2 hours,true,false,false,false,No,No,No,Yes,Yes,Yes,Yes,No,No
testing-quality-assurance.e2e-testing.mobile-testing,10-testing-quality-assurance/e2e-testing/mobile-testing.yaml,Mobile Testing,testing-quality-assurance,10,e2e-testing,expert,active,partial,high,2 hours,true,false,false,false,No,No,No,Yes,Yes,Yes,Yes,No,No
testing-quality-assurance.e2e-testing.user-journey-testing,10-testing-quality-assurance/e2e-testing/user-journey-testing.yaml,User Journey Testing,testing-quality-assurance,10,e2e-testing,expert,active,partial,high,2 hours,true,false,false,false,No,No,No,Yes,Yes,Yes,Yes,No,No
testing-quality-assurance.integration-testing.api-integration-testing,10-testing-quality-assurance/integration-testing/api-integration-testing.yaml,API Integration Testing,testing-quality-assurance,10,integration-testing,expert,active,partial,high,2 hours,true,false,false,false,No,No,No,Yes,Yes,Yes,Yes,No,No
testing-quality-assurance.integration-testing.database-integration-testing,10-testing-quality-assurance/integration-testing/database-integration-testing.yaml,Database Integration Testing,testing-quality-assurance,10,integration-testing,expert,active,partial,critical,2.5 hours,true,false,false,false,No,No,No,Yes,Yes,Yes,Yes,No,No
testing-quality-assurance.integration-testing.external-service-testing,10-testing-quality-assurance/integration-testing/external-service-testing.yaml,External Service Testing,testing-quality-assurance,10,integration-testing,expert,active,partial,high,2 hours,false,false,false,false,No,No,No,Yes,Yes,Yes,Yes,No,No
testing-quality-assurance.integration-testing.integration-scope,10-testing-quality-assurance/integration-testing/integration-scope.yaml,Integration Test Scope,testing-quality-assurance,10,integration-testing,expert,active,partial,high,2 hours,false,false,false,false,No,No,No,Yes,Yes,Yes,Yes,No,No
testing-quality-assurance.integration-testing.integration-test-isolation,10-testing-quality-assurance/integration-testing/integration-test-isolation.yaml,Integration Test Isolation,testing-quality-assurance,10,integration-testing,expert,active,partial,high,2 hours,true,false,false,false,No,No,No,Yes,Yes,Yes,Yes,No,No
testing-quality-assurance.integration-testing.message-queue-testing,10-testing-quality-assurance/integration-testing/message-queue-testing.yaml,Message Queue Testing,testing-quality-assurance,10,integration-testing,expert,active,partial,high,2 hours,true,false,false,false,No,No,No,Yes,Yes,Yes,Yes,No,No
testing-quality-assurance.performance-testing.benchmark-testing,10-testing-quality-assurance/performance-testing/benchmark-testing.yaml,Benchmark Testing,testing-quality-assurance,10,performance-testing,expert,active,partial,high,3 hours,true,false,false,false,No,No,No,Yes,Yes,Yes,Yes,No,No
testing-quality-assurance.performance-testing.load-testing,10-testing-quality-assurance/performance-testing/load-testing.yaml,Load Testing,testing-quality-assurance,10,performance-testing,expert,active,partial,high,4 hours,true,false,false,false,No,No,No,Yes,Yes,Yes,Yes,No,No
testing-quality-assurance.performance-testing.performance-baseline,10-testing-quality-assurance/performance-testing/performance-baseline.yaml,Performance Baseline,testing-quality-assurance,10,performance-testing,expert,active,partial,high,3 hours,true,false,false,false,No,No,No,Yes,Yes,Yes,Yes,No,No
testing-quality-assurance.performance-testing.performance-regression,10-testing-quality-assurance/performance-testing/performance-regression.yaml,Performance Regression Testing,testing-quality-assurance,10,performance-testing,expert,active,yes,critical,3 hours,true,false,false,false,No,No,No,Yes,Yes,Yes,Yes,No,No
testing-quality-assurance.performance-testing.scalability-testing,10-testing-quality-assurance/performance-testing/scalability-testing.yaml,Scalability Testing,testing-quality-assurance,10,performance-testing,expert,active,partial,critical,5 hours,true,false,false,false,No,No,No,Yes,Yes,Yes,Yes,No,No
testing-quality-assurance.performance-testing.stress-testing,10-testing-quality-assurance/performance-testing/stress-testing.yaml,Stress Testing,testing-quality-assurance,10,performance-testing,expert,active,partial,high,4 hours,true,false,false,false,No,No,No,Yes,Yes,Yes,Yes,No,No
testing-quality-assurance.security-testing.dynamic-security-analysis,10-testing-quality-assurance/security-testing/dynamic-security-analysis.yaml,Dynamic Security Analysis,testing-quality-assurance,10,security-testing,expert,active,partial,critical,4 hours,true,false,false,false,No,No,No,Yes,Yes,Yes,Yes,No,No
testing-quality-assurance.security-testing.fuzzing,10-testing-quality-assurance/security-testing/fuzzing.yaml,Fuzzing,testing-quality-assurance,10,security-testing,expert,active,yes,high,4 hours,true,false,false,false,No,No,No,Yes,Yes,Yes,Yes,No,No
testing-quality-assurance.security-testing.penetration-testing,10-testing-quality-assurance/security-testing/penetration-testing.yaml,Penetration Testing,testing-quality-assurance,10,security-testing,expert,active,partial,critical,6 hours,true,false,false,false,No,No,No,Yes,Yes,Yes,Yes,No,No
testing-quality-assurance.security-testing.security-regression-testing,10-testing-quality-assurance/security-testing/security-regression-testing.yaml,Security Regression Testing,testing-quality-assurance,10,security-testing,expert,active,yes,critical,3 hours,true,false,false,false,No,No,No,Yes,Yes,Yes,Yes,No,No
testing-quality-assurance.security-testing.static-security-analysis,10-testing-quality-assurance/security-testing/static-security-analysis.yaml,Static Security Analysis,testing-quality-assurance,10,security-testing,expert,active,yes,critical,3 hours,false,false,false,false,No,No,No,Yes,Yes,Yes,Yes,No,No
testing-quality-assurance.security-testing.vulnerability-scanning,10-testing-quality-assurance/security-testing/vulnerability-scanning.yaml,Vulnerability Scanning,testing-quality-assurance,10,security-testing,expert,active,yes,critical,3 hours,true,false,false,false,No,No,No,Yes,Yes,Yes,Yes,No,No
testing-quality-assurance.test-automation.automated-test-maintenance,10-testing-quality-assurance/test-automation/automated-test-maintenance.yaml,Automated Test Maintenance,testing-quality-assurance,10,test-automation,expert,active,partial,high,3 hours,false,false,false,false,No,No,No,Yes,Yes,Yes,Yes,No,No
testing-quality-assurance.test-automation.ci-integration,10-testing-quality-assurance/test-automation/ci-integration.yaml,CI Integration,testing-quality-assurance,10,test-automation,expert,active,yes,critical,3 hours,false,false,false,false,No,No,No,Yes,Yes,Yes,Yes,No,No
testing-quality-assurance.test-automation.flaky-test-management,10-testing-quality-assurance/test-automation/flaky-test-management.yaml,Flaky Test Management,testing-quality-assurance,10,test-automation,expert,active,partial,high,3 hours,true,false,false,false,No,No,No,Yes,Yes,Yes,Yes,No,No
testing-quality-assurance.test-automation.test-environment-provisioning,10-testing-quality-assurance/test-automation/test-environment-provisioning.yaml,Test Environment Provisioning,testing-quality-assurance,10,test-automation,expert,active,partial,high,4 hours,true,false,false,false,No,No,No,Yes,Yes,Yes,Yes,No,No
testing-quality-assurance.test-automation.test-parallelization,10-testing-quality-assurance/test-automation/test-parallelization.yaml,Test Parallelization,testing-quality-assurance,10,test-automation,expert,active,partial,high,3 hours,false,false,false,false,No,No,No,Yes,Yes,Yes,Yes,No,No
testing-quality-assurance.test-automation.test-reporting,10-testing-quality-assurance/test-automation/test-reporting.yaml,Test Reporting,testing-quality-assurance,10,test-automation,expert,active,yes,high,2 hours,false,false,false,false,No,No,No,Yes,Yes,Yes,Yes,No,No
testing-quality-assurance.test-data-management.data-masking,10-testing-quality-assurance/test-data-management/data-masking.yaml,Data Masking,testing-quality-assurance,10,test-data-management,expert,active,partial,critical,4 hours,true,false,false,false,No,No,No,Yes,Yes,Yes,Yes,No,No
testing-quality-assurance.test-data-management.database-seeding,10-testing-quality-assurance/test-data-management/database-seeding.yaml,Database Seeding,testing-quality-assurance,10,test-data-management,expert,active,yes,high,3 hours,true,false,false,false,No,No,No,Yes,Yes,Yes,Yes,No,No
testing-quality-assurance.test-data-management.test-data-cleanup,10-testing-quality-assurance/test-data-management/test-data-cleanup.yaml,Test Data Cleanup,testing-quality-assurance,10,test-data-management,expert,active,yes,high,2 hours,true,false,false,false,No,No,No,Yes,Yes,Yes,Yes,No,No
testing-quality-assurance.test-data-management.test-data-generation,10-testing-quality-assurance/test-data-management/test-data-generation.yaml,Test Data Generation,testing-quality-assurance,10,test-data-management,expert,active,partial,high,3 hours,false,false,false,false,No,No,No,Yes,Yes,Yes,Yes,No,No
testing-quality-assurance.test-data-management.test-fixture-management,10-testing-quality-assurance/test-data-management/test-fixture-management.yaml,Test Fixture Management,testing-quality-assurance,10,test-data-management,expert,active,partial,high,3 hours,false,false,false,false,No,No,No,Yes,Yes,Yes,Yes,No,No
testing-quality-assurance.test-strategy.risk-based-testing,10-testing-quality-assurance/test-strategy/risk-based-testing.yaml,Risk-Based Testing,testing-quality-assurance,10,test-strategy,expert,active,partial,high,3 hours,false,false,false,false,No,No,No,Yes,Yes,Yes,Yes,No,No
testing-quality-assurance.test-strategy.shift-left-testing,10-testing-quality-assurance/test-strategy/shift-left-testing.yaml,Shift-Left Testing,testing-quality-assurance,10,test-strategy,expert,active,partial,high,2 hours,false,false,false,false,No,No,No,Yes,Yes,Yes,Yes,No,No
testing-quality-assurance.test-strategy.test-coverage-strategy,10-testing-quality-assurance/test-strategy/test-coverage-strategy.yaml,Test Coverage Strategy,testing-quality-assurance,10,test-strategy,expert,active,partial,high,2 hours,false,false,false,false,No,No,No,Yes,Yes,Yes,Yes,No,No
testing-quality-assurance.test-strategy.test-pyramid-balance,10-testing-quality-assurance/test-strategy/test-pyramid-balance.yaml,Test Pyramid Balance,testing-quality-assurance,10,test-strategy,expert,active,partial,high,2 hours,false,false,false,false,No,No,No,Yes,Yes,Yes,Yes,No,No
testing-quality-assurance.test-strategy.testing-documentation,10-testing-quality-assurance/test-strategy/testing-documentation.yaml,Testing Documentation,testing-quality-assurance,10,test-strategy,expert,active,partial,medium,1.5 hours,false,false,false,false,No,No,No,Yes,Yes,Yes,Yes,No,No
testing-quality-assurance.test-strategy.testing-environment-strategy,10-testing-quality-assurance/test-strategy/testing-environment-strategy.yaml,Testing Environment Strategy,testing-quality-assurance,10,test-strategy,expert,active,partial,high,2 hours,true,false,false,false,No,No,No,Yes,Yes,Yes,Yes,No,No
testing-quality-assurance.unit-testing.arrange-act-assert,10-testing-quality-assurance/unit-testing/arrange-act-assert.yaml,Arrange-Act-Assert Pattern,testing-quality-assurance,10,unit-testing,expert,active,partial,medium,1.5 hours,false,false,false,false,No,No,No,Yes,Yes,Yes,Yes,No,No
testing-quality-assurance.unit-testing.assertion-quality,10-testing-quality-assurance/unit-testing/assertion-quality.yaml,Assertion Quality,testing-quality-assurance,10,unit-testing,expert,active,partial,high,2 hours,false,false,false,false,No,No,No,Yes,Yes,Yes,Yes,No,No
testing-quality-assurance.unit-testing.edge-case-testing,10-testing-quality-assurance/unit-testing/edge-case-testing.yaml,Edge Case Testing,testing-quality-assurance,10,unit-testing,expert,active,partial,high,2 hours,false,false,false,false,No,No,No,Yes,Yes,Yes,Yes,No,No
testing-quality-assurance.unit-testing.mock-stub-usage,10-testing-quality-assurance/unit-testing/mock-stub-usage.yaml,Mock and Stub Usage,testing-quality-assurance,10,unit-testing,expert,active,partial,high,2 hours,false,false,false,false,No,No,No,Yes,Yes,Yes,Yes,No,No
testing-quality-assurance.unit-testing.test-isolation,10-testing-quality-assurance/unit-testing/test-isolation.yaml,Test Isolation,testing-quality-assurance,10,unit-testing,expert,active,partial,high,2 hours,false,false,false,false,No,No,No,Yes,Yes,Yes,Yes,No,No
testing-quality-assurance.unit-testing.test-maintainability,10-testing-quality-assurance/unit-testing/test-maintainability.yaml,Test Maintainability,testing-quality-assurance,10,unit-testing,expert,active,partial,high,2 hours,false,false,false,false,No,No,No,Yes,Yes,Yes,Yes,No,No
testing-quality-assurance.unit-testing.test-naming-convention,10-testing-quality-assurance/unit-testing/test-naming-convention.yaml,Test Naming Convention,testing-quality-assurance,10,unit-testing,expert,active,partial,medium,1 hour,false,false,false,false,No,No,No,Yes,Yes,Yes,Yes,No,No
testing-quality-assurance.unit-testing.unit-test-coverage,10-testing-quality-assurance/unit-testing/unit-test-coverage.yaml,Unit Test Coverage,testing-quality-assurance,10,unit-testing,expert,active,yes,high,2 hours,false,false,false,false,No,No,No,Yes,Yes,Yes,Yes,No,No
devops-ci-cd.artifact-management.artifact-promotion,11-devops-ci-cd/artifact-management/artifact-promotion.yaml,Artifact Promotion Assessment,devops-ci-cd,11,artifact-management,expert,active,partial,high,3 hours,false,false,false,false,No,No,No,No,Yes,No,Yes,Yes,Yes
devops-ci-cd.artifact-management.artifact-retention,11-devops-ci-cd/artifact-management/artifact-retention.yaml,Artifact Retention Assessment,devops-ci-cd,11,artifact-management,expert,active,partial,medium,2 hours,false,false,false,false,No,No,No,No,Yes,No,Yes,Yes,Yes
devops-ci-cd.artifact-management.artifact-signing,11-devops-ci-cd/artifact-management/artifact-signing.yaml,Artifact Signing Assessment,devops-ci-cd,11,artifact-management,expert,active,partial,critical,3 hours,false,false,false,false,No,No,No,No,Yes,No,Yes,Yes,Yes
devops-ci-cd.artifact-management.artifact-versioning,11-devops-ci-cd/artifact-management/artifact-versioning.yaml,Artifact Versioning Assessment,devops-ci-cd,11,artifact-management,expert,active,partial,high,3 hours,false,false,false,false,No,No,No,No,Yes,No,Yes,Yes,Yes
devops-ci-cd.artifact-management.artifact-vulnerability-scanning,11-devops-ci-cd/artifact-management/artifact-vulnerability-scanning.yaml,Artifact Vulnerability Scanning Assessment,devops-ci-cd,11,artifact-management,expert,active,partial,critical,3 hours,false,false,false,false,No,No,No,No,Yes,No,Yes,Yes,Yes
devops-ci-cd.build-pipeline.build-artifact-generation,11-devops-ci-cd/build-pipeline/build-artifact-generation.yaml,Build Artifact Generation,devops-ci-cd,11,build-pipeline,expert,active,partial,high,2 hours,true,false,false,false,No,No,No,No,Yes,No,Yes,Yes,Yes
devops-ci-cd.build-pipeline.build-caching,11-devops-ci-cd/build-pipeline/build-caching.yaml,Build Caching,devops-ci-cd,11,build-pipeline,expert,active,partial,high,2 hours,true,false,false,false,No,No,No,No,Yes,No,Yes,Yes,Yes
devops-ci-cd.build-pipeline.build-parallelization,11-devops-ci-cd/build-pipeline/build-parallelization.yaml,Build Parallelization,devops-ci-cd,11,build-pipeline,expert,active,partial,high,2 hours,true,false,false,false,No,No,No,No,Yes,No,Yes,Yes,Yes
devops-ci-cd.build-pipeline.build-reproducibility,11-devops-ci-cd/build-pipeline/build-reproducibility.yaml,Build Reproducibility,devops-ci-cd,11,build-pipeline,expert,active,partial,high,3 hours,true,false,false,false,No,No,No,No,Yes,No,Yes,Yes,Yes
devops-ci-cd.build-pipeline.build-speed,11-devops-ci-cd/build-pipeline/build-speed.yaml,Build Speed,devops-ci-cd,11,build-pipeline,expert,active,partial,high,2 hours,true,false,false,false,No,No,No,No,Yes,No,Yes,Yes,Yes
devops-ci-cd.build-pipeline.dependency-management,11-devops-ci-cd/build-pipeline/dependency-management.yaml,Dependency Management,devops-ci-cd,11,build-pipeline,expert,active,partial,critical,2 hours,false,false,false,false,No,No,No,No,Yes,No,Yes,Yes,Yes
devops-ci-cd.configuration-management.config-encryption,11-devops-ci-cd/configuration-management/config-encryption.yaml,Config Encryption,devops-ci-cd,11,configuration-management,expert,active,partial,critical,2 hours,true,false,false,false,No,No,No,No,Yes,No,Yes,Yes,Yes
devops-ci-cd.configuration-management.config-externalization,11-devops-ci-cd/configuration-management/config-externalization.yaml,Config Externalization,devops-ci-cd,11,configuration-management,expert,active,partial,high,2 hours,false,false,false,false,No,No,No,No,Yes,No,Yes,Yes,Yes
devops-ci-cd.configuration-management.config-validation,11-devops-ci-cd/configuration-management/config-validation.yaml,Config Validation,devops-ci-cd,11,configuration-management,expert,active,yes,high,2 hours,false,false,false,false,No,No,No,No,Yes,No,Yes,Yes,Yes
devops-ci-cd.configuration-management.config-versioning,11-devops-ci-cd/configuration-management/config-versioning.yaml,Config Versioning,devops-ci-cd,11,configuration-management,expert,active,partial,high,2 hours,false,false,false,false,No,No,No,No,Yes,No,Yes,Yes,Yes
devops-ci-cd.configuration-management.environment-config,11-devops-ci-cd/configuration-management/environment-config.yaml,Environment Config,devops-ci-cd,11,configuration-management,expert,active,partial,high,2 hours,false,false,false,false,No,No,No,No,Yes,No,Yes,Yes,Yes
devops-ci-cd.configuration-management.secrets-injection,11-devops-ci-cd/configuration-management/secrets-injection.yaml,Secrets Injection,devops-ci-cd,11,configuration-management,expert,active,partial,critical,2 hours,true,false,false,false,No,No,No,No,Yes,No,Yes,Yes,Yes
devops-ci-cd.deployment-pipeline.blue-green-deployment,11-devops-ci-cd/deployment-pipeline/blue-green-deployment.yaml,Blue-Green Deployment,devops-ci-cd,11,deployment-pipeline,expert,active,partial,high,2 hours,true,false,false,false,No,No,No,No,Yes,No,Yes,Yes,Yes
devops-ci-cd.deployment-pipeline.canary-deployment,11-devops-ci-cd/deployment-pipeline/canary-deployment.yaml,Canary Deployment,devops-ci-cd,11,deployment-pipeline,expert,active,partial,high,2 hours,true,false,false,false,No,No,No,No,Yes,No,Yes,Yes,Yes
devops-ci-cd.deployment-pipeline.deployment-automation,11-devops-ci-cd/deployment-pipeline/deployment-automation.yaml,Deployment Automation,devops-ci-cd,11,deployment-pipeline,expert,active,partial,critical,3 hours,true,false,false,false,No,No,No,No,Yes,No,Yes,Yes,Yes
devops-ci-cd.deployment-pipeline.deployment-strategy,11-devops-ci-cd/deployment-pipeline/deployment-strategy.yaml,Deployment Strategy,devops-ci-cd,11,deployment-pipeline,expert,active,partial,high,2 hours,false,false,false,false,No,No,No,No,Yes,No,Yes,Yes,Yes
devops-ci-cd.deployment-pipeline.deployment-verification,11-devops-ci-cd/deployment-pipeline/deployment-verification.yaml,Deployment Verification,devops-ci-cd,11,deployment-pipeline,expert,active,partial,high,2 hours,true,false,false,false,No,No,No,No,Yes,No,Yes,Yes,Yes
devops-ci-cd.deployment-pipeline.feature-flag-integration,11-devops-ci-cd/deployment-pipeline/feature-flag-integration.yaml,Feature Flag Integration,devops-ci-cd,11,deployment-pipeline,expert,active,partial,high,2 hours,true,false,false,false,No,No,No,No,Yes,No,Yes,Yes,Yes
devops-ci-cd.deployment-pipeline.rollback-capability,11-devops-ci-cd/deployment-pipeline/rollback-capability.yaml,Rollback Capability,devops-ci-cd,11,deployment-pipeline,expert,active,partial,critical,2 hours,true,false,false,false,No,No,No,No,Yes,No,Yes,Yes,Yes
devops-ci-cd.environment-management.environment-cleanup,11-devops-ci-cd/environment-management/environment-cleanup.yaml,Environment Cleanup Assessment,devops-ci-cd,11,environment-management,expert,active,partial,high,3 hours,true,false,false,false,No,No,No,No,Yes,No,Yes,Yes,Yes
devops-ci-cd.environment-management.environment-documentation,11-devops-ci-cd/environment-management/environment-documentation.yaml,Environment Documentation Assessment,devops-ci-cd,11,environment-management,expert,active,partial,medium,2 hours,false,false,false,false,No,No,No,No,Yes,No,Yes,Yes,Yes
devops-ci-cd.environment-management.environment-isolation,11-devops-ci-cd/environment-management/environment-isolation.yaml,Environment Isolation Assessment,devops-ci-cd,11,environment-management,expert,active,partial,critical,4 hours,true,false,false,false,No,No,No,No,Yes,No,Yes,Yes,Yes
devops-ci-cd.environment-management.environment-parity,11-devops-ci-cd/environment-management/environment-parity.yaml,Environment Parity Assessment,devops-ci-cd,11,environment-management,expert,active,partial,high,3 hours,true,false,false,false,No,No,No,No,Yes,No,Yes,Yes,Yes
devops-ci-cd.environment-management.environment-provisioning,11-devops-ci-cd/environment-management/environment-provisioning.yaml,Environment Provisioning Assessment,devops-ci-cd,11,environment-management,expert,active,partial,high,4 hours,true,false,false,false,No,No,No,No,Yes,No,Yes,Yes,Yes
devops-ci-cd.infrastructure-as-code.drift-detection,11-devops-ci-cd/infrastructure-as-code/drift-detection.yaml,Drift Detection,devops-ci-cd,11,infrastructure-as-code,expert,active,partial,high,2 hours,true,false,false,false,No,No,No,No,Yes,No,Yes,Yes,Yes
devops-ci-cd.infrastructure-as-code.iac-coverage,11-devops-ci-cd/infrastructure-as-code/iac-coverage.yaml,IaC Coverage,devops-ci-cd,11,infrastructure-as-code,expert,active,partial,critical,3 hours,true,false,false,false,No,No,No,No,Yes,No,Yes,Yes,Yes
devops-ci-cd.infrastructure-as-code.iac-modularity,11-devops-ci-cd/infrastructure-as-code/iac-modularity.yaml,IaC Modularity,devops-ci-cd,11,infrastructure-as-code,expert,active,partial,high,2 hours,false,false,false,false,No,No,No,No,Yes,No,Yes,Yes,Yes
devops-ci-cd.infrastructure-as-code.iac-security-scanning,11-devops-ci-cd/infrastructure-as-code/iac-security-scanning.yaml,IaC Security Scanning,devops-ci-cd,11,infrastructure-as-code,expert,active,yes,critical,2 hours,false,false,false,false,No,No,No,No,Yes,No,Yes,Yes,Yes
devops-ci-cd.infrastructure-as-code.iac-testing,11-devops-ci-cd/infrastructure-as-code/iac-testing.yaml,IaC Testing,devops-ci-cd,11,infrastructure-as-code,expert,active,partial,high,2 hours,true,false,false,false,No,No,No,No,Yes,No,Yes,Yes,Yes
devops-ci-cd.infrastructure-as-code.state-management,11-devops-ci-cd/infrastructure-as-code/state-management.yaml,State Management,devops-ci-cd,11,infrastructure-as-code,expert,active,partial,critical,2 hours,true,false,false,false,No,No,No,No,Yes,No,Yes,Yes,Yes
devops-ci-cd.pipeline-security.branch-protection,11-devops-ci-cd/pipeline-security/branch-protection.yaml,Branch Protection Assessment,devops-ci-cd,11,pipeline-security,expert,active,partial,critical,2 hours,false,false,false,false,No,No,No,No,Yes,No,Yes,Yes,Yes
devops-ci-cd.pipeline-security.pipeline-access-control,11-devops-ci-cd/pipeline-security/pipeline-access-control.yaml,Pipeline Access Control Assessment,devops-ci-cd,11,pipeline-security,expert,active,partial,critical,3 hours,false,false,false,false,No,No,No,No,Yes,No,Yes,Yes,Yes
devops-ci-cd.pipeline-security.pipeline-audit-logging,11-devops-ci-cd/pipeline-security/pipeline-audit-logging.yaml,Pipeline Audit Logging Assessment,devops-ci-cd,11,pipeline-security,expert,active,partial,high,3 hours,false,false,false,false,No,No,No,No,Yes,No,Yes,Yes,Yes
devops-ci-cd.pipeline-security.secrets-in-pipeline,11-devops-ci-cd/pipeline-security/secrets-in-pipeline.yaml,Secrets in Pipeline Assessment,devops-ci-cd,11,pipeline-security,expert,active,partial,critical,3 hours,false,false,false,false,No,No,No,No,Yes,No,Yes,Yes,Yes
devops-ci-cd.pipeline-security.supply-chain-security,11-devops-ci-cd/pipeline-security/supply-chain-security.yaml,Supply Chain Security Assessment,devops-ci-cd,11,pipeline-security,expert,active,partial,critical,4 hours,false,false,false,false,No,No,No,No,Yes,No,Yes,Yes,Yes
devops-ci-cd.release-management.hotfix-process,11-devops-ci-cd/release-management/hotfix-process.yaml,Hotfix Process Assessment,devops-ci-cd,11,release-management,expert,active,partial,critical,3 hours,false,false,false,false,No,No,No,No,Yes,No,Yes,Yes,Yes
devops-ci-cd.release-management.release-approval-process,11-devops-ci-cd/release-management/release-approval-process.yaml,Release Approval Process Assessment,devops-ci-cd,11,release-management,expert,active,partial,high,3 hours,false,false,false,false,No,No,No,No,Yes,No,Yes,Yes,Yes
devops-ci-cd.release-management.release-communication,11-devops-ci-cd/release-management/release-communication.yaml,Release Communication Assessment,devops-ci-cd,11,release-management,expert,active,partial,medium,2 hours,false,false,false,false,No,No,No,No,Yes,No,Yes,Yes,Yes
devops-ci-cd.release-management.release-notes-generation,11-devops-ci-cd/release-management/release-notes-generation.yaml,Release Notes Generation Assessment,devops-ci-cd,11,release-management,expert,active,partial,medium,2 hours,false,false,false,false,No,No,No,No,Yes,No,Yes,Yes,Yes
devops-ci-cd.release-management.release-scheduling,11-devops-ci-cd/release-management/release-scheduling.yaml,Release Scheduling Assessment,devops-ci-cd,11,release-management,expert,active,partial,medium,2 hours,false,false,false,false,No,No,No,No,Yes,No,Yes,Yes,Yes
devops-ci-cd.release-management.version-numbering,11-devops-ci-cd/release-management/version-numbering.yaml,Version Numbering Assessment,devops-ci-cd,11,release-management,expert,active,partial,medium,2 hours,false,false,false,false,No,No,No,No,Yes,No,Yes,Yes,Yes
cloud-infrastructure.cloud-cost.budget-monitoring,12-cloud-infrastructure/cloud-cost/budget-monitoring.yaml,Budget Monitoring,cloud-infrastructure,12,cloud-cost,expert,active,partial,high,1-2 hours,true,false,false,false,No,No,No,Yes,No,No,Yes,Yes,Yes
cloud-infrastructure.cloud-cost.commitment-coverage,12-cloud-infrastructure/cloud-cost/commitment-coverage.yaml,Commitment Coverage,cloud-infrastructure,12,cloud-cost,expert,active,partial,medium,2-3 hours,true,false,false,false,No,No,No,Yes,No,No,Yes,Yes,Yes
cloud-infrastructure.cloud-cost.cost-allocation,12-cloud-infrastructure/cloud-cost/cost-allocation.yaml,Cost Allocation,cloud-infrastructure,12,cloud-cost,expert,active,partial,medium,2-3 hours,true,false,false,false,No,No,No,Yes,No,No,Yes,Yes,Yes
cloud-infrastructure.cloud-cost.cost-anomaly-detection,12-cloud-infrastructure/cloud-cost/cost-anomaly-detection.yaml,Cost Anomaly Detection,cloud-infrastructure,12,cloud-cost,expert,active,partial,high,1-2 hours,true,false,false,false,No,No,No,Yes,No,No,Yes,Yes,Yes
cloud-infrastructure.cloud-cost.unused-resource-detection,12-cloud-infrastructure/cloud-cost/unused-resource-detection.yaml,Unused Resource Detection,cloud-infrastructure,12,cloud-cost,expert,active,partial,medium,2-3 hours,true,false,false,false,No,No,No,Yes,No,No,Yes,Yes,Yes
cloud-infrastructure.cloud-security.cloud-audit-logging,12-cloud-infrastructure/cloud-security/cloud-audit-logging.yaml,Cloud Audit Logging,cloud-infrastructure,12,cloud-security,expert,active,partial,critical,2-3 hours,true,false,false,false,No,No,No,Yes,No,No,Yes,Yes,Yes
cloud-infrastructure.cloud-security.compliance-controls,12-cloud-infrastructure/cloud-security/compliance-controls.yaml,Compliance Controls,cloud-infrastructure,12,cloud-security,expert,active,partial,high,4-6 hours,true,false,false,false,No,No,No,Yes,No,No,Yes,Yes,Yes
cloud-infrastructure.cloud-security.encryption-at-rest,12-cloud-infrastructure/cloud-security/encryption-at-rest.yaml,Encryption at Rest,cloud-infrastructure,12,cloud-security,expert,active,partial,high,2-3 hours,true,false,false,false,No,No,No,Yes,No,No,Yes,Yes,Yes
cloud-infrastructure.cloud-security.encryption-in-transit,12-cloud-infrastructure/cloud-security/encryption-in-transit.yaml,Encryption in Transit,cloud-infrastructure,12,cloud-security,expert,active,partial,high,2-3 hours,true,false,false,false,No,No,No,Yes,No,No,Yes,Yes,Yes
cloud-infrastructure.cloud-security.iam-configuration,12-cloud-infrastructure/cloud-security/iam-configuration.yaml,IAM Configuration,cloud-infrastructure,12,cloud-security,expert,active,partial,critical,3-4 hours,true,false,false,false,No,No,No,Yes,No,No,Yes,Yes,Yes
cloud-infrastructure.cloud-security.security-monitoring,12-cloud-infrastructure/cloud-security/security-monitoring.yaml,Security Monitoring,cloud-infrastructure,12,cloud-security,expert,active,partial,critical,3-4 hours,true,false,false,false,No,No,No,Yes,No,No,Yes,Yes,Yes
cloud-infrastructure.compute.auto-scaling-config,12-cloud-infrastructure/compute/auto-scaling-config.yaml,Auto-Scaling Configuration,cloud-infrastructure,12,compute,phd,active,partial,high,2-3 hours,true,false,false,false,No,No,No,Yes,No,No,Yes,Yes,Yes
cloud-infrastructure.compute.compute-placement,12-cloud-infrastructure/compute/compute-placement.yaml,Compute Placement,cloud-infrastructure,12,compute,phd,active,partial,medium,2-3 hours,true,false,false,false,No,No,No,Yes,No,No,Yes,Yes,Yes
cloud-infrastructure.compute.compute-redundancy,12-cloud-infrastructure/compute/compute-redundancy.yaml,Compute Redundancy,cloud-infrastructure,12,compute,phd,active,partial,critical,3-4 hours,true,false,false,false,No,No,No,Yes,No,No,Yes,Yes,Yes
cloud-infrastructure.compute.instance-right-sizing,12-cloud-infrastructure/compute/instance-right-sizing.yaml,Instance Right-Sizing,cloud-infrastructure,12,compute,phd,active,partial,high,3-4 hours,true,false,false,false,No,No,No,Yes,No,No,Yes,Yes,Yes
cloud-infrastructure.compute.reserved-capacity,12-cloud-infrastructure/compute/reserved-capacity.yaml,Reserved Capacity,cloud-infrastructure,12,compute,phd,active,partial,high,2-3 hours,true,false,false,false,No,No,No,Yes,No,No,Yes,Yes,Yes
cloud-infrastructure.compute.spot-instance-usage,12-cloud-infrastructure/compute/spot-instance-usage.yaml,Spot Instance Usage,cloud-infrastructure,12,compute,phd,active,partial,medium,2-3 hours,true,false,false,false,No,No,No,Yes,No,No,Yes,Yes,Yes
cloud-infrastructure.containers.container-health-checks,12-cloud-infrastructure/containers/container-health-checks.yaml,Container Health Checks,cloud-infrastructure,12,containers,expert,active,partial,high,1-2 hours,true,false,false,false,No,No,No,Yes,No,No,Yes,Yes,Yes
cloud-infrastructure.containers.container-image-security,12-cloud-infrastructure/containers/container-image-security.yaml,Container Image Security,cloud-infrastructure,12,containers,expert,active,partial,critical,2-3 hours,true,false,false,false,No,No,No,Yes,No,No,Yes,Yes,Yes
cloud-infrastructure.containers.container-logging,12-cloud-infrastructure/containers/container-logging.yaml,Container Logging,cloud-infrastructure,12,containers,expert,active,partial,high,2-3 hours,true,false,false,false,No,No,No,Yes,No,No,Yes,Yes,Yes
cloud-infrastructure.containers.container-networking,12-cloud-infrastructure/containers/container-networking.yaml,Container Networking,cloud-infrastructure,12,containers,phd,active,partial,high,2-3 hours,true,false,false,false,No,No,No,Yes,No,No,Yes,Yes,Yes
cloud-infrastructure.containers.container-orchestration,12-cloud-infrastructure/containers/container-orchestration.yaml,Container Orchestration,cloud-infrastructure,12,containers,phd,active,partial,high,3-4 hours,true,false,false,false,No,No,No,Yes,No,No,Yes,Yes,Yes
cloud-infrastructure.containers.container-resource-limits,12-cloud-infrastructure/containers/container-resource-limits.yaml,Container Resource Limits,cloud-infrastructure,12,containers,phd,active,partial,high,2-3 hours,true,false,false,false,No,No,No,Yes,No,No,Yes,Yes,Yes
cloud-infrastructure.networking.cdn-configuration,12-cloud-infrastructure/networking/cdn-configuration.yaml,CDN Configuration,cloud-infrastructure,12,networking,expert,active,partial,high,2-3 hours,true,false,false,false,No,No,No,Yes,No,No,Yes,Yes,Yes
cloud-infrastructure.networking.dns-configuration,12-cloud-infrastructure/networking/dns-configuration.yaml,DNS Configuration,cloud-infrastructure,12,networking,phd,active,partial,high,2-3 hours,true,false,false,false,No,No,No,Yes,No,No,Yes,Yes,Yes
cloud-infrastructure.networking.load-balancer-config,12-cloud-infrastructure/networking/load-balancer-config.yaml,Load Balancer Configuration,cloud-infrastructure,12,networking,phd,active,partial,high,2-3 hours,true,false,false,false,No,No,No,Yes,No,No,Yes,Yes,Yes
cloud-infrastructure.networking.network-security-groups,12-cloud-infrastructure/networking/network-security-groups.yaml,Network Security Groups,cloud-infrastructure,12,networking,phd,active,partial,critical,2-3 hours,true,false,false,false,No,No,No,Yes,No,No,Yes,Yes,Yes
cloud-infrastructure.networking.network-segmentation,12-cloud-infrastructure/networking/network-segmentation.yaml,Network Segmentation,cloud-infrastructure,12,networking,phd,active,partial,critical,3-4 hours,true,false,false,false,No,No,No,Yes,No,No,Yes,Yes,Yes
cloud-infrastructure.networking.private-connectivity,12-cloud-infrastructure/networking/private-connectivity.yaml,Private Connectivity,cloud-infrastructure,12,networking,phd,active,partial,high,2-3 hours,true,false,false,false,No,No,No,Yes,No,No,Yes,Yes,Yes
cloud-infrastructure.networking.vpc-design,12-cloud-infrastructure/networking/vpc-design.yaml,VPC Design,cloud-infrastructure,12,networking,phd,active,partial,critical,3-4 hours,true,false,false,false,No,No,No,Yes,No,No,Yes,Yes,Yes
cloud-infrastructure.serverless.cold-start-optimization,12-cloud-infrastructure/serverless/cold-start-optimization.yaml,Cold Start Optimization,cloud-infrastructure,12,serverless,phd,active,partial,high,2-3 hours,true,false,false,false,No,No,No,Yes,No,No,Yes,Yes,Yes
cloud-infrastructure.serverless.event-source-integration,12-cloud-infrastructure/serverless/event-source-integration.yaml,Event Source Integration,cloud-infrastructure,12,serverless,phd,active,partial,high,2-3 hours,true,false,false,false,No,No,No,Yes,No,No,Yes,Yes,Yes
cloud-infrastructure.serverless.function-sizing,12-cloud-infrastructure/serverless/function-sizing.yaml,Function Sizing,cloud-infrastructure,12,serverless,phd,active,partial,high,2-3 hours,true,false,false,false,No,No,No,Yes,No,No,Yes,Yes,Yes
cloud-infrastructure.serverless.serverless-monitoring,12-cloud-infrastructure/serverless/serverless-monitoring.yaml,Serverless Monitoring,cloud-infrastructure,12,serverless,phd,active,partial,high,2-3 hours,true,false,false,false,No,No,No,Yes,No,No,Yes,Yes,Yes
cloud-infrastructure.serverless.serverless-security,12-cloud-infrastructure/serverless/serverless-security.yaml,Serverless Security,cloud-infrastructure,12,serverless,phd,active,partial,critical,3-4 hours,true,false,false,false,No,No,No,Yes,No,No,Yes,Yes,Yes
cloud-infrastructure.service-mesh.mesh-configuration,12-cloud-infrastructure/service-mesh/mesh-configuration.yaml,Mesh Configuration,cloud-infrastructure,12,service-mesh,expert,active,partial,high,2-3 hours,true,false,false,false,No,No,No,Yes,No,No,Yes,Yes,Yes
cloud-infrastructure.service-mesh.observability-integration,12-cloud-infrastructure/service-mesh/observability-integration.yaml,Observability Integration,cloud-infrastructure,12,service-mesh,expert,active,partial,high,2-3 hours,true,false,false,false,No,No,No,Yes,No,No,Yes,Yes,Yes
cloud-infrastructure.service-mesh.service-discovery,12-cloud-infrastructure/service-mesh/service-discovery.yaml,Service Discovery,cloud-infrastructure,12,service-mesh,expert,active,partial,high,2 hours,true,false,false,false,No,No,No,Yes,No,No,Yes,Yes,Yes
cloud-infrastructure.service-mesh.service-mesh-security,12-cloud-infrastructure/service-mesh/service-mesh-security.yaml,Service Mesh Security,cloud-infrastructure,12,service-mesh,expert,active,partial,critical,3-4 hours,true,false,false,false,No,No,No,Yes,No,No,Yes,Yes,Yes
cloud-infrastructure.service-mesh.traffic-management,12-cloud-infrastructure/service-mesh/traffic-management.yaml,Traffic Management,cloud-infrastructure,12,service-mesh,expert,active,partial,high,2-3 hours,true,false,false,false,No,No,No,Yes,No,No,Yes,Yes,Yes
cloud-infrastructure.storage.storage-access-patterns,12-cloud-infrastructure/storage/storage-access-patterns.yaml,Storage Access Patterns,cloud-infrastructure,12,storage,phd,active,partial,medium,3-4 hours,true,false,false,false,No,No,No,Yes,No,No,Yes,Yes,Yes
cloud-infrastructure.storage.storage-cost-optimization,12-cloud-infrastructure/storage/storage-cost-optimization.yaml,Storage Cost Optimization,cloud-infrastructure,12,storage,phd,active,partial,high,3-4 hours,true,false,false,false,No,No,No,Yes,No,No,Yes,Yes,Yes
cloud-infrastructure.storage.storage-encryption,12-cloud-infrastructure/storage/storage-encryption.yaml,Storage Encryption,cloud-infrastructure,12,storage,phd,active,partial,critical,2-3 hours,true,false,false,false,No,No,No,Yes,No,No,Yes,Yes,Yes
cloud-infrastructure.storage.storage-lifecycle,12-cloud-infrastructure/storage/storage-lifecycle.yaml,Storage Lifecycle,cloud-infrastructure,12,storage,phd,active,partial,high,2-3 hours,true,false,false,false,No,No,No,Yes,No,No,Yes,Yes,Yes
cloud-infrastructure.storage.storage-replication,12-cloud-infrastructure/storage/storage-replication.yaml,Storage Replication,cloud-infrastructure,12,storage,phd,active,partial,critical,2-3 hours,true,false,false,false,No,No,No,Yes,No,No,Yes,Yes,Yes
cloud-infrastructure.storage.storage-tiering,12-cloud-infrastructure/storage/storage-tiering.yaml,Storage Tiering,cloud-infrastructure,12,storage,phd,active,partial,high,2-3 hours,true,false,false,false,No,No,No,Yes,No,No,Yes,Yes,Yes
infrastructure-as-code.cicd-integration.approval-workflow,13-infrastructure-as-code/cicd-integration/approval-workflow.yaml,Approval Workflow,infrastructure-as-code,13,cicd-integration,phd,active,partial,critical,2-3 hours,false,false,false,false,No,No,No,Yes,Yes,No,Yes,Yes,Yes
infrastructure-as-code.cicd-integration.automated-apply-policy,13-infrastructure-as-code/cicd-integration/automated-apply-policy.yaml,Automated Apply Policy,infrastructure-as-code,13,cicd-integration,phd,active,partial,high,2-3 hours,false,false,false,false,No,No,No,Yes,Yes,No,Yes,Yes,Yes
infrastructure-as-code.cicd-integration.change-documentation,13-infrastructure-as-code/cicd-integration/change-documentation.yaml,Change Documentation,infrastructure-as-code,13,cicd-integration,phd,active,partial,medium,2-3 hours,false,false,false,false,No,No,No,Yes,Yes,No,Yes,Yes,Yes
infrastructure-as-code.cicd-integration.iac-pipeline,13-infrastructure-as-code/cicd-integration/iac-pipeline.yaml,IaC Pipeline,infrastructure-as-code,13,cicd-integration,phd,active,partial,critical,3-4 hours,false,false,false,false,No,No,No,Yes,Yes,No,Yes,Yes,Yes
infrastructure-as-code.cicd-integration.rollback-strategy,13-infrastructure-as-code/cicd-integration/rollback-strategy.yaml,Rollback Strategy,infrastructure-as-code,13,cicd-integration,phd,active,partial,high,2-3 hours,false,false,false,false,No,No,No,Yes,Yes,No,Yes,Yes,Yes
infrastructure-as-code.drift-detection.configuration-drift,13-infrastructure-as-code/drift-detection/configuration-drift.yaml,IaC Configuration Drift,infrastructure-as-code,13,drift-detection,phd,active,partial,high,2 hours,true,false,false,false,No,No,No,Yes,Yes,No,Yes,Yes,Yes
infrastructure-as-code.drift-detection.drift-detection-process,13-infrastructure-as-code/drift-detection/drift-detection-process.yaml,IaC Drift Detection Process,infrastructure-as-code,13,drift-detection,phd,active,partial,high,2 hours,false,false,false,false,No,No,No,Yes,Yes,No,Yes,Yes,Yes
infrastructure-as-code.drift-detection.drift-remediation-process,13-infrastructure-as-code/drift-detection/drift-remediation-process.yaml,IaC Drift Remediation Process,infrastructure-as-code,13,drift-detection,phd,active,manual,high,1.5 hours,false,false,false,false,No,No,No,Yes,Yes,No,Yes,Yes,Yes
infrastructure-as-code.drift-detection.manual-change-detection,13-infrastructure-as-code/drift-detection/manual-change-detection.yaml,IaC Manual Change Detection,infrastructure-as-code,13,drift-detection,phd,active,partial,high,2 hours,true,false,false,false,No,No,No,Yes,Yes,No,Yes,Yes,Yes
infrastructure-as-code.iac-operations.dependency-management,13-infrastructure-as-code/iac-operations/dependency-management.yaml,Dependency Management,infrastructure-as-code,13,iac-operations,expert,active,partial,medium,2-3 hours,false,false,false,false,No,No,No,Yes,Yes,No,Yes,Yes,Yes
infrastructure-as-code.iac-operations.import-state-management,13-infrastructure-as-code/iac-operations/import-state-management.yaml,Import State Management,infrastructure-as-code,13,iac-operations,phd,active,partial,high,2-3 hours,false,false,false,false,No,No,No,Yes,Yes,No,Yes,Yes,Yes
infrastructure-as-code.iac-operations.output-management,13-infrastructure-as-code/iac-operations/output-management.yaml,Output Management,infrastructure-as-code,13,iac-operations,expert,active,partial,medium,1-2 hours,false,false,false,false,No,No,No,Yes,Yes,No,Yes,Yes,Yes
infrastructure-as-code.iac-operations.resource-tagging,13-infrastructure-as-code/iac-operations/resource-tagging.yaml,Resource Tagging,infrastructure-as-code,13,iac-operations,phd,active,partial,high,2-3 hours,false,false,false,false,No,No,No,Yes,Yes,No,Yes,Yes,Yes
infrastructure-as-code.iac-operations.workspace-strategy,13-infrastructure-as-code/iac-operations/workspace-strategy.yaml,Workspace Strategy,infrastructure-as-code,13,iac-operations,phd,active,partial,high,2-3 hours,false,false,false,false,No,No,No,Yes,Yes,No,Yes,Yes,Yes
infrastructure-as-code.iac-structure.code-reusability,13-infrastructure-as-code/iac-structure/code-reusability.yaml,IaC Code Reusability,infrastructure-as-code,13,iac-structure,phd,active,partial,medium,2 hours,false,false,false,false,No,No,No,Yes,Yes,No,Yes,Yes,Yes
infrastructure-as-code.iac-structure.environment-separation,13-infrastructure-as-code/iac-structure/environment-separation.yaml,IaC Environment Separation,infrastructure-as-code,13,iac-structure,phd,active,partial,high,2 hours,false,false,false,false,No,No,No,Yes,Yes,No,Yes,Yes,Yes
infrastructure-as-code.iac-structure.file-structure,13-infrastructure-as-code/iac-structure/file-structure.yaml,IaC File Structure,infrastructure-as-code,13,iac-structure,expert,active,yes,medium,1 hour,false,false,false,false,No,No,No,Yes,Yes,No,Yes,Yes,Yes
infrastructure-as-code.iac-structure.module-organization,13-infrastructure-as-code/iac-structure/module-organization.yaml,IaC Module Organization,infrastructure-as-code,13,iac-structure,phd,active,partial,high,2 hours,false,false,false,false,No,No,No,Yes,Yes,No,Yes,Yes,Yes
infrastructure-as-code.iac-structure.naming-convention,13-infrastructure-as-code/iac-structure/naming-convention.yaml,IaC Naming Convention,infrastructure-as-code,13,iac-structure,expert,active,partial,medium,1.5 hours,false,false,false,false,No,No,No,Yes,Yes,No,Yes,Yes,Yes
infrastructure-as-code.iac-structure.variable-organization,13-infrastructure-as-code/iac-structure/variable-organization.yaml,IaC Variable Organization,infrastructure-as-code,13,iac-structure,expert,active,partial,medium,1.5 hours,false,false,false,false,No,No,No,Yes,Yes,No,Yes,Yes,Yes
infrastructure-as-code.provider-version.module-version-pinning,13-infrastructure-as-code/provider-version/module-version-pinning.yaml,Module Version Pinning,infrastructure-as-code,13,provider-version,expert,active,yes,high,1-2 hours,false,false,false,false,No,No,No,Yes,Yes,No,Yes,Yes,Yes
infrastructure-as-code.provider-version.provider-authentication,13-infrastructure-as-code/provider-version/provider-authentication.yaml,Provider Authentication,infrastructure-as-code,13,provider-version,phd,active,partial,critical,2-3 hours,false,false,false,false,No,No,No,Yes,Yes,No,Yes,Yes,Yes
infrastructure-as-code.provider-version.provider-version-pinning,13-infrastructure-as-code/provider-version/provider-version-pinning.yaml,Provider Version Pinning,infrastructure-as-code,13,provider-version,expert,active,yes,high,1-2 hours,false,false,false,false,No,No,No,Yes,Yes,No,Yes,Yes,Yes
infrastructure-as-code.provider-version.terraform-tool-version,13-infrastructure-as-code/provider-version/terraform-tool-version.yaml,Terraform Tool Version,infrastructure-as-code,13,provider-version,expert,active,yes,high,1-2 hours,false,false,false,false,No,No,No,Yes,Yes,No,Yes,Yes,Yes
infrastructure-as-code.provider-version.upgrade-strategy,13-infrastructure-as-code/provider-version/upgrade-strategy.yaml,Upgrade Strategy,infrastructure-as-code,13,provider-version,phd,active,partial,medium,2-3 hours,false,false,false,false,No,No,No,Yes,Yes,No,Yes,Yes,Yes
infrastructure-as-code.security-compliance.compliance-rule-coverage,13-infrastructure-as-code/security-compliance/compliance-rule-coverage.yaml,IaC Compliance Rule Coverage,infrastructure-as-code,13,security-compliance,phd,active,partial,high,2.5 hours,false,false,false,false,No,No,No,Yes,Yes,No,Yes,Yes,Yes
infrastructure-as-code.security-compliance.least-privilege,13-infrastructure-as-code/security-compliance/least-privilege.yaml,IaC Least Privilege,infrastructure-as-code,13,security-compliance,phd,active,partial,critical,2 hours,false,false,false,false,No,No,No,Yes,Yes,No,Yes,Yes,Yes
infrastructure-as-code.security-compliance.policy-as-code,13-infrastructure-as-code/security-compliance/policy-as-code.yaml,IaC Policy as Code,infrastructure-as-code,13,security-compliance,phd,active,partial,high,2 hours,false,false,false,false,No,No,No,Yes,Yes,No,Yes,Yes,Yes
infrastructure-as-code.security-compliance.secret-handling,13-infrastructure-as-code/security-compliance/secret-handling.yaml,IaC Secret Handling,infrastructure-as-code,13,security-compliance,phd,active,partial,critical,2 hours,false,false,false,false,No,No,No,Yes,Yes,No,Yes,Yes,Yes
infrastructure-as-code.security-compliance.security-scanning-integration,13-infrastructure-as-code/security-compliance/security-scanning-integration.yaml,IaC Security Scanning Integration,infrastructure-as-code,13,security-compliance,phd,active,partial,high,1.5 hours,false,false,false,false,No,No,No,Yes,Yes,No,Yes,Yes,Yes
infrastructure-as-code.state-management.remote-state-access,13-infrastructure-as-code/state-management/remote-state-access.yaml,IaC Remote State Access,infrastructure-as-code,13,state-management,phd,active,partial,high,1.5 hours,false,false,false,false,No,No,No,Yes,Yes,No,Yes,Yes,Yes
infrastructure-as-code.state-management.state-backend-security,13-infrastructure-as-code/state-management/state-backend-security.yaml,IaC State Backend Security,infrastructure-as-code,13,state-management,phd,active,partial,critical,2 hours,false,false,false,false,No,No,No,Yes,Yes,No,Yes,Yes,Yes
infrastructure-as-code.state-management.state-backup,13-infrastructure-as-code/state-management/state-backup.yaml,IaC State Backup,infrastructure-as-code,13,state-management,phd,active,partial,high,1.5 hours,false,false,false,false,No,No,No,Yes,Yes,No,Yes,Yes,Yes
infrastructure-as-code.state-management.state-encryption,13-infrastructure-as-code/state-management/state-encryption.yaml,IaC State Encryption,infrastructure-as-code,13,state-management,phd,active,partial,critical,1.5 hours,false,false,false,false,No,No,No,Yes,Yes,No,Yes,Yes,Yes
infrastructure-as-code.state-management.state-file-segmentation,13-infrastructure-as-code/state-management/state-file-segmentation.yaml,IaC State File Segmentation,infrastructure-as-code,13,state-management,phd,active,partial,high,2 hours,false,false,false,false,No,No,No,Yes,Yes,No,Yes,Yes,Yes
infrastructure-as-code.state-management.state-locking,13-infrastructure-as-code/state-management/state-locking.yaml,IaC State Locking,infrastructure-as-code,13,state-management,phd,active,partial,high,1.5 hours,false,false,false,false,No,No,No,Yes,Yes,No,Yes,Yes,Yes
infrastructure-as-code.testing-validation.cost-estimation,13-infrastructure-as-code/testing-validation/cost-estimation.yaml,Cost Estimation,infrastructure-as-code,13,testing-validation,phd,active,partial,medium,2-3 hours,false,false,false,false,No,No,No,Yes,Yes,No,Yes,Yes,Yes
infrastructure-as-code.testing-validation.iac-integration-testing,13-infrastructure-as-code/testing-validation/iac-integration-testing.yaml,IaC Integration Testing,infrastructure-as-code,13,testing-validation,phd,active,partial,high,3-5 hours,true,false,false,false,No,No,No,Yes,Yes,No,Yes,Yes,Yes
infrastructure-as-code.testing-validation.iac-unit-testing,13-infrastructure-as-code/testing-validation/iac-unit-testing.yaml,IaC Unit Testing,infrastructure-as-code,13,testing-validation,phd,active,partial,high,2-4 hours,false,false,false,false,No,No,No,Yes,Yes,No,Yes,Yes,Yes
infrastructure-as-code.testing-validation.plan-review-process,13-infrastructure-as-code/testing-validation/plan-review-process.yaml,Plan Review Process,infrastructure-as-code,13,testing-validation,phd,active,partial,critical,2-3 hours,false,false,false,false,No,No,No,Yes,Yes,No,Yes,Yes,Yes
infrastructure-as-code.testing-validation.validation-rule,13-infrastructure-as-code/testing-validation/validation-rule.yaml,Validation Rules,infrastructure-as-code,13,testing-validation,phd,active,partial,high,2-3 hours,false,false,false,false,No,No,No,Yes,Yes,No,Yes,Yes,Yes
usability-interaction.cognitive-load.attention-management,14-usability-interaction/cognitive-load/attention-management.yaml,Attention Management Assessment,usability-interaction,14,cognitive-load,phd,active,partial,medium,2-3 hours,true,false,false,false,No,Yes,No,Yes,Yes,Yes,No,No,Yes
usability-interaction.cognitive-load.choice-overload,14-usability-interaction/cognitive-load/choice-overload.yaml,Choice Overload Assessment,usability-interaction,14,cognitive-load,expert,active,partial,medium,2-3 hours,true,false,false,false,No,Yes,No,Yes,Yes,Yes,No,No,Yes
usability-interaction.cognitive-load.grouping-chunking,14-usability-interaction/cognitive-load/grouping-chunking.yaml,Grouping and Chunking Assessment,usability-interaction,14,cognitive-load,expert,active,partial,medium,2-3 hours,true,false,false,false,No,Yes,No,Yes,Yes,Yes,No,No,Yes
usability-interaction.cognitive-load.information-density,14-usability-interaction/cognitive-load/information-density.yaml,Information Density Assessment,usability-interaction,14,cognitive-load,expert,active,partial,medium,2-3 hours,true,false,false,false,No,Yes,No,Yes,Yes,Yes,No,No,Yes
usability-interaction.cognitive-load.memory-load,14-usability-interaction/cognitive-load/memory-load.yaml,Memory Load Assessment,usability-interaction,14,cognitive-load,expert,active,partial,medium,2-3 hours,true,false,false,false,No,Yes,No,Yes,Yes,Yes,No,No,Yes
usability-interaction.cognitive-load.visual-hierarchy,14-usability-interaction/cognitive-load/visual-hierarchy.yaml,Visual Hierarchy Assessment,usability-interaction,14,cognitive-load,phd,active,partial,medium,2-3 hours,true,false,false,false,No,Yes,No,Yes,Yes,Yes,No,No,Yes
usability-interaction.consistency.component-reuse,14-usability-interaction/consistency/component-reuse.yaml,Component Reuse Assessment,usability-interaction,14,consistency,phd,active,partial,medium,3-4 hours,true,false,false,false,No,Yes,No,Yes,Yes,Yes,No,No,Yes
usability-interaction.consistency.cross-platform-consistency,14-usability-interaction/consistency/cross-platform-consistency.yaml,Cross-Platform Consistency Assessment,usability-interaction,14,consistency,phd,active,partial,medium,4-6 hours,true,false,false,false,No,Yes,No,Yes,Yes,Yes,No,No,Yes
usability-interaction.consistency.interaction-pattern-consistency,14-usability-interaction/consistency/interaction-pattern-consistency.yaml,Interaction Pattern Consistency Assessment,usability-interaction,14,consistency,phd,active,partial,high,3-4 hours,true,false,false,false,No,Yes,No,Yes,Yes,Yes,No,No,Yes
usability-interaction.consistency.terminology-consistency,14-usability-interaction/consistency/terminology-consistency.yaml,Terminology Consistency Assessment,usability-interaction,14,consistency,phd,active,partial,medium,2-3 hours,true,false,false,false,No,Yes,No,Yes,Yes,Yes,No,No,Yes
usability-interaction.consistency.visual-consistency,14-usability-interaction/consistency/visual-consistency.yaml,Visual Consistency Assessment,usability-interaction,14,consistency,phd,active,partial,medium,3-4 hours,true,false,false,false,No,Yes,No,Yes,Yes,Yes,No,No,Yes
usability-interaction.efficiency.auto-complete-suggestion,14-usability-interaction/efficiency/auto-complete-suggestion.yaml,Auto-Complete and Suggestion Audit,usability-interaction,14,efficiency,expert,active,partial,medium,2 hours,true,false,false,false,No,Yes,No,Yes,Yes,Yes,No,No,Yes
usability-interaction.efficiency.batch-operation-support,14-usability-interaction/efficiency/batch-operation-support.yaml,Batch Operation Support Audit,usability-interaction,14,efficiency,expert,active,partial,medium,2 hours,true,false,false,false,No,Yes,No,Yes,Yes,Yes,No,No,Yes
usability-interaction.efficiency.click-tap-depth,14-usability-interaction/efficiency/click-tap-depth.yaml,Click/Tap Depth Audit,usability-interaction,14,efficiency,expert,active,partial,medium,2 hours,true,false,false,false,No,Yes,No,Yes,Yes,Yes,No,No,Yes
usability-interaction.efficiency.default-value-appropriateness,14-usability-interaction/efficiency/default-value-appropriateness.yaml,Default Value Appropriateness Audit,usability-interaction,14,efficiency,expert,active,partial,medium,2 hours,true,false,false,false,No,Yes,No,Yes,Yes,Yes,No,No,Yes
usability-interaction.efficiency.frequent-action-optimization,14-usability-interaction/efficiency/frequent-action-optimization.yaml,Frequent Action Optimization Audit,usability-interaction,14,efficiency,expert,active,partial,high,3 hours,true,false,false,false,No,Yes,No,Yes,Yes,Yes,No,No,Yes
usability-interaction.efficiency.shortcut-availability,14-usability-interaction/efficiency/shortcut-availability.yaml,Shortcut Availability Audit,usability-interaction,14,efficiency,expert,active,partial,medium,2 hours,true,false,false,false,No,Yes,No,Yes,Yes,Yes,No,No,Yes
usability-interaction.efficiency.task-completion-time,14-usability-interaction/efficiency/task-completion-time.yaml,Task Completion Time Audit,usability-interaction,14,efficiency,expert,active,partial,high,4 hours,true,false,false,false,No,Yes,No,Yes,Yes,Yes,No,No,Yes
usability-interaction.error-prevention.data-loss-prevention,14-usability-interaction/error-prevention/data-loss-prevention.yaml,Data Loss Prevention Assessment,usability-interaction,14,error-prevention,expert,active,partial,high,2-3 hours,true,false,false,false,No,Yes,No,Yes,Yes,Yes,No,No,Yes
usability-interaction.error-prevention.destructive-action-safeguard,14-usability-interaction/error-prevention/destructive-action-safeguard.yaml,Destructive Action Safeguard Assessment,usability-interaction,14,error-prevention,phd,active,partial,critical,2-3 hours,true,false,false,false,No,Yes,No,Yes,Yes,Yes,No,No,Yes
usability-interaction.error-prevention.draft-auto-save,14-usability-interaction/error-prevention/draft-auto-save.yaml,Draft Auto-Save Assessment,usability-interaction,14,error-prevention,expert,active,partial,medium,2-3 hours,true,false,false,false,No,Yes,No,Yes,Yes,Yes,No,No,Yes
usability-interaction.error-prevention.error-message-clarity,14-usability-interaction/error-prevention/error-message-clarity.yaml,Error Message Clarity Assessment,usability-interaction,14,error-prevention,phd,active,partial,high,2-3 hours,true,false,false,false,No,Yes,No,Yes,Yes,Yes,No,No,Yes
usability-interaction.error-prevention.input-constraint,14-usability-interaction/error-prevention/input-constraint.yaml,Input Constraint Assessment,usability-interaction,14,error-prevention,expert,active,partial,medium,2-3 hours,true,false,false,false,No,Yes,No,Yes,Yes,Yes,No,No,Yes
usability-interaction.error-prevention.recovery-path,14-usability-interaction/error-prevention/recovery-path.yaml,Recovery Path Assessment,usability-interaction,14,error-prevention,expert,active,partial,high,2-3 hours,true,false,false,false,No,Yes,No,Yes,Yes,Yes,No,No,Yes
usability-interaction.feedback-response.confirmation-dialog,14-usability-interaction/feedback-response/confirmation-dialog.yaml,Confirmation Dialog Audit,usability-interaction,14,feedback-response,expert,active,partial,high,1.5 hours,true,false,false,false,No,Yes,No,Yes,Yes,Yes,No,No,Yes
usability-interaction.feedback-response.loading-state,14-usability-interaction/feedback-response/loading-state.yaml,Loading State Audit,usability-interaction,14,feedback-response,expert,active,partial,medium,2 hours,true,false,false,false,No,Yes,No,Yes,Yes,Yes,No,No,Yes
usability-interaction.feedback-response.progress-indicator,14-usability-interaction/feedback-response/progress-indicator.yaml,Progress Indicator Audit,usability-interaction,14,feedback-response,expert,active,partial,medium,2 hours,true,false,false,false,No,Yes,No,Yes,Yes,Yes,No,No,Yes
usability-interaction.feedback-response.real-time-validation,14-usability-interaction/feedback-response/real-time-validation.yaml,Real-Time Validation Audit,usability-interaction,14,feedback-response,expert,active,partial,medium,2 hours,true,false,false,false,No,Yes,No,Yes,Yes,Yes,No,No,Yes
usability-interaction.feedback-response.success-error-feedback,14-usability-interaction/feedback-response/success-error-feedback.yaml,Success and Error Feedback Audit,usability-interaction,14,feedback-response,expert,active,partial,high,2 hours,true,false,false,false,No,Yes,No,Yes,Yes,Yes,No,No,Yes
usability-interaction.feedback-response.system-status-visibility,14-usability-interaction/feedback-response/system-status-visibility.yaml,System Status Visibility Audit,usability-interaction,14,feedback-response,expert,active,partial,high,3 hours,true,false,false,false,No,Yes,No,Yes,Yes,Yes,No,No,Yes
usability-interaction.feedback-response.undo-redo-capability,14-usability-interaction/feedback-response/undo-redo-capability.yaml,Undo/Redo Capability Audit,usability-interaction,14,feedback-response,expert,active,partial,high,2 hours,true,false,false,false,No,Yes,No,Yes,Yes,Yes,No,No,Yes
usability-interaction.forms-input.autofill-compatibility,14-usability-interaction/forms-input/autofill-compatibility.yaml,Autofill Compatibility Assessment,usability-interaction,14,forms-input,expert,active,partial,medium,1-2 hours,true,false,false,false,No,Yes,No,Yes,Yes,Yes,No,No,Yes
usability-interaction.forms-input.field-label-clarity,14-usability-interaction/forms-input/field-label-clarity.yaml,Field Label Clarity Assessment,usability-interaction,14,forms-input,phd,active,partial,high,2-3 hours,true,false,false,false,No,Yes,No,Yes,Yes,Yes,No,No,Yes
usability-interaction.forms-input.form-layout,14-usability-interaction/forms-input/form-layout.yaml,Form Layout Assessment,usability-interaction,14,forms-input,expert,active,partial,high,2-4 hours,true,false,false,false,No,Yes,No,Yes,Yes,Yes,No,No,Yes
usability-interaction.forms-input.form-length-complexity,14-usability-interaction/forms-input/form-length-complexity.yaml,Form Length and Complexity Assessment,usability-interaction,14,forms-input,phd,active,partial,high,2-3 hours,true,false,false,false,No,Yes,No,Yes,Yes,Yes,No,No,Yes
usability-interaction.forms-input.input-type-appropriateness,14-usability-interaction/forms-input/input-type-appropriateness.yaml,Input Type Appropriateness Assessment,usability-interaction,14,forms-input,phd,active,partial,medium,2-3 hours,true,false,false,false,No,Yes,No,Yes,Yes,Yes,No,No,Yes
usability-interaction.forms-input.multi-step-form-flow,14-usability-interaction/forms-input/multi-step-form-flow.yaml,Multi-Step Form Flow Assessment,usability-interaction,14,forms-input,phd,active,partial,high,2-3 hours,true,false,false,false,No,Yes,No,Yes,Yes,Yes,No,No,Yes
usability-interaction.forms-input.required-field-indication,14-usability-interaction/forms-input/required-field-indication.yaml,Required Field Indication Assessment,usability-interaction,14,forms-input,expert,active,partial,medium,1-2 hours,true,false,false,false,No,Yes,No,Yes,Yes,Yes,No,No,Yes
usability-interaction.forms-input.validation-message,14-usability-interaction/forms-input/validation-message.yaml,Validation Message Assessment,usability-interaction,14,forms-input,phd,active,partial,high,2-3 hours,true,false,false,false,No,Yes,No,Yes,Yes,Yes,No,No,Yes
usability-interaction.learnability.empty-state-design,14-usability-interaction/learnability/empty-state-design.yaml,Empty State Design Audit,usability-interaction,14,learnability,expert,active,partial,medium,2 hours,true,false,false,false,No,Yes,No,Yes,Yes,Yes,No,No,Yes
usability-interaction.learnability.feature-discovery,14-usability-interaction/learnability/feature-discovery.yaml,Feature Discovery Audit,usability-interaction,14,learnability,expert,active,partial,medium,3 hours,true,false,false,false,No,Yes,No,Yes,Yes,Yes,No,No,Yes
usability-interaction.learnability.first-use-experience,14-usability-interaction/learnability/first-use-experience.yaml,First-Use Experience Audit,usability-interaction,14,learnability,expert,active,partial,high,3 hours,true,false,false,false,No,Yes,No,Yes,Yes,Yes,No,No,Yes
usability-interaction.learnability.onboarding-flow,14-usability-interaction/learnability/onboarding-flow.yaml,Onboarding Flow Audit,usability-interaction,14,learnability,expert,active,partial,high,4 hours,true,false,false,false,No,Yes,No,Yes,Yes,Yes,No,No,Yes
usability-interaction.learnability.progressive-disclosure,14-usability-interaction/learnability/progressive-disclosure.yaml,Progressive Disclosure Audit,usability-interaction,14,learnability,expert,active,partial,medium,3 hours,true,false,false,false,No,Yes,No,Yes,Yes,Yes,No,No,Yes
usability-interaction.learnability.tooltip-help-text,14-usability-interaction/learnability/tooltip-help-text.yaml,Tooltip and Help Text Audit,usability-interaction,14,learnability,expert,active,partial,medium,2 hours,true,false,false,false,No,Yes,No,Yes,Yes,Yes,No,No,Yes
usability-interaction.mobile-touch.device-orientation-handling,14-usability-interaction/mobile-touch/device-orientation-handling.yaml,Device Orientation Handling Assessment,usability-interaction,14,mobile-touch,expert,active,partial,medium,1-2 hours,true,false,false,false,No,Yes,No,Yes,Yes,Yes,No,No,Yes
usability-interaction.mobile-touch.gesture-support,14-usability-interaction/mobile-touch/gesture-support.yaml,Gesture Support Assessment,usability-interaction,14,mobile-touch,phd,active,partial,medium,2-3 hours,true,false,false,false,No,Yes,No,Yes,Yes,Yes,No,No,Yes
usability-interaction.mobile-touch.mobile-navigation,14-usability-interaction/mobile-touch/mobile-navigation.yaml,Mobile Navigation Assessment,usability-interaction,14,mobile-touch,expert,active,partial,high,2-3 hours,true,false,false,false,No,Yes,No,Yes,Yes,Yes,No,No,Yes
usability-interaction.mobile-touch.responsive-behavior,14-usability-interaction/mobile-touch/responsive-behavior.yaml,Responsive Behavior Assessment,usability-interaction,14,mobile-touch,phd,active,partial,high,3-4 hours,true,false,false,false,No,Yes,No,Yes,Yes,Yes,No,No,Yes
usability-interaction.mobile-touch.thumb-zone-optimization,14-usability-interaction/mobile-touch/thumb-zone-optimization.yaml,Thumb Zone Optimization Assessment,usability-interaction,14,mobile-touch,expert,active,partial,medium,2-3 hours,true,false,false,false,No,Yes,No,Yes,Yes,Yes,No,No,Yes
usability-interaction.mobile-touch.touch-target-size,14-usability-interaction/mobile-touch/touch-target-size.yaml,Touch Target Size Assessment,usability-interaction,14,mobile-touch,phd,active,partial,high,2-3 hours,true,false,false,false,No,Yes,No,Yes,Yes,Yes,No,No,Yes
usability-interaction.navigation.back-button-behavior,14-usability-interaction/navigation/back-button-behavior.yaml,Back Button Behavior Audit,usability-interaction,14,navigation,expert,active,partial,high,1.5 hours,true,false,false,false,No,Yes,No,Yes,Yes,Yes,No,No,Yes
usability-interaction.navigation.breadcrumb,14-usability-interaction/navigation/breadcrumb.yaml,Breadcrumb Navigation Audit,usability-interaction,14,navigation,expert,active,partial,medium,1.5 hours,true,false,false,false,No,Yes,No,Yes,Yes,Yes,No,No,Yes
usability-interaction.navigation.cross-link-discoverability,14-usability-interaction/navigation/cross-link-discoverability.yaml,Cross-Link Discoverability Audit,usability-interaction,14,navigation,expert,active,partial,medium,2 hours,true,false,false,false,No,Yes,No,Yes,Yes,Yes,No,No,Yes
usability-interaction.navigation.deep-linking,14-usability-interaction/navigation/deep-linking.yaml,Deep Linking Audit,usability-interaction,14,navigation,expert,active,partial,medium,2 hours,true,false,false,false,No,Yes,No,Yes,Yes,Yes,No,No,Yes
usability-interaction.navigation.menu-organization,14-usability-interaction/navigation/menu-organization.yaml,Menu Organization Audit,usability-interaction,14,navigation,expert,active,partial,medium,2 hours,true,false,false,false,No,Yes,No,Yes,Yes,Yes,No,No,Yes
usability-interaction.navigation.navigation-structure,14-usability-interaction/navigation/navigation-structure.yaml,Navigation Structure Audit,usability-interaction,14,navigation,expert,active,partial,high,4 hours,true,false,false,false,No,Yes,No,Yes,Yes,Yes,No,No,Yes
usability-interaction.navigation.search-functionality,14-usability-interaction/navigation/search-functionality.yaml,Search Functionality Audit,usability-interaction,14,navigation,expert,active,partial,high,3 hours,true,false,false,false,No,Yes,No,Yes,Yes,Yes,No,No,Yes
accessibility-inclusion.assistive-technology.braille-display-compatibility,15-accessibility-inclusion/assistive-technology/braille-display-compatibility.yaml,Braille Display Compatibility,accessibility-inclusion,15,assistive-technology,phd,active,manual,medium,2-3 hours,true,false,false,false,No,Yes,No,Yes,Yes,Yes,No,No,Yes
accessibility-inclusion.assistive-technology.magnification-compatibility,15-accessibility-inclusion/assistive-technology/magnification-compatibility.yaml,Screen Magnification Compatibility,accessibility-inclusion,15,assistive-technology,phd,active,manual,high,2-3 hours,true,false,false,false,No,Yes,No,Yes,Yes,Yes,No,No,Yes
accessibility-inclusion.assistive-technology.screen-reader-flow,15-accessibility-inclusion/assistive-technology/screen-reader-flow.yaml,Screen Reader Navigation Flow,accessibility-inclusion,15,assistive-technology,phd,active,manual,high,3-4 hours,true,false,false,false,No,Yes,No,Yes,Yes,Yes,No,No,Yes
accessibility-inclusion.assistive-technology.switch-device-compatibility,15-accessibility-inclusion/assistive-technology/switch-device-compatibility.yaml,Switch Device Compatibility,accessibility-inclusion,15,assistive-technology,phd,active,manual,high,2-3 hours,true,false,false,false,No,Yes,No,Yes,Yes,Yes,No,No,Yes
accessibility-inclusion.assistive-technology.voice-control-compatibility,15-accessibility-inclusion/assistive-technology/voice-control-compatibility.yaml,Voice Control Compatibility,accessibility-inclusion,15,assistive-technology,phd,active,manual,high,2-3 hours,true,false,false,false,No,Yes,No,Yes,Yes,Yes,No,No,Yes
accessibility-inclusion.cognitive-accessibility.clear-language,15-accessibility-inclusion/cognitive-accessibility/clear-language.yaml,Clear Language and Plain Writing,accessibility-inclusion,15,cognitive-accessibility,phd,active,partial,medium,2-4 hours,true,false,false,false,No,Yes,No,Yes,Yes,Yes,No,No,Yes
accessibility-inclusion.cognitive-accessibility.consistent-layout,15-accessibility-inclusion/cognitive-accessibility/consistent-layout.yaml,Consistent Layout and Visual Design,accessibility-inclusion,15,cognitive-accessibility,phd,active,partial,medium,2-3 hours,true,false,false,false,No,Yes,No,Yes,Yes,Yes,No,No,Yes
accessibility-inclusion.cognitive-accessibility.distraction-minimization,15-accessibility-inclusion/cognitive-accessibility/distraction-minimization.yaml,Distraction Minimization,accessibility-inclusion,15,cognitive-accessibility,phd,active,partial,medium,2-3 hours,true,false,false,false,No,Yes,No,Yes,Yes,Yes,No,No,Yes
accessibility-inclusion.cognitive-accessibility.error-recovery-support,15-accessibility-inclusion/cognitive-accessibility/error-recovery-support.yaml,Error Prevention and Recovery Support,accessibility-inclusion,15,cognitive-accessibility,phd,active,partial,high,2-3 hours,true,false,false,false,No,Yes,No,Yes,Yes,Yes,No,No,Yes
accessibility-inclusion.cognitive-accessibility.memory-concentration-support,15-accessibility-inclusion/cognitive-accessibility/memory-concentration-support.yaml,Memory and Concentration Support,accessibility-inclusion,15,cognitive-accessibility,phd,active,partial,medium,2-3 hours,true,false,false,false,No,Yes,No,Yes,Yes,Yes,No,No,Yes
accessibility-inclusion.cognitive-accessibility.reading-aid-compatibility,15-accessibility-inclusion/cognitive-accessibility/reading-aid-compatibility.yaml,Reading Aid Compatibility,accessibility-inclusion,15,cognitive-accessibility,phd,active,partial,medium,2-3 hours,true,false,false,false,No,Yes,No,Yes,Yes,Yes,No,No,Yes
accessibility-inclusion.inclusive-design.aging-user-consideration,15-accessibility-inclusion/inclusive-design/aging-user-consideration.yaml,Aging User Consideration,accessibility-inclusion,15,inclusive-design,phd,active,partial,medium,2-3 hours,true,false,false,false,No,Yes,No,Yes,Yes,Yes,No,No,Yes
accessibility-inclusion.inclusive-design.low-literacy-consideration,15-accessibility-inclusion/inclusive-design/low-literacy-consideration.yaml,Low Literacy User Consideration,accessibility-inclusion,15,inclusive-design,phd,active,partial,medium,2-3 hours,true,false,false,false,No,Yes,No,Yes,Yes,Yes,No,No,Yes
accessibility-inclusion.inclusive-design.non-native-speaker,15-accessibility-inclusion/inclusive-design/non-native-speaker.yaml,Non-Native Speaker Consideration,accessibility-inclusion,15,inclusive-design,phd,active,partial,medium,2-3 hours,true,false,false,false,No,Yes,No,Yes,Yes,Yes,No,No,Yes
accessibility-inclusion.inclusive-design.situational-impairment,15-accessibility-inclusion/inclusive-design/situational-impairment.yaml,Situational Impairment Consideration,accessibility-inclusion,15,inclusive-design,phd,active,partial,medium,2-3 hours,true,false,false,false,No,Yes,No,Yes,Yes,Yes,No,No,Yes
accessibility-inclusion.operable-keyboard.focus-order,15-accessibility-inclusion/operable-keyboard/focus-order.yaml,Focus Order Audit,accessibility-inclusion,15,operable-keyboard,expert,active,partial,high,2-3 hours,true,false,false,false,No,Yes,No,Yes,Yes,Yes,No,No,Yes
accessibility-inclusion.operable-keyboard.focus-trap-prevention,15-accessibility-inclusion/operable-keyboard/focus-trap-prevention.yaml,Focus Trap Prevention Audit,accessibility-inclusion,15,operable-keyboard,expert,active,partial,critical,2-3 hours,true,false,false,false,No,Yes,No,Yes,Yes,Yes,No,No,Yes
accessibility-inclusion.operable-keyboard.full-keyboard-navigation,15-accessibility-inclusion/operable-keyboard/full-keyboard-navigation.yaml,Full Keyboard Navigation Audit,accessibility-inclusion,15,operable-keyboard,expert,active,partial,critical,3-5 hours,true,false,false,false,No,Yes,No,Yes,Yes,Yes,No,No,Yes
accessibility-inclusion.operable-keyboard.keyboard-shortcut-conflict,15-accessibility-inclusion/operable-keyboard/keyboard-shortcut-conflict.yaml,Keyboard Shortcut Conflict Audit,accessibility-inclusion,15,operable-keyboard,expert,active,partial,high,1-2 hours,true,false,false,false,No,Yes,No,Yes,Yes,Yes,No,No,Yes
accessibility-inclusion.operable-keyboard.no-keyboard-trap,15-accessibility-inclusion/operable-keyboard/no-keyboard-trap.yaml,No Keyboard Trap Comprehensive Audit,accessibility-inclusion,15,operable-keyboard,expert,active,partial,critical,2-4 hours,true,false,false,false,No,Yes,No,Yes,Yes,Yes,No,No,Yes
accessibility-inclusion.operable-keyboard.skip-link,15-accessibility-inclusion/operable-keyboard/skip-link.yaml,Skip Link Audit,accessibility-inclusion,15,operable-keyboard,expert,active,partial,high,1-2 hours,true,false,false,false,No,Yes,No,Yes,Yes,Yes,No,No,Yes
accessibility-inclusion.operable-timing.multiple-input-modality,15-accessibility-inclusion/operable-timing/multiple-input-modality.yaml,Multiple Input Modality Support Audit,accessibility-inclusion,15,operable-timing,expert,active,partial,high,2-3 hours,true,false,false,false,No,Yes,No,Yes,Yes,Yes,No,No,Yes
accessibility-inclusion.operable-timing.no-timing-dependency,15-accessibility-inclusion/operable-timing/no-timing-dependency.yaml,No Timing Dependency Audit,accessibility-inclusion,15,operable-timing,phd,active,partial,medium,2-3 hours,true,false,false,false,No,Yes,No,Yes,Yes,Yes,No,No,Yes
accessibility-inclusion.operable-timing.pause-stop-hide-control,15-accessibility-inclusion/operable-timing/pause-stop-hide-control.yaml,"Pause, Stop, Hide Control Audit",accessibility-inclusion,15,operable-timing,expert,active,partial,high,2-3 hours,true,false,false,false,No,Yes,No,Yes,Yes,Yes,No,No,Yes
accessibility-inclusion.operable-timing.pointer-gesture-alternative,15-accessibility-inclusion/operable-timing/pointer-gesture-alternative.yaml,Pointer Gesture Alternatives Audit,accessibility-inclusion,15,operable-timing,expert,active,partial,high,2-3 hours,true,false,false,false,No,Yes,No,Yes,Yes,Yes,No,No,Yes
accessibility-inclusion.operable-timing.target-size,15-accessibility-inclusion/operable-timing/target-size.yaml,Target Size Audit,accessibility-inclusion,15,operable-timing,expert,active,partial,high,2-3 hours,true,false,false,false,No,Yes,No,Yes,Yes,Yes,No,No,Yes
accessibility-inclusion.operable-timing.time-limit-adjustability,15-accessibility-inclusion/operable-timing/time-limit-adjustability.yaml,Time Limit Adjustability Audit,accessibility-inclusion,15,operable-timing,expert,active,partial,high,2-3 hours,true,false,false,false,No,Yes,No,Yes,Yes,Yes,No,No,Yes
accessibility-inclusion.perceivable-auditory.audio-description,15-accessibility-inclusion/perceivable-auditory/audio-description.yaml,Audio Description for Video Audit,accessibility-inclusion,15,perceivable-auditory,expert,active,partial,high,3-5 hours,true,false,false,false,No,Yes,No,Yes,Yes,Yes,No,No,Yes
accessibility-inclusion.perceivable-auditory.audio-transcript,15-accessibility-inclusion/perceivable-auditory/audio-transcript.yaml,Audio Transcript Provision Audit,accessibility-inclusion,15,perceivable-auditory,expert,active,partial,critical,2-4 hours,true,false,false,false,No,Yes,No,Yes,Yes,Yes,No,No,Yes
accessibility-inclusion.perceivable-auditory.background-audio-control,15-accessibility-inclusion/perceivable-auditory/background-audio-control.yaml,Background Audio Control Audit,accessibility-inclusion,15,perceivable-auditory,expert,active,partial,high,1-2 hours,true,false,false,false,No,Yes,No,Yes,Yes,Yes,No,No,Yes
accessibility-inclusion.perceivable-auditory.sign-language-interpretation,15-accessibility-inclusion/perceivable-auditory/sign-language-interpretation.yaml,Sign Language Interpretation Audit,accessibility-inclusion,15,perceivable-auditory,phd,active,manual,medium,2-4 hours,true,false,false,false,No,Yes,No,Yes,Yes,Yes,No,No,Yes
accessibility-inclusion.perceivable-auditory.video-caption,15-accessibility-inclusion/perceivable-auditory/video-caption.yaml,Video Captioning Audit,accessibility-inclusion,15,perceivable-auditory,phd,active,partial,critical,3-5 hours,true,false,false,false,No,Yes,No,Yes,Yes,Yes,No,No,Yes
accessibility-inclusion.perceivable-visual.animation-motion-control,15-accessibility-inclusion/perceivable-visual/animation-motion-control.yaml,Animation and Motion Control Audit,accessibility-inclusion,15,perceivable-visual,expert,active,partial,high,2-3 hours,true,false,false,false,No,Yes,No,Yes,Yes,Yes,No,No,Yes
accessibility-inclusion.perceivable-visual.color-contrast,15-accessibility-inclusion/perceivable-visual/color-contrast.yaml,Color Contrast Ratio Compliance,accessibility-inclusion,15,perceivable-visual,expert,active,partial,high,2-4 hours,true,false,false,false,No,Yes,No,Yes,Yes,Yes,No,No,Yes
accessibility-inclusion.perceivable-visual.color-only-information,15-accessibility-inclusion/perceivable-visual/color-only-information.yaml,Color-Only Information Audit,accessibility-inclusion,15,perceivable-visual,expert,active,partial,high,2-3 hours,true,false,false,false,No,Yes,No,Yes,Yes,Yes,No,No,Yes
accessibility-inclusion.perceivable-visual.dark-mode-support,15-accessibility-inclusion/perceivable-visual/dark-mode-support.yaml,Dark Mode Support Audit,accessibility-inclusion,15,perceivable-visual,expert,active,partial,medium,2-3 hours,true,false,false,false,No,Yes,No,Yes,Yes,Yes,No,No,Yes
accessibility-inclusion.perceivable-visual.focus-indicator-visibility,15-accessibility-inclusion/perceivable-visual/focus-indicator-visibility.yaml,Focus Indicator Visibility Audit,accessibility-inclusion,15,perceivable-visual,expert,active,partial,critical,2-3 hours,true,false,false,false,No,Yes,No,Yes,Yes,Yes,No,No,Yes
accessibility-inclusion.perceivable-visual.high-contrast-mode,15-accessibility-inclusion/perceivable-visual/high-contrast-mode.yaml,High Contrast Mode Support Audit,accessibility-inclusion,15,perceivable-visual,expert,active,partial,high,2-3 hours,true,false,false,false,No,Yes,No,Yes,Yes,Yes,No,No,Yes
accessibility-inclusion.perceivable-visual.non-text-content-alt,15-accessibility-inclusion/perceivable-visual/non-text-content-alt.yaml,Non-Text Content Alternative Text Audit,accessibility-inclusion,15,perceivable-visual,phd,active,partial,critical,2-4 hours,true,false,false,false,No,Yes,No,Yes,Yes,Yes,No,No,Yes
accessibility-inclusion.perceivable-visual.text-resize-support,15-accessibility-inclusion/perceivable-visual/text-resize-support.yaml,Text Resize Support Verification,accessibility-inclusion,15,perceivable-visual,expert,active,partial,high,2-3 hours,true,false,false,false,No,Yes,No,Yes,Yes,Yes,No,No,Yes
accessibility-inclusion.robust-compatibility.aria-label-completeness,15-accessibility-inclusion/robust-compatibility/aria-label-completeness.yaml,ARIA Label Completeness,accessibility-inclusion,15,robust-compatibility,phd,active,partial,high,2-3 hours,true,false,false,false,No,Yes,No,Yes,Yes,Yes,No,No,Yes
accessibility-inclusion.robust-compatibility.aria-usage,15-accessibility-inclusion/robust-compatibility/aria-usage.yaml,ARIA Implementation Correctness,accessibility-inclusion,15,robust-compatibility,phd,active,partial,critical,3-5 hours,true,false,false,false,No,Yes,No,Yes,Yes,Yes,No,No,Yes
accessibility-inclusion.robust-compatibility.assistive-tech-compatibility,15-accessibility-inclusion/robust-compatibility/assistive-tech-compatibility.yaml,Assistive Technology Compatibility,accessibility-inclusion,15,robust-compatibility,phd,active,manual,high,4-6 hours,true,false,false,false,No,Yes,No,Yes,Yes,Yes,No,No,Yes
accessibility-inclusion.robust-compatibility.role-attribute,15-accessibility-inclusion/robust-compatibility/role-attribute.yaml,ARIA Role Attribute Correctness,accessibility-inclusion,15,robust-compatibility,phd,active,partial,high,2-3 hours,true,false,false,false,No,Yes,No,Yes,Yes,Yes,No,No,Yes
accessibility-inclusion.robust-compatibility.screen-reader-testing,15-accessibility-inclusion/robust-compatibility/screen-reader-testing.yaml,Screen Reader Compatibility Testing,accessibility-inclusion,15,robust-compatibility,phd,active,manual,high,4-6 hours,true,false,false,false,No,Yes,No,Yes,Yes,Yes,No,No,Yes
accessibility-inclusion.robust-compatibility.valid-html,15-accessibility-inclusion/robust-compatibility/valid-html.yaml,Valid HTML Markup,accessibility-inclusion,15,robust-compatibility,expert,active,yes,high,1-2 hours,false,false,false,false,No,Yes,No,Yes,Yes,Yes,No,No,Yes
accessibility-inclusion.understandable-content.abbreviation-explanation,15-accessibility-inclusion/understandable-content/abbreviation-explanation.yaml,Abbreviation Explanation Audit,accessibility-inclusion,15,understandable-content,phd,active,partial,medium,2-3 hours,true,false,false,false,No,Yes,No,Yes,Yes,Yes,No,No,Yes
accessibility-inclusion.understandable-content.consistent-identification,15-accessibility-inclusion/understandable-content/consistent-identification.yaml,Consistent Identification Audit,accessibility-inclusion,15,understandable-content,expert,active,partial,high,2-3 hours,true,false,false,false,No,Yes,No,Yes,Yes,Yes,No,No,Yes
accessibility-inclusion.understandable-content.consistent-navigation,15-accessibility-inclusion/understandable-content/consistent-navigation.yaml,Consistent Navigation Audit,accessibility-inclusion,15,understandable-content,expert,active,partial,high,2-3 hours,true,false,false,false,No,Yes,No,Yes,Yes,Yes,No,No,Yes
accessibility-inclusion.understandable-content.error-suggestion,15-accessibility-inclusion/understandable-content/error-suggestion.yaml,Error Suggestion Audit,accessibility-inclusion,15,understandable-content,expert,active,partial,high,2-3 hours,true,false,false,false,No,Yes,No,Yes,Yes,Yes,No,No,Yes
accessibility-inclusion.understandable-content.language-identification,15-accessibility-inclusion/understandable-content/language-identification.yaml,Language Identification Audit,accessibility-inclusion,15,understandable-content,expert,active,partial,high,1-2 hours,true,false,false,false,No,Yes,No,Yes,Yes,Yes,No,No,Yes
accessibility-inclusion.understandable-content.reading-level,15-accessibility-inclusion/understandable-content/reading-level.yaml,Reading Level Audit,accessibility-inclusion,15,understandable-content,phd,active,partial,medium,3-5 hours,false,false,false,false,No,Yes,No,Yes,Yes,Yes,No,No,Yes
accessibility-inclusion.understandable-predictable.component-consistency,15-accessibility-inclusion/understandable-predictable/component-consistency.yaml,Component Identification Consistency,accessibility-inclusion,15,understandable-predictable,phd,active,partial,medium,3-4 hours,true,false,false,false,No,Yes,No,Yes,Yes,Yes,No,No,Yes
accessibility-inclusion.understandable-predictable.navigation-consistency,15-accessibility-inclusion/understandable-predictable/navigation-consistency.yaml,Navigation Consistency Across Pages,accessibility-inclusion,15,understandable-predictable,phd,active,partial,high,3-5 hours,true,false,false,false,No,Yes,No,Yes,Yes,Yes,No,No,Yes
accessibility-inclusion.understandable-predictable.on-focus-behavior,15-accessibility-inclusion/understandable-predictable/on-focus-behavior.yaml,On Focus Behavior Predictability,accessibility-inclusion,15,understandable-predictable,phd,active,partial,high,2-4 hours,true,false,false,false,No,Yes,No,Yes,Yes,Yes,No,No,Yes
accessibility-inclusion.understandable-predictable.on-input-behavior,15-accessibility-inclusion/understandable-predictable/on-input-behavior.yaml,On Input Behavior Predictability,accessibility-inclusion,15,understandable-predictable,phd,active,partial,high,2-4 hours,true,false,false,false,No,Yes,No,Yes,Yes,Yes,No,No,Yes
seo-discoverability.content-discovery.content-depth,16-seo-discoverability/content-discovery/content-depth.yaml,Content Depth Analysis Audit,seo-discoverability,16,content-discovery,expert,active,partial,high,3 hours,true,false,false,false,No,No,No,Yes,Yes,Yes,No,Yes,Yes
seo-discoverability.content-discovery.content-duplication,16-seo-discoverability/content-discovery/content-duplication.yaml,Content Duplication Audit,seo-discoverability,16,content-discovery,expert,active,partial,high,2.5 hours,true,false,false,false,No,No,No,Yes,Yes,Yes,No,Yes,Yes
seo-discoverability.content-discovery.content-freshness,16-seo-discoverability/content-discovery/content-freshness.yaml,Content Freshness Audit,seo-discoverability,16,content-discovery,expert,active,partial,medium,2.5 hours,true,false,false,false,No,No,No,Yes,Yes,Yes,No,Yes,Yes
seo-discoverability.content-discovery.orphan-page,16-seo-discoverability/content-discovery/orphan-page.yaml,Orphan Page Detection Audit,seo-discoverability,16,content-discovery,expert,active,yes,high,2 hours,true,false,false,false,No,No,No,Yes,Yes,Yes,No,Yes,Yes
seo-discoverability.content-discovery.thin-content,16-seo-discoverability/content-discovery/thin-content.yaml,Thin Content Detection Audit,seo-discoverability,16,content-discovery,expert,active,partial,high,2 hours,true,false,false,false,No,No,No,Yes,Yes,Yes,No,Yes,Yes
seo-discoverability.core-web-vitals.cumulative-layout-shift,16-seo-discoverability/core-web-vitals/cumulative-layout-shift.yaml,Cumulative Layout Shift (CLS) Optimization Audit,seo-discoverability,16,core-web-vitals,expert,active,partial,critical,2-3 hours,true,false,false,false,No,No,No,Yes,Yes,Yes,No,Yes,Yes
seo-discoverability.core-web-vitals.first-contentful-paint,16-seo-discoverability/core-web-vitals/first-contentful-paint.yaml,First Contentful Paint (FCP) Optimization Audit,seo-discoverability,16,core-web-vitals,expert,active,partial,high,1-2 hours,true,false,false,false,No,No,No,Yes,Yes,Yes,No,Yes,Yes
seo-discoverability.core-web-vitals.first-input-delay,16-seo-discoverability/core-web-vitals/first-input-delay.yaml,First Input Delay (FID) Optimization Audit,seo-discoverability,16,core-web-vitals,expert,active,partial,high,2-3 hours,true,false,false,false,No,No,No,Yes,Yes,Yes,No,Yes,Yes
seo-discoverability.core-web-vitals.interaction-to-next-paint,16-seo-discoverability/core-web-vitals/interaction-to-next-paint.yaml,Interaction to Next Paint (INP) Optimization Audit,seo-discoverability,16,core-web-vitals,expert,active,partial,critical,2-3 hours,true,false,false,false,No,No,No,Yes,Yes,Yes,No,Yes,Yes
seo-discoverability.core-web-vitals.largest-contentful-paint,16-seo-discoverability/core-web-vitals/largest-contentful-paint.yaml,Largest Contentful Paint (LCP) Optimization Audit,seo-discoverability,16,core-web-vitals,expert,active,partial,critical,2-3 hours,true,false,false,false,No,No,No,Yes,Yes,Yes,No,Yes,Yes
seo-discoverability.core-web-vitals.time-to-first-byte,16-seo-discoverability/core-web-vitals/time-to-first-byte.yaml,Time to First Byte (TTFB) Optimization Audit,seo-discoverability,16,core-web-vitals,expert,active,partial,high,2-3 hours,true,false,false,false,No,No,No,Yes,Yes,Yes,No,Yes,Yes
seo-discoverability.international-seo.geo-targeting,16-seo-discoverability/international-seo/geo-targeting.yaml,Geo-Targeting Configuration Audit,seo-discoverability,16,international-seo,expert,active,partial,high,2 hours,true,false,false,false,No,No,No,Yes,Yes,Yes,No,Yes,Yes
seo-discoverability.international-seo.hreflang-implementation,16-seo-discoverability/international-seo/hreflang-implementation.yaml,Hreflang Implementation Audit,seo-discoverability,16,international-seo,phd,active,partial,high,3 hours,true,false,false,false,No,No,No,Yes,Yes,Yes,No,Yes,Yes
seo-discoverability.international-seo.international-url-structure,16-seo-discoverability/international-seo/international-url-structure.yaml,International URL Structure Audit,seo-discoverability,16,international-seo,expert,active,partial,high,2 hours,true,false,false,false,No,No,No,Yes,Yes,Yes,No,Yes,Yes
seo-discoverability.international-seo.language-targeting,16-seo-discoverability/international-seo/language-targeting.yaml,Language Targeting Audit,seo-discoverability,16,international-seo,expert,active,partial,high,2.5 hours,true,false,false,false,No,No,No,Yes,Yes,Yes,No,Yes,Yes
seo-discoverability.international-seo.regional-content,16-seo-discoverability/international-seo/regional-content.yaml,Regional Content Quality Audit,seo-discoverability,16,international-seo,expert,active,partial,high,4 hours,true,false,false,false,No,No,No,Yes,Yes,Yes,No,Yes,Yes
seo-discoverability.link-authority.anchor-text-distribution,16-seo-discoverability/link-authority/anchor-text-distribution.yaml,Anchor Text Distribution Audit,seo-discoverability,16,link-authority,expert,active,partial,medium,2 hours,true,false,false,false,No,No,No,Yes,Yes,Yes,No,Yes,Yes
seo-discoverability.link-authority.backlink-quality,16-seo-discoverability/link-authority/backlink-quality.yaml,Backlink Quality Assessment Audit,seo-discoverability,16,link-authority,expert,active,partial,high,3 hours,true,false,false,false,No,No,No,Yes,Yes,Yes,No,Yes,Yes
seo-discoverability.link-authority.broken-link,16-seo-discoverability/link-authority/broken-link.yaml,Broken Link Detection Audit,seo-discoverability,16,link-authority,expert,active,yes,high,1.5 hours,true,false,false,false,No,No,No,Yes,Yes,Yes,No,Yes,Yes
seo-discoverability.link-authority.internal-link-equity,16-seo-discoverability/link-authority/internal-link-equity.yaml,Internal Link Equity Distribution Audit,seo-discoverability,16,link-authority,expert,active,partial,high,2.5 hours,true,false,false,false,No,No,No,Yes,Yes,Yes,No,Yes,Yes
seo-discoverability.link-authority.nofollow-strategy,16-seo-discoverability/link-authority/nofollow-strategy.yaml,Nofollow Strategy Audit,seo-discoverability,16,link-authority,expert,active,partial,medium,1.5 hours,true,false,false,false,No,No,No,Yes,Yes,Yes,No,Yes,Yes
seo-discoverability.local-seo.google-business-profile,16-seo-discoverability/local-seo/google-business-profile.yaml,Google Business Profile Optimization Audit,seo-discoverability,16,local-seo,expert,active,partial,critical,2 hours,true,false,false,false,No,No,No,Yes,Yes,Yes,No,Yes,Yes
seo-discoverability.local-seo.local-citation,16-seo-discoverability/local-seo/local-citation.yaml,Local Citation Audit,seo-discoverability,16,local-seo,expert,active,partial,high,3 hours,true,false,false,false,No,No,No,Yes,Yes,Yes,No,Yes,Yes
seo-discoverability.local-seo.local-schema,16-seo-discoverability/local-seo/local-schema.yaml,Local Business Schema Audit,seo-discoverability,16,local-seo,expert,active,partial,high,1.5 hours,true,false,false,false,No,No,No,Yes,Yes,Yes,No,Yes,Yes
seo-discoverability.local-seo.nap-consistency,16-seo-discoverability/local-seo/nap-consistency.yaml,NAP Consistency Audit,seo-discoverability,16,local-seo,expert,active,partial,critical,2 hours,true,false,false,false,No,No,No,Yes,Yes,Yes,No,Yes,Yes
seo-discoverability.local-seo.review-management,16-seo-discoverability/local-seo/review-management.yaml,Review Management Audit,seo-discoverability,16,local-seo,expert,active,partial,high,2 hours,true,false,false,false,No,No,No,Yes,Yes,Yes,No,Yes,Yes
seo-discoverability.mobile-seo.mobile-friendliness,16-seo-discoverability/mobile-seo/mobile-friendliness.yaml,Mobile Friendliness Assessment,seo-discoverability,16,mobile-seo,expert,active,partial,high,2 hours,true,false,false,false,No,No,No,Yes,Yes,Yes,No,Yes,Yes
seo-discoverability.mobile-seo.mobile-page-speed,16-seo-discoverability/mobile-seo/mobile-page-speed.yaml,Mobile Page Speed Optimization Audit,seo-discoverability,16,mobile-seo,expert,active,partial,critical,2.5 hours,true,false,false,false,No,No,No,Yes,Yes,Yes,No,Yes,Yes
seo-discoverability.mobile-seo.responsive-design,16-seo-discoverability/mobile-seo/responsive-design.yaml,Responsive Design Implementation Audit,seo-discoverability,16,mobile-seo,expert,active,partial,high,3 hours,true,false,false,false,No,No,No,Yes,Yes,Yes,No,Yes,Yes
seo-discoverability.mobile-seo.touch-element-sizing,16-seo-discoverability/mobile-seo/touch-element-sizing.yaml,Touch Element Sizing Audit,seo-discoverability,16,mobile-seo,expert,active,partial,high,1.5 hours,true,false,false,false,No,No,No,Yes,Yes,Yes,No,Yes,Yes
seo-discoverability.mobile-seo.viewport-configuration,16-seo-discoverability/mobile-seo/viewport-configuration.yaml,Viewport Configuration Audit,seo-discoverability,16,mobile-seo,expert,active,yes,critical,45 minutes,false,false,false,false,No,No,No,Yes,Yes,Yes,No,Yes,Yes
seo-discoverability.on-page-seo.content-quality,16-seo-discoverability/on-page-seo/content-quality.yaml,Content Quality Assessment,seo-discoverability,16,on-page-seo,expert,active,partial,high,3-4 hours,true,false,false,false,No,No,No,Yes,Yes,Yes,No,Yes,Yes
seo-discoverability.on-page-seo.heading-hierarchy,16-seo-discoverability/on-page-seo/heading-hierarchy.yaml,Heading Hierarchy Optimization Audit,seo-discoverability,16,on-page-seo,expert,active,yes,medium,1-2 hours,true,false,false,false,No,No,No,Yes,Yes,Yes,No,Yes,Yes
seo-discoverability.on-page-seo.internal-linking,16-seo-discoverability/on-page-seo/internal-linking.yaml,Internal Linking Strategy Audit,seo-discoverability,16,on-page-seo,expert,active,partial,high,2-3 hours,true,false,false,false,No,No,No,Yes,Yes,Yes,No,Yes,Yes
seo-discoverability.on-page-seo.keyword-optimization,16-seo-discoverability/on-page-seo/keyword-optimization.yaml,Keyword Optimization Assessment,seo-discoverability,16,on-page-seo,expert,active,partial,high,2-3 hours,true,false,false,false,No,No,No,Yes,Yes,Yes,No,Yes,Yes
seo-discoverability.on-page-seo.meta-description,16-seo-discoverability/on-page-seo/meta-description.yaml,Meta Description Optimization Audit,seo-discoverability,16,on-page-seo,expert,active,yes,medium,1-2 hours,true,false,false,false,No,No,No,Yes,Yes,Yes,No,Yes,Yes
seo-discoverability.on-page-seo.title-tag,16-seo-discoverability/on-page-seo/title-tag.yaml,Title Tag Optimization Audit,seo-discoverability,16,on-page-seo,expert,active,yes,high,1-2 hours,true,false,false,false,No,No,No,Yes,Yes,Yes,No,Yes,Yes
seo-discoverability.structured-data.breadcrumb-schema,16-seo-discoverability/structured-data/breadcrumb-schema.yaml,Breadcrumb Schema Implementation Audit,seo-discoverability,16,structured-data,expert,active,yes,medium,1 hour,true,false,false,false,No,No,No,Yes,Yes,Yes,No,Yes,Yes
seo-discoverability.structured-data.json-ld-implementation,16-seo-discoverability/structured-data/json-ld-implementation.yaml,JSON-LD Implementation Audit,seo-discoverability,16,structured-data,expert,active,yes,medium,1-2 hours,true,false,false,false,No,No,No,Yes,Yes,Yes,No,Yes,Yes
seo-discoverability.structured-data.open-graph-tag,16-seo-discoverability/structured-data/open-graph-tag.yaml,Open Graph Tag Implementation Audit,seo-discoverability,16,structured-data,expert,active,yes,medium,1-2 hours,true,false,false,false,No,No,No,Yes,Yes,Yes,No,Yes,Yes
seo-discoverability.structured-data.rich-snippet-eligibility,16-seo-discoverability/structured-data/rich-snippet-eligibility.yaml,Rich Snippet Eligibility Assessment,seo-discoverability,16,structured-data,expert,active,partial,high,2-3 hours,true,false,false,false,No,No,No,Yes,Yes,Yes,No,Yes,Yes
seo-discoverability.structured-data.schema-markup,16-seo-discoverability/structured-data/schema-markup.yaml,Schema Markup Implementation Audit,seo-discoverability,16,structured-data,expert,active,partial,high,2-3 hours,true,false,false,false,No,No,No,Yes,Yes,Yes,No,Yes,Yes
seo-discoverability.structured-data.twitter-card,16-seo-discoverability/structured-data/twitter-card.yaml,Twitter Card Implementation Audit,seo-discoverability,16,structured-data,expert,active,yes,medium,1 hour,true,false,false,false,No,No,No,Yes,Yes,Yes,No,Yes,Yes
seo-discoverability.technical-seo.canonical-url,16-seo-discoverability/technical-seo/canonical-url.yaml,Canonical URL Implementation Audit,seo-discoverability,16,technical-seo,expert,active,partial,high,1-2 hours,true,false,false,false,No,No,No,Yes,Yes,Yes,No,Yes,Yes
seo-discoverability.technical-seo.crawlability,16-seo-discoverability/technical-seo/crawlability.yaml,Crawlability Assessment,seo-discoverability,16,technical-seo,expert,active,partial,critical,2-4 hours,true,false,false,false,No,No,No,Yes,Yes,Yes,No,Yes,Yes
seo-discoverability.technical-seo.indexability,16-seo-discoverability/technical-seo/indexability.yaml,Indexability Assessment,seo-discoverability,16,technical-seo,expert,active,partial,critical,2-3 hours,true,false,false,false,No,No,No,Yes,Yes,Yes,No,Yes,Yes
seo-discoverability.technical-seo.redirect-chain,16-seo-discoverability/technical-seo/redirect-chain.yaml,Redirect Chain Analysis Audit,seo-discoverability,16,technical-seo,expert,active,yes,high,1-2 hours,true,false,false,false,No,No,No,Yes,Yes,Yes,No,Yes,Yes
seo-discoverability.technical-seo.robots-txt,16-seo-discoverability/technical-seo/robots-txt.yaml,Robots.txt Configuration Audit,seo-discoverability,16,technical-seo,expert,active,yes,high,30-60 minutes,true,false,false,false,No,No,No,Yes,Yes,Yes,No,Yes,Yes
seo-discoverability.technical-seo.url-structure,16-seo-discoverability/technical-seo/url-structure.yaml,URL Structure Optimization Audit,seo-discoverability,16,technical-seo,expert,active,partial,medium,1-2 hours,true,false,false,false,No,No,No,Yes,Yes,Yes,No,Yes,Yes
seo-discoverability.technical-seo.xml-sitemap,16-seo-discoverability/technical-seo/xml-sitemap.yaml,XML Sitemap Configuration Audit,seo-discoverability,16,technical-seo,expert,active,yes,high,30-60 minutes,true,false,false,false,No,No,No,Yes,Yes,Yes,No,Yes,Yes
human-organizational.communication.async-communication,17-human-organizational/communication/async-communication.yaml,Async Communication Practices Assessment,human-organizational,17,communication,expert,active,manual,medium,2 hours,false,false,false,false,Yes,Yes,No,No,No,No,No,No,Yes
human-organizational.communication.escalation-path,17-human-organizational/communication/escalation-path.yaml,Escalation Path Assessment,human-organizational,17,communication,expert,active,manual,high,3 hours,false,false,false,false,Yes,Yes,No,No,No,No,No,No,Yes
human-organizational.communication.incident-communication,17-human-organizational/communication/incident-communication.yaml,Incident Communication Assessment,human-organizational,17,communication,expert,active,manual,high,3 hours,false,false,false,false,Yes,Yes,No,No,No,No,No,No,Yes
human-organizational.communication.meeting-effectiveness,17-human-organizational/communication/meeting-effectiveness.yaml,Meeting Effectiveness Assessment,human-organizational,17,communication,expert,active,manual,medium,2 hours,false,false,false,false,Yes,Yes,No,No,No,No,No,No,Yes
human-organizational.communication.stakeholder-communication,17-human-organizational/communication/stakeholder-communication.yaml,Stakeholder Communication Assessment,human-organizational,17,communication,expert,active,manual,medium,3 hours,false,false,false,false,Yes,Yes,No,No,No,No,No,No,Yes
human-organizational.culture-practices.engineering-culture,17-human-organizational/culture-practices/engineering-culture.yaml,Engineering Culture Assessment,human-organizational,17,culture-practices,expert,active,manual,high,4-5 hours,false,false,false,false,Yes,Yes,No,No,No,No,No,No,Yes
human-organizational.culture-practices.failure-postmortem,17-human-organizational/culture-practices/failure-postmortem.yaml,Failure and Postmortem Culture Assessment,human-organizational,17,culture-practices,expert,active,partial,high,2-3 hours,false,false,false,false,Yes,Yes,No,No,No,No,No,No,Yes
human-organizational.culture-practices.innovation-time,17-human-organizational/culture-practices/innovation-time.yaml,Innovation Time Assessment,human-organizational,17,culture-practices,expert,active,manual,medium,2-3 hours,false,false,false,false,Yes,Yes,No,No,No,No,No,No,Yes
human-organizational.culture-practices.psychological-safety,17-human-organizational/culture-practices/psychological-safety.yaml,Psychological Safety Assessment,human-organizational,17,culture-practices,expert,active,manual,high,3-4 hours,false,false,false,false,Yes,Yes,No,No,No,No,No,No,Yes
human-organizational.culture-practices.technical-debt-attitude,17-human-organizational/culture-practices/technical-debt-attitude.yaml,Technical Debt Attitude Assessment,human-organizational,17,culture-practices,expert,active,partial,high,2-3 hours,false,false,false,false,Yes,Yes,No,No,No,No,No,No,Yes
human-organizational.documentation.api-documentation,17-human-organizational/documentation/api-documentation.yaml,API Documentation Assessment,human-organizational,17,documentation,phd,active,partial,high,3 hours,false,false,false,false,Yes,Yes,No,No,No,No,No,No,Yes
human-organizational.documentation.architecture-documentation,17-human-organizational/documentation/architecture-documentation.yaml,Architecture Documentation Assessment,human-organizational,17,documentation,phd,active,partial,high,4 hours,false,false,false,false,Yes,Yes,No,No,No,No,No,No,Yes
human-organizational.documentation.decision-record,17-human-organizational/documentation/decision-record.yaml,Decision Record Assessment,human-organizational,17,documentation,expert,active,partial,medium,2 hours,false,false,false,false,Yes,Yes,No,No,No,No,No,No,Yes
human-organizational.documentation.documentation-freshness,17-human-organizational/documentation/documentation-freshness.yaml,Documentation Freshness Assessment,human-organizational,17,documentation,expert,active,partial,medium,2 hours,false,false,false,false,Yes,Yes,No,No,No,No,No,No,Yes
human-organizational.documentation.onboarding-documentation,17-human-organizational/documentation/onboarding-documentation.yaml,Onboarding Documentation Assessment,human-organizational,17,documentation,expert,active,partial,medium,3 hours,false,false,false,false,Yes,Yes,No,No,No,No,No,No,Yes
human-organizational.documentation.readme-quality,17-human-organizational/documentation/readme-quality.yaml,README Quality Assessment,human-organizational,17,documentation,expert,active,partial,medium,1 hour,false,false,false,false,Yes,Yes,No,No,No,No,No,No,Yes
human-organizational.documentation.runbook-completeness,17-human-organizational/documentation/runbook-completeness.yaml,Runbook Completeness Assessment,human-organizational,17,documentation,phd,active,partial,high,4 hours,false,false,false,false,Yes,Yes,No,No,No,No,No,No,Yes
human-organizational.knowledge-management.documentation-accessibility,17-human-organizational/knowledge-management/documentation-accessibility.yaml,Documentation Accessibility Assessment,human-organizational,17,knowledge-management,expert,active,partial,medium,2 hours,false,false,false,false,Yes,Yes,No,No,No,No,No,No,Yes
human-organizational.knowledge-management.knowledge-retention,17-human-organizational/knowledge-management/knowledge-retention.yaml,Knowledge Retention Assessment,human-organizational,17,knowledge-management,expert,active,manual,high,3 hours,false,false,false,false,Yes,Yes,No,No,No,No,No,No,Yes
human-organizational.knowledge-management.knowledge-sharing-practice,17-human-organizational/knowledge-management/knowledge-sharing-practice.yaml,Knowledge Sharing Practice Assessment,human-organizational,17,knowledge-management,expert,active,manual,medium,3 hours,false,false,false,false,Yes,Yes,No,No,No,No,No,No,Yes
human-organizational.knowledge-management.search-discoverability,17-human-organizational/knowledge-management/search-discoverability.yaml,Search and Discoverability Assessment,human-organizational,17,knowledge-management,expert,active,partial,medium,2 hours,false,false,false,false,Yes,Yes,No,No,No,No,No,No,Yes
human-organizational.knowledge-management.tribal-knowledge-risk,17-human-organizational/knowledge-management/tribal-knowledge-risk.yaml,Tribal Knowledge Risk Assessment,human-organizational,17,knowledge-management,expert,active,manual,high,4 hours,false,false,false,false,Yes,Yes,No,No,No,No,No,No,Yes
human-organizational.metrics-improvement.continuous-improvement,17-human-organizational/metrics-improvement/continuous-improvement.yaml,Continuous Improvement Assessment,human-organizational,17,metrics-improvement,expert,active,manual,medium,2-3 hours,false,false,false,false,Yes,Yes,No,No,No,No,No,No,Yes
human-organizational.metrics-improvement.developer-experience,17-human-organizational/metrics-improvement/developer-experience.yaml,Developer Experience Assessment,human-organizational,17,metrics-improvement,expert,active,partial,high,4-5 hours,false,false,false,false,Yes,Yes,No,No,No,No,No,No,Yes
human-organizational.metrics-improvement.dora-metrics,17-human-organizational/metrics-improvement/dora-metrics.yaml,DORA Metrics Assessment,human-organizational,17,metrics-improvement,expert,active,partial,high,3-4 hours,true,false,false,false,Yes,Yes,No,No,No,No,No,No,Yes
human-organizational.metrics-improvement.feedback-loop,17-human-organizational/metrics-improvement/feedback-loop.yaml,Feedback Loop Assessment,human-organizational,17,metrics-improvement,expert,active,partial,high,3-4 hours,false,false,false,false,Yes,Yes,No,No,No,No,No,No,Yes
human-organizational.metrics-improvement.quality-metrics,17-human-organizational/metrics-improvement/quality-metrics.yaml,Quality Metrics Assessment,human-organizational,17,metrics-improvement,expert,active,partial,high,3-4 hours,false,false,false,false,Yes,Yes,No,No,No,No,No,No,Yes
human-organizational.metrics-improvement.team-velocity,17-human-organizational/metrics-improvement/team-velocity.yaml,Team Velocity Assessment,human-organizational,17,metrics-improvement,expert,active,partial,medium,2-3 hours,false,false,false,false,Yes,Yes,No,No,No,No,No,No,Yes
human-organizational.process-workflow.change-management,17-human-organizational/process-workflow/change-management.yaml,Change Management Process Assessment,human-organizational,17,process-workflow,expert,active,partial,high,2-3 hours,false,false,false,false,Yes,Yes,No,No,No,No,No,No,Yes
human-organizational.process-workflow.code-review-process,17-human-organizational/process-workflow/code-review-process.yaml,Code Review Process Assessment,human-organizational,17,process-workflow,expert,active,partial,high,2-3 hours,false,false,false,false,Yes,Yes,No,No,No,No,No,No,Yes
human-organizational.process-workflow.deployment-process,17-human-organizational/process-workflow/deployment-process.yaml,Deployment Process Assessment,human-organizational,17,process-workflow,expert,active,partial,critical,3-4 hours,false,false,false,false,Yes,Yes,No,No,No,No,No,No,Yes
human-organizational.process-workflow.development-workflow,17-human-organizational/process-workflow/development-workflow.yaml,Development Workflow Assessment,human-organizational,17,process-workflow,expert,active,partial,high,3-4 hours,false,false,false,false,Yes,Yes,No,No,No,No,No,No,Yes
human-organizational.process-workflow.incident-management,17-human-organizational/process-workflow/incident-management.yaml,Incident Management Process Assessment,human-organizational,17,process-workflow,expert,active,partial,critical,3-4 hours,false,false,false,false,Yes,Yes,No,No,No,No,No,No,Yes
human-organizational.process-workflow.retrospective-practice,17-human-organizational/process-workflow/retrospective-practice.yaml,Retrospective Practice Assessment,human-organizational,17,process-workflow,expert,active,manual,medium,2-3 hours,false,false,false,false,Yes,Yes,No,No,No,No,No,No,Yes
human-organizational.team-structure.bus-factor,17-human-organizational/team-structure/bus-factor.yaml,Bus Factor Analysis,human-organizational,17,team-structure,expert,active,partial,critical,4 hours,false,false,false,false,Yes,Yes,No,No,No,No,No,No,Yes
human-organizational.team-structure.cross-functional-team,17-human-organizational/team-structure/cross-functional-team.yaml,Cross-Functional Team Assessment,human-organizational,17,team-structure,expert,active,manual,medium,3 hours,false,false,false,false,Yes,Yes,No,No,No,No,No,No,Yes
human-organizational.team-structure.on-call-rotation,17-human-organizational/team-structure/on-call-rotation.yaml,On-Call Rotation Health Assessment,human-organizational,17,team-structure,phd,active,partial,high,3 hours,false,false,false,false,Yes,Yes,No,No,No,No,No,No,Yes
human-organizational.team-structure.skill-coverage,17-human-organizational/team-structure/skill-coverage.yaml,Skill Coverage Assessment,human-organizational,17,team-structure,expert,active,manual,high,3 hours,false,false,false,false,Yes,Yes,No,No,No,No,No,No,Yes
human-organizational.team-structure.team-autonomy,17-human-organizational/team-structure/team-autonomy.yaml,Team Autonomy Assessment,human-organizational,17,team-structure,expert,active,manual,medium,3 hours,false,false,false,false,Yes,Yes,No,No,No,No,No,No,Yes
human-organizational.team-structure.team-composition,17-human-organizational/team-structure/team-composition.yaml,Team Composition Analysis,human-organizational,17,team-structure,expert,active,manual,high,4 hours,false,false,false,false,Yes,Yes,No,No,No,No,No,No,Yes
human-organizational.training-development.career-development,17-human-organizational/training-development/career-development.yaml,Career Development Assessment,human-organizational,17,training-development,expert,active,manual,medium,3-4 hours,false,false,false,false,Yes,Yes,No,No,No,No,No,No,Yes
human-organizational.training-development.conference-learning-budget,17-human-organizational/training-development/conference-learning-budget.yaml,Conference and Learning Budget Assessment,human-organizational,17,training-development,expert,active,manual,low,2 hours,false,false,false,false,Yes,Yes,No,No,No,No,No,No,Yes
human-organizational.training-development.mentorship-program,17-human-organizational/training-development/mentorship-program.yaml,Mentorship Program Assessment,human-organizational,17,training-development,expert,active,manual,medium,2-3 hours,false,false,false,false,Yes,Yes,No,No,No,No,No,No,Yes
human-organizational.training-development.security-awareness-training,17-human-organizational/training-development/security-awareness-training.yaml,Security Awareness Training Assessment,human-organizational,17,training-development,expert,active,partial,high,2-3 hours,false,false,false,false,Yes,Yes,No,No,No,No,No,No,Yes
human-organizational.training-development.technical-training-program,17-human-organizational/training-development/technical-training-program.yaml,Technical Training Program Assessment,human-organizational,17,training-development,expert,active,manual,medium,3-4 hours,false,false,false,false,Yes,Yes,No,No,No,No,No,No,Yes
ethical-societal.ai-algorithm-ethics.ai-safety-guardrails,18-ethical-societal/ai-algorithm-ethics/ai-safety-guardrails.yaml,AI Safety Guardrails,ethical-societal,18,ai-algorithm-ethics,phd,active,partial,critical,4-6 hours,true,false,false,false,Yes,Yes,No,Yes,No,No,No,No,Yes
ethical-societal.ai-algorithm-ethics.ai-transparency,18-ethical-societal/ai-algorithm-ethics/ai-transparency.yaml,AI Transparency,ethical-societal,18,ai-algorithm-ethics,expert,active,partial,high,3-5 hours,false,false,false,false,Yes,Yes,No,Yes,No,No,No,No,Yes
ethical-societal.ai-algorithm-ethics.algorithmic-bias-detection,18-ethical-societal/ai-algorithm-ethics/algorithmic-bias-detection.yaml,Algorithmic Bias Detection,ethical-societal,18,ai-algorithm-ethics,expert,active,partial,critical,4-8 hours,true,false,false,false,Yes,Yes,No,Yes,No,No,No,No,Yes
ethical-societal.ai-algorithm-ethics.automated-decision-impact,18-ethical-societal/ai-algorithm-ethics/automated-decision-impact.yaml,Automated Decision Impact,ethical-societal,18,ai-algorithm-ethics,expert,active,partial,critical,4-6 hours,false,false,false,false,Yes,Yes,No,Yes,No,No,No,No,Yes
ethical-societal.ai-algorithm-ethics.explainability,18-ethical-societal/ai-algorithm-ethics/explainability.yaml,Explainability,ethical-societal,18,ai-algorithm-ethics,expert,active,partial,high,4-6 hours,true,false,false,false,Yes,Yes,No,Yes,No,No,No,No,Yes
ethical-societal.ai-algorithm-ethics.human-oversight,18-ethical-societal/ai-algorithm-ethics/human-oversight.yaml,Human Oversight,ethical-societal,18,ai-algorithm-ethics,expert,active,partial,critical,3-5 hours,true,false,false,false,Yes,Yes,No,Yes,No,No,No,No,Yes
ethical-societal.ai-algorithm-ethics.model-fairness,18-ethical-societal/ai-algorithm-ethics/model-fairness.yaml,Model Fairness,ethical-societal,18,ai-algorithm-ethics,expert,active,partial,high,3-6 hours,true,false,false,false,Yes,Yes,No,Yes,No,No,No,No,Yes
ethical-societal.digital-wellbeing.addiction-by-design,18-ethical-societal/digital-wellbeing/addiction-by-design.yaml,Addiction by Design,ethical-societal,18,digital-wellbeing,expert,active,partial,high,4-6 hours,true,false,false,false,Yes,Yes,No,Yes,No,No,No,No,Yes
ethical-societal.digital-wellbeing.dark-pattern-detection,18-ethical-societal/digital-wellbeing/dark-pattern-detection.yaml,Dark Pattern Detection,ethical-societal,18,digital-wellbeing,expert,active,partial,high,3-5 hours,true,false,false,false,Yes,Yes,No,Yes,No,No,No,No,Yes
ethical-societal.digital-wellbeing.notification-ethics,18-ethical-societal/digital-wellbeing/notification-ethics.yaml,Notification Ethics,ethical-societal,18,digital-wellbeing,expert,active,partial,medium,2-4 hours,true,false,false,false,Yes,Yes,No,Yes,No,No,No,No,Yes
ethical-societal.digital-wellbeing.screen-time-consideration,18-ethical-societal/digital-wellbeing/screen-time-consideration.yaml,Screen Time Consideration,ethical-societal,18,digital-wellbeing,expert,active,partial,medium,2-3 hours,true,false,false,false,Yes,Yes,No,Yes,No,No,No,No,Yes
ethical-societal.digital-wellbeing.user-autonomy-respect,18-ethical-societal/digital-wellbeing/user-autonomy-respect.yaml,User Autonomy Respect,ethical-societal,18,digital-wellbeing,expert,active,partial,high,3-5 hours,true,false,false,false,Yes,Yes,No,Yes,No,No,No,No,Yes
ethical-societal.inclusion-equity.digital-divide-consideration,18-ethical-societal/inclusion-equity/digital-divide-consideration.yaml,Digital Divide Consideration,ethical-societal,18,inclusion-equity,expert,active,partial,high,4-6 hours,true,false,false,false,Yes,Yes,No,Yes,No,No,No,No,Yes
ethical-societal.inclusion-equity.economic-accessibility,18-ethical-societal/inclusion-equity/economic-accessibility.yaml,Economic Accessibility,ethical-societal,18,inclusion-equity,expert,active,manual,high,3-5 hours,false,false,false,false,Yes,Yes,No,Yes,No,No,No,No,Yes
ethical-societal.inclusion-equity.geographic-inclusion,18-ethical-societal/inclusion-equity/geographic-inclusion.yaml,Geographic Inclusion,ethical-societal,18,inclusion-equity,phd,active,partial,high,4-6 hours,true,false,false,false,Yes,Yes,No,Yes,No,No,No,No,Yes
ethical-societal.inclusion-equity.language-inclusion,18-ethical-societal/inclusion-equity/language-inclusion.yaml,Language Inclusion,ethical-societal,18,inclusion-equity,phd,active,partial,high,4-6 hours,true,false,false,false,Yes,Yes,No,Yes,No,No,No,No,Yes
ethical-societal.inclusion-equity.representation-diversity,18-ethical-societal/inclusion-equity/representation-diversity.yaml,Representation Diversity,ethical-societal,18,inclusion-equity,expert,active,manual,medium,4-6 hours,false,false,false,false,Yes,Yes,No,Yes,No,No,No,No,Yes
ethical-societal.privacy-data-ethics.anonymization-effectiveness,18-ethical-societal/privacy-data-ethics/anonymization-effectiveness.yaml,Anonymization Effectiveness,ethical-societal,18,privacy-data-ethics,expert,active,partial,high,4-8 hours,true,false,false,false,Yes,Yes,No,Yes,No,No,No,No,Yes
ethical-societal.privacy-data-ethics.consent-management,18-ethical-societal/privacy-data-ethics/consent-management.yaml,Consent Management,ethical-societal,18,privacy-data-ethics,expert,active,partial,high,3-5 hours,true,false,false,false,Yes,Yes,No,Yes,No,No,No,No,Yes
ethical-societal.privacy-data-ethics.data-minimization,18-ethical-societal/privacy-data-ethics/data-minimization.yaml,Data Minimization,ethical-societal,18,privacy-data-ethics,expert,active,partial,high,3-5 hours,false,false,false,false,Yes,Yes,No,Yes,No,No,No,No,Yes
ethical-societal.privacy-data-ethics.data-subject-rights,18-ethical-societal/privacy-data-ethics/data-subject-rights.yaml,Data Subject Rights,ethical-societal,18,privacy-data-ethics,expert,active,partial,critical,4-6 hours,true,false,false,false,Yes,Yes,No,Yes,No,No,No,No,Yes
ethical-societal.privacy-data-ethics.privacy-by-design,18-ethical-societal/privacy-data-ethics/privacy-by-design.yaml,Privacy by Design,ethical-societal,18,privacy-data-ethics,expert,active,partial,high,4-6 hours,false,false,false,false,Yes,Yes,No,Yes,No,No,No,No,Yes
ethical-societal.privacy-data-ethics.third-party-data-sharing,18-ethical-societal/privacy-data-ethics/third-party-data-sharing.yaml,Third-Party Data Sharing,ethical-societal,18,privacy-data-ethics,expert,active,partial,high,4-6 hours,false,false,false,false,Yes,Yes,No,Yes,No,No,No,No,Yes
ethical-societal.security-safety-ethics.child-safety,18-ethical-societal/security-safety-ethics/child-safety.yaml,Child Safety,ethical-societal,18,security-safety-ethics,phd,active,partial,critical,5-7 hours,true,false,false,false,Yes,Yes,No,Yes,No,No,No,No,Yes
ethical-societal.security-safety-ethics.harassment-prevention,18-ethical-societal/security-safety-ethics/harassment-prevention.yaml,Harassment Prevention,ethical-societal,18,security-safety-ethics,phd,active,partial,high,4-6 hours,false,false,false,false,Yes,Yes,No,Yes,No,No,No,No,Yes
ethical-societal.security-safety-ethics.misinformation-prevention,18-ethical-societal/security-safety-ethics/misinformation-prevention.yaml,Misinformation Prevention,ethical-societal,18,security-safety-ethics,phd,active,partial,high,5-7 hours,false,false,false,false,Yes,Yes,No,Yes,No,No,No,No,Yes
ethical-societal.security-safety-ethics.user-safety-priority,18-ethical-societal/security-safety-ethics/user-safety-priority.yaml,User Safety Priority,ethical-societal,18,security-safety-ethics,phd,active,manual,critical,4-6 hours,false,false,false,false,Yes,Yes,No,Yes,No,No,No,No,Yes
ethical-societal.security-safety-ethics.vulnerability-disclosure-ethics,18-ethical-societal/security-safety-ethics/vulnerability-disclosure-ethics.yaml,Vulnerability Disclosure Ethics,ethical-societal,18,security-safety-ethics,phd,active,manual,high,3-4 hours,false,false,false,false,Yes,Yes,No,Yes,No,No,No,No,Yes
ethical-societal.societal-impact.community-impact,18-ethical-societal/societal-impact/community-impact.yaml,Community Impact,ethical-societal,18,societal-impact,expert,active,manual,medium,4-6 hours,false,false,false,false,Yes,Yes,No,Yes,No,No,No,No,Yes
ethical-societal.societal-impact.cultural-preservation,18-ethical-societal/societal-impact/cultural-preservation.yaml,Cultural Preservation,ethical-societal,18,societal-impact,expert,active,manual,medium,3-5 hours,false,false,false,false,Yes,Yes,No,Yes,No,No,No,No,Yes
ethical-societal.societal-impact.democratic-participation,18-ethical-societal/societal-impact/democratic-participation.yaml,Democratic Participation,ethical-societal,18,societal-impact,expert,active,manual,high,5-7 hours,false,false,false,false,Yes,Yes,No,Yes,No,No,No,No,Yes
ethical-societal.societal-impact.employment-impact,18-ethical-societal/societal-impact/employment-impact.yaml,Employment Impact,ethical-societal,18,societal-impact,expert,active,manual,medium,4-6 hours,false,false,false,false,Yes,Yes,No,Yes,No,No,No,No,Yes
ethical-societal.societal-impact.knowledge-access,18-ethical-societal/societal-impact/knowledge-access.yaml,Knowledge Access,ethical-societal,18,societal-impact,expert,active,manual,medium,3-5 hours,false,false,false,false,Yes,Yes,No,Yes,No,No,No,No,Yes
ethical-societal.societal-impact.open-source-contribution,18-ethical-societal/societal-impact/open-source-contribution.yaml,Open Source Contribution,ethical-societal,18,societal-impact,phd,active,partial,low,3-4 hours,false,false,false,false,Yes,Yes,No,Yes,No,No,No,No,Yes
ethical-societal.sustainability.carbon-footprint,18-ethical-societal/sustainability/carbon-footprint.yaml,Carbon Footprint,ethical-societal,18,sustainability,expert,active,partial,medium,4-6 hours,true,false,false,false,Yes,Yes,No,Yes,No,No,No,No,Yes
ethical-societal.sustainability.e-waste-consideration,18-ethical-societal/sustainability/e-waste-consideration.yaml,E-Waste Consideration,ethical-societal,18,sustainability,expert,active,partial,medium,2-3 hours,false,false,false,false,Yes,Yes,No,Yes,No,No,No,No,Yes
ethical-societal.sustainability.energy-efficiency,18-ethical-societal/sustainability/energy-efficiency.yaml,Energy Efficiency,ethical-societal,18,sustainability,expert,active,partial,medium,3-5 hours,true,false,false,false,Yes,Yes,No,Yes,No,No,No,No,Yes
ethical-societal.sustainability.green-coding-practice,18-ethical-societal/sustainability/green-coding-practice.yaml,Green Coding Practice,ethical-societal,18,sustainability,expert,active,partial,low,2-4 hours,false,false,false,false,Yes,Yes,No,Yes,No,No,No,No,Yes
ethical-societal.sustainability.renewable-energy-usage,18-ethical-societal/sustainability/renewable-energy-usage.yaml,Renewable Energy Usage,ethical-societal,18,sustainability,expert,active,partial,medium,2-3 hours,false,false,false,false,Yes,Yes,No,Yes,No,No,No,No,Yes
ethical-societal.sustainability.sustainable-hosting,18-ethical-societal/sustainability/sustainable-hosting.yaml,Sustainable Hosting,ethical-societal,18,sustainability,expert,active,partial,medium,2-3 hours,false,false,false,false,Yes,Yes,No,Yes,No,No,No,No,Yes
ethical-societal.transparency-trust.algorithm-disclosure,18-ethical-societal/transparency-trust/algorithm-disclosure.yaml,Algorithm Disclosure,ethical-societal,18,transparency-trust,phd,active,manual,high,4-6 hours,false,false,false,false,Yes,Yes,No,Yes,No,No,No,No,Yes
ethical-societal.transparency-trust.content-moderation-transparency,18-ethical-societal/transparency-trust/content-moderation-transparency.yaml,Content Moderation Transparency,ethical-societal,18,transparency-trust,phd,active,manual,high,4-6 hours,false,false,false,false,Yes,Yes,No,Yes,No,No,No,No,Yes
ethical-societal.transparency-trust.data-practice-transparency,18-ethical-societal/transparency-trust/data-practice-transparency.yaml,Data Practice Transparency,ethical-societal,18,transparency-trust,phd,active,partial,high,4-6 hours,true,false,false,false,Yes,Yes,No,Yes,No,No,No,No,Yes
ethical-societal.transparency-trust.pricing-transparency,18-ethical-societal/transparency-trust/pricing-transparency.yaml,Pricing Transparency,ethical-societal,18,transparency-trust,expert,active,partial,high,2-4 hours,true,false,false,false,Yes,Yes,No,Yes,No,No,No,No,Yes
ethical-societal.transparency-trust.terms-of-service-clarity,18-ethical-societal/transparency-trust/terms-of-service-clarity.yaml,Terms of Service Clarity,ethical-societal,18,transparency-trust,expert,active,partial,medium,3-4 hours,false,false,false,false,Yes,Yes,No,Yes,No,No,No,No,Yes
compliance-legal.accessibility-compliance.accessibility-statement,19-compliance-legal/accessibility-compliance/accessibility-statement.yaml,Accessibility Statement Audit,compliance-legal,19,accessibility-compliance,expert,active,manual,high,3-5 hours,false,false,false,false,Yes,Yes,No,Yes,No,No,No,Yes,Yes
compliance-legal.accessibility-compliance.ada-compliance,19-compliance-legal/accessibility-compliance/ada-compliance.yaml,ADA Compliance Audit,compliance-legal,19,accessibility-compliance,phd,active,partial,critical,6-10 hours,true,false,false,false,Yes,Yes,No,Yes,No,No,No,Yes,Yes
compliance-legal.accessibility-compliance.en-301-549-compliance,19-compliance-legal/accessibility-compliance/en-301-549-compliance.yaml,EN 301 549 Compliance Audit,compliance-legal,19,accessibility-compliance,phd,active,partial,high,8-12 hours,true,false,false,false,Yes,Yes,No,Yes,No,No,No,Yes,Yes
compliance-legal.accessibility-compliance.section-508-compliance,19-compliance-legal/accessibility-compliance/section-508-compliance.yaml,Section 508 Compliance Audit,compliance-legal,19,accessibility-compliance,phd,active,partial,critical,6-10 hours,true,false,false,false,Yes,Yes,No,Yes,No,No,No,Yes,Yes
compliance-legal.accessibility-compliance.wcag-compliance,19-compliance-legal/accessibility-compliance/wcag-compliance.yaml,WCAG Compliance Audit,compliance-legal,19,accessibility-compliance,phd,active,partial,high,8-12 hours,true,false,false,false,Yes,Yes,No,Yes,No,No,No,Yes,Yes
compliance-legal.audit-trail.access-log-audit,19-compliance-legal/audit-trail/access-log-audit.yaml,Access Log Audit,compliance-legal,19,audit-trail,expert,active,partial,high,3-5 hours,true,false,false,false,Yes,Yes,No,Yes,No,No,No,Yes,Yes
compliance-legal.audit-trail.audit-log-completeness,19-compliance-legal/audit-trail/audit-log-completeness.yaml,Audit Log Completeness Audit,compliance-legal,19,audit-trail,expert,active,partial,high,4-6 hours,true,false,false,false,Yes,Yes,No,Yes,No,No,No,Yes,Yes
compliance-legal.audit-trail.audit-log-integrity,19-compliance-legal/audit-trail/audit-log-integrity.yaml,Audit Log Integrity Audit,compliance-legal,19,audit-trail,expert,active,partial,high,3-5 hours,true,false,false,false,Yes,Yes,No,Yes,No,No,No,Yes,Yes
compliance-legal.audit-trail.audit-log-monitoring,19-compliance-legal/audit-trail/audit-log-monitoring.yaml,Audit Log Monitoring Audit,compliance-legal,19,audit-trail,expert,active,partial,high,4-6 hours,true,false,false,false,Yes,Yes,No,Yes,No,No,No,Yes,Yes
compliance-legal.audit-trail.audit-log-retention,19-compliance-legal/audit-trail/audit-log-retention.yaml,Audit Log Retention Audit,compliance-legal,19,audit-trail,expert,active,partial,high,3-4 hours,true,false,false,false,Yes,Yes,No,Yes,No,No,No,Yes,Yes
compliance-legal.audit-trail.change-audit-trail,19-compliance-legal/audit-trail/change-audit-trail.yaml,Change Audit Trail Audit,compliance-legal,19,audit-trail,expert,active,partial,high,3-5 hours,true,false,false,false,Yes,Yes,No,Yes,No,No,No,Yes,Yes
compliance-legal.data-protection.ccpa-compliance,19-compliance-legal/data-protection/ccpa-compliance.yaml,CCPA Compliance Audit,compliance-legal,19,data-protection,expert,active,partial,critical,6-8 hours,true,false,false,false,Yes,Yes,No,Yes,No,No,No,Yes,Yes
compliance-legal.data-protection.cross-border-data-transfer,19-compliance-legal/data-protection/cross-border-data-transfer.yaml,Cross-Border Data Transfer Audit,compliance-legal,19,data-protection,phd,active,partial,high,4-6 hours,false,false,false,false,Yes,Yes,No,Yes,No,No,No,Yes,Yes
compliance-legal.data-protection.data-breach-notification,19-compliance-legal/data-protection/data-breach-notification.yaml,Data Breach Notification Audit,compliance-legal,19,data-protection,expert,active,partial,critical,4-6 hours,true,false,false,false,Yes,Yes,No,Yes,No,No,No,Yes,Yes
compliance-legal.data-protection.data-processing-agreement,19-compliance-legal/data-protection/data-processing-agreement.yaml,Data Processing Agreement Audit,compliance-legal,19,data-protection,expert,active,partial,high,4-6 hours,false,false,false,false,Yes,Yes,No,Yes,No,No,No,Yes,Yes
compliance-legal.data-protection.data-retention-compliance,19-compliance-legal/data-protection/data-retention-compliance.yaml,Data Retention Compliance Audit,compliance-legal,19,data-protection,expert,active,partial,high,4-6 hours,true,false,false,false,Yes,Yes,No,Yes,No,No,No,Yes,Yes
compliance-legal.data-protection.gdpr-compliance,19-compliance-legal/data-protection/gdpr-compliance.yaml,GDPR Compliance Audit,compliance-legal,19,data-protection,phd,active,partial,critical,8-12 hours,true,false,false,false,Yes,Yes,No,Yes,No,No,No,Yes,Yes
compliance-legal.financial-reporting.audit-readiness,19-compliance-legal/financial-reporting/audit-readiness.yaml,Audit Readiness Audit,compliance-legal,19,financial-reporting,expert,active,manual,high,4-6 hours,false,false,false,false,Yes,Yes,No,Yes,No,No,No,Yes,Yes
compliance-legal.financial-reporting.financial-data-integrity,19-compliance-legal/financial-reporting/financial-data-integrity.yaml,Financial Data Integrity Audit,compliance-legal,19,financial-reporting,phd,active,partial,critical,5-8 hours,true,false,false,false,Yes,Yes,No,Yes,No,No,No,Yes,Yes
compliance-legal.financial-reporting.financial-reporting-accuracy,19-compliance-legal/financial-reporting/financial-reporting-accuracy.yaml,Financial Reporting Accuracy Audit,compliance-legal,19,financial-reporting,phd,active,partial,critical,6-8 hours,true,false,false,false,Yes,Yes,No,Yes,No,No,No,Yes,Yes
compliance-legal.financial-reporting.segregation-of-duties,19-compliance-legal/financial-reporting/segregation-of-duties.yaml,Segregation of Duties Audit,compliance-legal,19,financial-reporting,phd,active,partial,critical,5-7 hours,true,false,false,false,Yes,Yes,No,Yes,No,No,No,Yes,Yes
compliance-legal.financial-reporting.sox-compliance,19-compliance-legal/financial-reporting/sox-compliance.yaml,SOX Compliance Audit,compliance-legal,19,financial-reporting,phd,active,partial,critical,6-10 hours,true,false,false,false,Yes,Yes,No,Yes,No,No,No,Yes,Yes
compliance-legal.industry-standards.fedramp-compliance,19-compliance-legal/industry-standards/fedramp-compliance.yaml,FedRAMP Compliance Audit,compliance-legal,19,industry-standards,phd,active,partial,critical,16-24 hours,true,false,false,false,Yes,Yes,No,Yes,No,No,No,Yes,Yes
compliance-legal.industry-standards.hipaa-compliance,19-compliance-legal/industry-standards/hipaa-compliance.yaml,HIPAA Compliance Audit,compliance-legal,19,industry-standards,phd,active,partial,critical,8-12 hours,true,false,false,false,Yes,Yes,No,Yes,No,No,No,Yes,Yes
compliance-legal.industry-standards.iso27001-compliance,19-compliance-legal/industry-standards/iso27001-compliance.yaml,ISO 27001 Compliance Audit,compliance-legal,19,industry-standards,expert,active,partial,high,10-16 hours,true,false,false,false,Yes,Yes,No,Yes,No,No,No,Yes,Yes
compliance-legal.industry-standards.nist-framework,19-compliance-legal/industry-standards/nist-framework.yaml,NIST Framework Audit,compliance-legal,19,industry-standards,expert,active,partial,high,6-10 hours,true,false,false,false,Yes,Yes,No,Yes,No,No,No,Yes,Yes
compliance-legal.industry-standards.pci-dss-compliance,19-compliance-legal/industry-standards/pci-dss-compliance.yaml,PCI-DSS Compliance Audit,compliance-legal,19,industry-standards,expert,active,partial,critical,8-12 hours,true,false,false,false,Yes,Yes,No,Yes,No,No,No,Yes,Yes
compliance-legal.industry-standards.soc2-compliance,19-compliance-legal/industry-standards/soc2-compliance.yaml,SOC 2 Compliance Audit,compliance-legal,19,industry-standards,expert,active,partial,high,8-12 hours,true,false,false,false,Yes,Yes,No,Yes,No,No,No,Yes,Yes
compliance-legal.legal-licensing.export-control,19-compliance-legal/legal-licensing/export-control.yaml,Export Control Audit,compliance-legal,19,legal-licensing,phd,active,partial,critical,6-10 hours,false,false,false,false,Yes,Yes,No,Yes,No,No,No,Yes,Yes
compliance-legal.legal-licensing.intellectual-property,19-compliance-legal/legal-licensing/intellectual-property.yaml,Intellectual Property Audit,compliance-legal,19,legal-licensing,expert,active,partial,high,4-6 hours,false,false,false,false,Yes,Yes,No,Yes,No,No,No,Yes,Yes
compliance-legal.legal-licensing.legal-hold-capability,19-compliance-legal/legal-licensing/legal-hold-capability.yaml,Legal Hold Capability Audit,compliance-legal,19,legal-licensing,expert,active,partial,high,4-6 hours,true,false,false,false,Yes,Yes,No,Yes,No,No,No,Yes,Yes
compliance-legal.legal-licensing.open-source-license-compliance,19-compliance-legal/legal-licensing/open-source-license-compliance.yaml,Open Source License Compliance Audit,compliance-legal,19,legal-licensing,expert,active,partial,high,4-6 hours,false,false,false,false,Yes,Yes,No,Yes,No,No,No,Yes,Yes
compliance-legal.legal-licensing.software-license-management,19-compliance-legal/legal-licensing/software-license-management.yaml,Software License Management Audit,compliance-legal,19,legal-licensing,expert,active,partial,medium,4-6 hours,true,false,false,false,Yes,Yes,No,Yes,No,No,No,Yes,Yes
compliance-legal.legal-licensing.terms-compliance,19-compliance-legal/legal-licensing/terms-compliance.yaml,Terms Compliance Audit,compliance-legal,19,legal-licensing,expert,active,partial,medium,3-5 hours,false,false,false,false,Yes,Yes,No,Yes,No,No,No,Yes,Yes
compliance-legal.policy-governance.governance-structure,19-compliance-legal/policy-governance/governance-structure.yaml,Governance Structure Audit,compliance-legal,19,policy-governance,expert,active,manual,high,5-8 hours,false,false,false,false,Yes,Yes,No,Yes,No,No,No,Yes,Yes
compliance-legal.policy-governance.policy-documentation,19-compliance-legal/policy-governance/policy-documentation.yaml,Policy Documentation Audit,compliance-legal,19,policy-governance,expert,active,manual,high,5-8 hours,false,false,false,false,Yes,Yes,No,Yes,No,No,No,Yes,Yes
compliance-legal.policy-governance.policy-enforcement,19-compliance-legal/policy-governance/policy-enforcement.yaml,Policy Enforcement Audit,compliance-legal,19,policy-governance,expert,active,partial,high,5-7 hours,true,false,false,false,Yes,Yes,No,Yes,No,No,No,Yes,Yes
compliance-legal.policy-governance.policy-review-cycle,19-compliance-legal/policy-governance/policy-review-cycle.yaml,Policy Review Cycle Audit,compliance-legal,19,policy-governance,expert,active,manual,medium,3-5 hours,false,false,false,false,Yes,Yes,No,Yes,No,No,No,Yes,Yes
compliance-legal.regulatory-reporting.compliance-certification,19-compliance-legal/regulatory-reporting/compliance-certification.yaml,Compliance Certification Audit,compliance-legal,19,regulatory-reporting,expert,active,manual,high,5-7 hours,false,false,false,false,Yes,Yes,No,Yes,No,No,No,Yes,Yes
compliance-legal.regulatory-reporting.compliance-documentation,19-compliance-legal/regulatory-reporting/compliance-documentation.yaml,Compliance Documentation Audit,compliance-legal,19,regulatory-reporting,expert,active,manual,high,5-7 hours,false,false,false,false,Yes,Yes,No,Yes,No,No,No,Yes,Yes
compliance-legal.regulatory-reporting.compliance-training,19-compliance-legal/regulatory-reporting/compliance-training.yaml,Compliance Training Audit,compliance-legal,19,regulatory-reporting,expert,active,manual,high,4-6 hours,false,false,false,false,Yes,Yes,No,Yes,No,No,No,Yes,Yes
compliance-legal.regulatory-reporting.regulatory-change-tracking,19-compliance-legal/regulatory-reporting/regulatory-change-tracking.yaml,Regulatory Change Tracking Audit,compliance-legal,19,regulatory-reporting,expert,active,manual,high,4-6 hours,false,false,false,false,Yes,Yes,No,Yes,No,No,No,Yes,Yes
compliance-legal.regulatory-reporting.regulatory-reporting-timeliness,19-compliance-legal/regulatory-reporting/regulatory-reporting-timeliness.yaml,Regulatory Reporting Timeliness Audit,compliance-legal,19,regulatory-reporting,expert,active,partial,high,4-6 hours,false,false,false,false,Yes,Yes,No,Yes,No,No,No,Yes,Yes
compliance-legal.risk-control.control-effectiveness,19-compliance-legal/risk-control/control-effectiveness.yaml,Control Effectiveness Audit,compliance-legal,19,risk-control,phd,active,partial,high,6-10 hours,true,false,false,false,Yes,Yes,No,Yes,No,No,No,Yes,Yes
compliance-legal.risk-control.control-monitoring,19-compliance-legal/risk-control/control-monitoring.yaml,Control Monitoring Audit,compliance-legal,19,risk-control,expert,active,partial,high,4-6 hours,true,false,false,false,Yes,Yes,No,Yes,No,No,No,Yes,Yes
compliance-legal.risk-control.exception-management,19-compliance-legal/risk-control/exception-management.yaml,Exception Management Audit,compliance-legal,19,risk-control,expert,active,manual,high,4-6 hours,false,false,false,false,Yes,Yes,No,Yes,No,No,No,Yes,Yes
compliance-legal.risk-control.remediation-tracking,19-compliance-legal/risk-control/remediation-tracking.yaml,Remediation Tracking Audit,compliance-legal,19,risk-control,expert,active,manual,high,4-6 hours,false,false,false,false,Yes,Yes,No,Yes,No,No,No,Yes,Yes
compliance-legal.risk-control.risk-assessment-process,19-compliance-legal/risk-control/risk-assessment-process.yaml,Risk Assessment Process Audit,compliance-legal,19,risk-control,expert,active,manual,high,5-8 hours,false,false,false,false,Yes,Yes,No,Yes,No,No,No,Yes,Yes
vendor-third-party.contract-management.contract-security-clauses,20-vendor-third-party/contract-management/contract-security-clauses.yaml,Contract Security Clauses Audit,vendor-third-party,20,contract-management,expert,active,manual,critical,3-5 hours,false,false,false,false,No,Yes,No,Yes,Yes,No,No,Yes,Yes
vendor-third-party.contract-management.data-ownership-clauses,20-vendor-third-party/contract-management/data-ownership-clauses.yaml,Data Ownership Clauses Audit,vendor-third-party,20,contract-management,expert,active,manual,critical,3-4 hours,false,false,false,false,No,Yes,No,Yes,Yes,No,No,Yes,Yes
vendor-third-party.contract-management.liability-provisions,20-vendor-third-party/contract-management/liability-provisions.yaml,Liability Provisions Audit,vendor-third-party,20,contract-management,expert,active,manual,high,3-4 hours,false,false,false,false,No,Yes,No,Yes,Yes,No,No,Yes,Yes
vendor-third-party.contract-management.sla-definition,20-vendor-third-party/contract-management/sla-definition.yaml,SLA Definition Audit,vendor-third-party,20,contract-management,expert,active,manual,high,3-5 hours,false,false,false,false,No,Yes,No,Yes,Yes,No,No,Yes,Yes
vendor-third-party.contract-management.termination-clauses,20-vendor-third-party/contract-management/termination-clauses.yaml,Termination Clauses Audit,vendor-third-party,20,contract-management,expert,active,manual,high,2-4 hours,false,false,false,false,No,Yes,No,Yes,Yes,No,No,Yes,Yes
vendor-third-party.contract-management.vendor-contract-review,20-vendor-third-party/contract-management/vendor-contract-review.yaml,Vendor Contract Review Audit,vendor-third-party,20,contract-management,expert,active,manual,high,4-6 hours,false,false,false,false,No,Yes,No,Yes,Yes,No,No,Yes,Yes
vendor-third-party.fourth-party-risk.cascading-risk-assessment,20-vendor-third-party/fourth-party-risk/cascading-risk-assessment.yaml,Cascading Risk Assessment Audit,vendor-third-party,20,fourth-party-risk,expert,active,partial,high,5-7 hours,false,false,false,false,No,Yes,No,Yes,Yes,No,No,Yes,Yes
vendor-third-party.fourth-party-risk.concentration-risk,20-vendor-third-party/fourth-party-risk/concentration-risk.yaml,Concentration Risk Audit,vendor-third-party,20,fourth-party-risk,expert,active,partial,high,4-5 hours,false,false,false,false,No,Yes,No,Yes,Yes,No,No,Yes,Yes
vendor-third-party.fourth-party-risk.fourth-party-mapping,20-vendor-third-party/fourth-party-risk/fourth-party-mapping.yaml,Fourth-Party Mapping Audit,vendor-third-party,20,fourth-party-risk,expert,active,partial,high,4-6 hours,false,false,false,false,No,Yes,No,Yes,Yes,No,No,Yes,Yes
vendor-third-party.fourth-party-risk.subcontractor-oversight,20-vendor-third-party/fourth-party-risk/subcontractor-oversight.yaml,Subcontractor Oversight Audit,vendor-third-party,20,fourth-party-risk,expert,active,partial,high,4-6 hours,false,false,false,false,No,Yes,No,Yes,Yes,No,No,Yes,Yes
vendor-third-party.sla-monitoring.sla-breach-handling,20-vendor-third-party/sla-monitoring/sla-breach-handling.yaml,SLA Breach Handling Audit,vendor-third-party,20,sla-monitoring,expert,active,partial,high,3-4 hours,false,false,false,false,No,Yes,No,Yes,Yes,No,No,Yes,Yes
vendor-third-party.sla-monitoring.sla-performance-tracking,20-vendor-third-party/sla-monitoring/sla-performance-tracking.yaml,SLA Performance Tracking Audit,vendor-third-party,20,sla-monitoring,expert,active,partial,high,4-6 hours,true,false,false,false,No,Yes,No,Yes,Yes,No,No,Yes,Yes
vendor-third-party.sla-monitoring.sla-reporting,20-vendor-third-party/sla-monitoring/sla-reporting.yaml,SLA Reporting Audit,vendor-third-party,20,sla-monitoring,expert,active,partial,medium,2-4 hours,false,false,false,false,No,Yes,No,Yes,Yes,No,No,Yes,Yes
vendor-third-party.sla-monitoring.vendor-response-time,20-vendor-third-party/sla-monitoring/vendor-response-time.yaml,Vendor Response Time Audit,vendor-third-party,20,sla-monitoring,expert,active,partial,high,3-4 hours,true,false,false,false,No,Yes,No,Yes,Yes,No,No,Yes,Yes
vendor-third-party.sla-monitoring.vendor-uptime-monitoring,20-vendor-third-party/sla-monitoring/vendor-uptime-monitoring.yaml,Vendor Uptime Monitoring Audit,vendor-third-party,20,sla-monitoring,expert,active,partial,high,3-5 hours,true,false,false,false,No,Yes,No,Yes,Yes,No,No,Yes,Yes
vendor-third-party.supply-chain-security.dependency-vulnerability,20-vendor-third-party/supply-chain-security/dependency-vulnerability.yaml,Dependency Vulnerability Audit,vendor-third-party,20,supply-chain-security,expert,active,partial,critical,4-6 hours,false,false,false,false,No,Yes,No,Yes,Yes,No,No,Yes,Yes
vendor-third-party.supply-chain-security.hardware-supply-chain,20-vendor-third-party/supply-chain-security/hardware-supply-chain.yaml,Hardware Supply Chain Audit,vendor-third-party,20,supply-chain-security,expert,active,manual,high,5-7 hours,false,false,false,false,No,Yes,No,Yes,Yes,No,No,Yes,Yes
vendor-third-party.supply-chain-security.sbom-management,20-vendor-third-party/supply-chain-security/sbom-management.yaml,SBOM Management Audit,vendor-third-party,20,supply-chain-security,expert,active,partial,high,4-6 hours,false,false,false,false,No,Yes,No,Yes,Yes,No,No,Yes,Yes
vendor-third-party.supply-chain-security.software-supply-chain,20-vendor-third-party/supply-chain-security/software-supply-chain.yaml,Software Supply Chain Audit,vendor-third-party,20,supply-chain-security,phd,active,partial,critical,6-8 hours,false,false,false,false,No,Yes,No,Yes,Yes,No,No,Yes,Yes
vendor-third-party.supply-chain-security.supplier-continuity,20-vendor-third-party/supply-chain-security/supplier-continuity.yaml,Supplier Continuity Audit,vendor-third-party,20,supply-chain-security,expert,active,manual,high,4-6 hours,false,false,false,false,No,Yes,No,Yes,Yes,No,No,Yes,Yes
vendor-third-party.supply-chain-security.supply-chain-integrity,20-vendor-third-party/supply-chain-security/supply-chain-integrity.yaml,Supply Chain Integrity Audit,vendor-third-party,20,supply-chain-security,expert,active,partial,critical,5-7 hours,false,false,false,false,No,Yes,No,Yes,Yes,No,No,Yes,Yes
vendor-third-party.third-party-security.third-party-access-controls,20-vendor-third-party/third-party-security/third-party-access-controls.yaml,Third-Party Access Controls Audit,vendor-third-party,20,third-party-security,expert,active,partial,critical,5-7 hours,true,false,false,false,No,Yes,No,Yes,Yes,No,No,Yes,Yes
vendor-third-party.third-party-security.third-party-compliance-verification,20-vendor-third-party/third-party-security/third-party-compliance-verification.yaml,Third-Party Compliance Verification Audit,vendor-third-party,20,third-party-security,expert,active,partial,high,5-7 hours,false,false,false,false,No,Yes,No,Yes,Yes,No,No,Yes,Yes
vendor-third-party.third-party-security.third-party-data-handling,20-vendor-third-party/third-party-security/third-party-data-handling.yaml,Third-Party Data Handling Audit,vendor-third-party,20,third-party-security,expert,active,partial,critical,5-7 hours,false,false,false,false,No,Yes,No,Yes,Yes,No,No,Yes,Yes
vendor-third-party.third-party-security.third-party-encryption-standards,20-vendor-third-party/third-party-security/third-party-encryption-standards.yaml,Third-Party Encryption Standards Audit,vendor-third-party,20,third-party-security,expert,active,partial,high,4-6 hours,false,false,false,false,No,Yes,No,Yes,Yes,No,No,Yes,Yes
vendor-third-party.third-party-security.third-party-incident-response,20-vendor-third-party/third-party-security/third-party-incident-response.yaml,Third-Party Incident Response Audit,vendor-third-party,20,third-party-security,expert,active,partial,high,4-6 hours,false,false,false,false,No,Yes,No,Yes,Yes,No,No,Yes,Yes
vendor-third-party.third-party-security.third-party-penetration-testing,20-vendor-third-party/third-party-security/third-party-penetration-testing.yaml,Third-Party Penetration Testing Audit,vendor-third-party,20,third-party-security,expert,active,partial,high,4-6 hours,false,false,false,false,No,Yes,No,Yes,Yes,No,No,Yes,Yes
vendor-third-party.vendor-due-diligence.vendor-background-check,20-vendor-third-party/vendor-due-diligence/vendor-background-check.yaml,Vendor Background Check Audit,vendor-third-party,20,vendor-due-diligence,expert,active,manual,high,4-5 hours,false,false,false,false,No,Yes,No,Yes,Yes,No,No,Yes,Yes
vendor-third-party.vendor-due-diligence.vendor-capability-assessment,20-vendor-third-party/vendor-due-diligence/vendor-capability-assessment.yaml,Vendor Capability Assessment Audit,vendor-third-party,20,vendor-due-diligence,expert,active,manual,medium,4-5 hours,false,false,false,false,No,Yes,No,Yes,Yes,No,No,Yes,Yes
vendor-third-party.vendor-due-diligence.vendor-certification-verification,20-vendor-third-party/vendor-due-diligence/vendor-certification-verification.yaml,Vendor Certification Verification Audit,vendor-third-party,20,vendor-due-diligence,expert,active,partial,high,3-5 hours,false,false,false,false,No,Yes,No,Yes,Yes,No,No,Yes,Yes
vendor-third-party.vendor-due-diligence.vendor-insurance-verification,20-vendor-third-party/vendor-due-diligence/vendor-insurance-verification.yaml,Vendor Insurance Verification Audit,vendor-third-party,20,vendor-due-diligence,expert,active,partial,medium,3-4 hours,false,false,false,false,No,Yes,No,Yes,Yes,No,No,Yes,Yes
vendor-third-party.vendor-due-diligence.vendor-legal-compliance,20-vendor-third-party/vendor-due-diligence/vendor-legal-compliance.yaml,Vendor Legal Compliance Audit,vendor-third-party,20,vendor-due-diligence,expert,active,partial,high,4-6 hours,false,false,false,false,No,Yes,No,Yes,Yes,No,No,Yes,Yes
vendor-third-party.vendor-due-diligence.vendor-reference-check,20-vendor-third-party/vendor-due-diligence/vendor-reference-check.yaml,Vendor Reference Check Audit,vendor-third-party,20,vendor-due-diligence,expert,active,manual,medium,3-4 hours,false,false,false,false,No,Yes,No,Yes,Yes,No,No,Yes,Yes
vendor-third-party.vendor-governance.vendor-categorization,20-vendor-third-party/vendor-governance/vendor-categorization.yaml,Vendor Categorization Audit,vendor-third-party,20,vendor-governance,expert,active,partial,high,3-4 hours,false,false,false,false,No,Yes,No,Yes,Yes,No,No,Yes,Yes
vendor-third-party.vendor-governance.vendor-governance-structure,20-vendor-third-party/vendor-governance/vendor-governance-structure.yaml,Vendor Governance Structure Audit,vendor-third-party,20,vendor-governance,expert,active,manual,high,4-5 hours,false,false,false,false,No,Yes,No,Yes,Yes,No,No,Yes,Yes
vendor-third-party.vendor-governance.vendor-inventory,20-vendor-third-party/vendor-governance/vendor-inventory.yaml,Vendor Inventory Audit,vendor-third-party,20,vendor-governance,expert,active,partial,high,3-5 hours,false,false,false,false,No,Yes,No,Yes,Yes,No,No,Yes,Yes
vendor-third-party.vendor-governance.vendor-management-policy,20-vendor-third-party/vendor-governance/vendor-management-policy.yaml,Vendor Management Policy Audit,vendor-third-party,20,vendor-governance,expert,active,manual,high,3-4 hours,false,false,false,false,No,Yes,No,Yes,Yes,No,No,Yes,Yes
vendor-third-party.vendor-lifecycle.vendor-offboarding,20-vendor-third-party/vendor-lifecycle/vendor-offboarding.yaml,Vendor Offboarding Audit,vendor-third-party,20,vendor-lifecycle,expert,active,partial,high,3-5 hours,false,false,false,false,No,Yes,No,Yes,Yes,No,No,Yes,Yes
vendor-third-party.vendor-lifecycle.vendor-onboarding,20-vendor-third-party/vendor-lifecycle/vendor-onboarding.yaml,Vendor Onboarding Audit,vendor-third-party,20,vendor-lifecycle,expert,active,partial,high,4-6 hours,false,false,false,false,No,Yes,No,Yes,Yes,No,No,Yes,Yes
vendor-third-party.vendor-lifecycle.vendor-performance-evaluation,20-vendor-third-party/vendor-lifecycle/vendor-performance-evaluation.yaml,Vendor Performance Evaluation Audit,vendor-third-party,20,vendor-lifecycle,expert,active,partial,high,4-6 hours,false,false,false,false,No,Yes,No,Yes,Yes,No,No,Yes,Yes
vendor-third-party.vendor-lifecycle.vendor-periodic-review,20-vendor-third-party/vendor-lifecycle/vendor-periodic-review.yaml,Vendor Periodic Review Audit,vendor-third-party,20,vendor-lifecycle,expert,active,partial,high,3-5 hours,false,false,false,false,No,Yes,No,Yes,Yes,No,No,Yes,Yes
vendor-third-party.vendor-lifecycle.vendor-relationship-management,20-vendor-third-party/vendor-lifecycle/vendor-relationship-management.yaml,Vendor Relationship Management Audit,vendor-third-party,20,vendor-lifecycle,expert,active,manual,medium,4-6 hours,false,false,false,false,No,Yes,No,Yes,Yes,No,No,Yes,Yes
vendor-third-party.vendor-risk-assessment.vendor-financial-stability,20-vendor-third-party/vendor-risk-assessment/vendor-financial-stability.yaml,Vendor Financial Stability Audit,vendor-third-party,20,vendor-risk-assessment,expert,active,partial,medium,3-5 hours,false,false,false,false,No,Yes,No,Yes,Yes,No,No,Yes,Yes
vendor-third-party.vendor-risk-assessment.vendor-reputation-assessment,20-vendor-third-party/vendor-risk-assessment/vendor-reputation-assessment.yaml,Vendor Reputation Assessment Audit,vendor-third-party,20,vendor-risk-assessment,expert,active,partial,medium,3-4 hours,false,false,false,false,No,Yes,No,Yes,Yes,No,No,Yes,Yes
vendor-third-party.vendor-risk-assessment.vendor-risk-classification,20-vendor-third-party/vendor-risk-assessment/vendor-risk-classification.yaml,Vendor Risk Classification Audit,vendor-third-party,20,vendor-risk-assessment,expert,active,partial,high,4-6 hours,false,false,false,false,No,Yes,No,Yes,Yes,No,No,Yes,Yes
vendor-third-party.vendor-risk-assessment.vendor-risk-register,20-vendor-third-party/vendor-risk-assessment/vendor-risk-register.yaml,Vendor Risk Register Audit,vendor-third-party,20,vendor-risk-assessment,expert,active,partial,high,4-6 hours,false,false,false,false,No,Yes,No,Yes,Yes,No,No,Yes,Yes
vendor-third-party.vendor-risk-assessment.vendor-risk-scoring,20-vendor-third-party/vendor-risk-assessment/vendor-risk-scoring.yaml,Vendor Risk Scoring Audit,vendor-third-party,20,vendor-risk-assessment,expert,active,partial,high,3-5 hours,false,false,false,false,No,Yes,No,Yes,Yes,No,No,Yes,Yes
vendor-third-party.vendor-risk-assessment.vendor-security-questionnaire,20-vendor-third-party/vendor-risk-assessment/vendor-security-questionnaire.yaml,Vendor Security Questionnaire Audit,vendor-third-party,20,vendor-risk-assessment,expert,active,partial,high,4-6 hours,false,false,false,false,No,Yes,No,Yes,Yes,No,No,Yes,Yes
responsible-design.addiction-manipulation.engagement-metric-ethics,21-responsible-design/addiction-manipulation/engagement-metric-ethics.yaml,Engagement Metric Ethics Audit,ethical-societal,21,addiction-manipulation,expert,active,manual,high,3-4 hours,false,false,false,false,Yes,Yes,No,Yes,No,No,No,No,Yes
responsible-design.addiction-manipulation.fomo-exploitation,21-responsible-design/addiction-manipulation/fomo-exploitation.yaml,FOMO Exploitation Audit,ethical-societal,21,addiction-manipulation,expert,active,partial,medium,2-3 hours,true,false,false,false,Yes,Yes,No,Yes,No,No,No,No,Yes
responsible-design.addiction-manipulation.infinite-scroll-impact,21-responsible-design/addiction-manipulation/infinite-scroll-impact.yaml,Infinite Scroll Impact Audit,ethical-societal,21,addiction-manipulation,expert,active,partial,medium,2-3 hours,true,false,false,false,Yes,Yes,No,Yes,No,No,No,No,Yes
responsible-design.addiction-manipulation.notification-manipulation,21-responsible-design/addiction-manipulation/notification-manipulation.yaml,Notification Manipulation Audit,ethical-societal,21,addiction-manipulation,expert,active,partial,medium,2-3 hours,true,false,false,false,Yes,Yes,No,Yes,No,No,No,No,Yes
responsible-design.addiction-manipulation.social-pressure-mechanism,21-responsible-design/addiction-manipulation/social-pressure-mechanism.yaml,Social Pressure Mechanism Audit,ethical-societal,21,addiction-manipulation,expert,active,manual,medium,2-3 hours,true,false,false,false,Yes,Yes,No,Yes,No,No,No,No,Yes
responsible-design.addiction-manipulation.variable-reward-pattern,21-responsible-design/addiction-manipulation/variable-reward-pattern.yaml,Variable Reward Pattern Audit,ethical-societal,21,addiction-manipulation,expert,active,manual,high,3-4 hours,true,false,false,false,Yes,Yes,No,Yes,No,No,No,No,Yes
responsible-design.algorithmic-fairness.bias-detection,21-responsible-design/algorithmic-fairness/bias-detection.yaml,Bias Detection Audit,ethical-societal,21,algorithmic-fairness,phd,active,partial,critical,4-8 hours,true,false,false,false,Yes,Yes,No,Yes,No,No,No,No,Yes
responsible-design.algorithmic-fairness.disparate-impact,21-responsible-design/algorithmic-fairness/disparate-impact.yaml,Disparate Impact Audit,ethical-societal,21,algorithmic-fairness,phd,active,partial,critical,4-6 hours,true,false,false,false,Yes,Yes,No,Yes,No,No,No,No,Yes
responsible-design.algorithmic-fairness.fairness-metric-selection,21-responsible-design/algorithmic-fairness/fairness-metric-selection.yaml,Fairness Metric Selection Audit,ethical-societal,21,algorithmic-fairness,phd,active,manual,high,3-5 hours,false,false,false,false,Yes,Yes,No,Yes,No,No,No,No,Yes
responsible-design.algorithmic-fairness.historical-bias-training-data,21-responsible-design/algorithmic-fairness/historical-bias-training-data.yaml,Historical Bias in Training Data Audit,ethical-societal,21,algorithmic-fairness,phd,active,partial,high,4-6 hours,false,false,false,false,Yes,Yes,No,Yes,No,No,No,No,Yes
responsible-design.algorithmic-fairness.protected-class-treatment,21-responsible-design/algorithmic-fairness/protected-class-treatment.yaml,Protected Class Treatment Audit,ethical-societal,21,algorithmic-fairness,phd,active,partial,critical,3-5 hours,true,false,false,false,Yes,Yes,No,Yes,No,No,No,No,Yes
responsible-design.algorithmic-fairness.proxy-variable,21-responsible-design/algorithmic-fairness/proxy-variable.yaml,Proxy Variable Audit,ethical-societal,21,algorithmic-fairness,phd,active,partial,high,4-6 hours,true,false,false,false,Yes,Yes,No,Yes,No,No,No,No,Yes
responsible-design.consent-transparency.algorithm-explainability,21-responsible-design/consent-transparency/algorithm-explainability.yaml,Algorithm Explainability Audit,ethical-societal,21,consent-transparency,expert,active,partial,high,4-6 hours,true,false,false,false,Yes,Yes,No,Yes,No,No,No,No,Yes
responsible-design.consent-transparency.cookie-consent-implementation,21-responsible-design/consent-transparency/cookie-consent-implementation.yaml,Cookie Consent Implementation Audit,ethical-societal,21,consent-transparency,expert,active,partial,high,2-3 hours,true,false,false,false,Yes,Yes,No,Yes,No,No,No,No,Yes
responsible-design.consent-transparency.data-usage-transparency,21-responsible-design/consent-transparency/data-usage-transparency.yaml,Data Usage Transparency Audit,ethical-societal,21,consent-transparency,expert,active,partial,high,3-4 hours,false,false,false,false,Yes,Yes,No,Yes,No,No,No,No,Yes
responsible-design.consent-transparency.informed-consent,21-responsible-design/consent-transparency/informed-consent.yaml,Informed Consent Audit,ethical-societal,21,consent-transparency,expert,active,partial,critical,3-5 hours,true,false,false,false,Yes,Yes,No,Yes,No,No,No,No,Yes
responsible-design.consent-transparency.opt-in-opt-out-default,21-responsible-design/consent-transparency/opt-in-opt-out-default.yaml,Opt-In vs Opt-Out Default Audit,ethical-societal,21,consent-transparency,expert,active,partial,high,2-3 hours,true,false,false,false,Yes,Yes,No,Yes,No,No,No,No,Yes
responsible-design.consent-transparency.price-transparency,21-responsible-design/consent-transparency/price-transparency.yaml,Price Transparency Audit,ethical-societal,21,consent-transparency,expert,active,partial,high,2-3 hours,true,false,false,false,Yes,Yes,No,Yes,No,No,No,No,Yes
responsible-design.consent-transparency.terms-of-service-readability,21-responsible-design/consent-transparency/terms-of-service-readability.yaml,Terms of Service Readability Audit,ethical-societal,21,consent-transparency,expert,active,partial,medium,2-3 hours,false,false,false,false,Yes,Yes,No,Yes,No,No,No,No,Yes
responsible-design.content-harm.harmful-content-moderation,21-responsible-design/content-harm/harmful-content-moderation.yaml,Harmful Content Moderation Audit,ethical-societal,21,content-harm,expert,active,partial,critical,4-6 hours,true,false,false,false,Yes,Yes,No,Yes,No,No,No,No,Yes
responsible-design.content-harm.misinformation-amplification,21-responsible-design/content-harm/misinformation-amplification.yaml,Misinformation Amplification Audit,ethical-societal,21,content-harm,expert,active,partial,critical,4-6 hours,true,false,false,false,Yes,Yes,No,Yes,No,No,No,No,Yes
responsible-design.content-harm.radicalization-vector,21-responsible-design/content-harm/radicalization-vector.yaml,Radicalization Vector Audit,ethical-societal,21,content-harm,expert,active,partial,critical,5-7 hours,true,false,false,false,Yes,Yes,No,Yes,No,No,No,No,Yes
responsible-design.dark-pattern-avoidance.bait-and-switch,21-responsible-design/dark-pattern-avoidance/bait-and-switch.yaml,Bait and Switch Audit,ethical-societal,21,dark-pattern-avoidance,expert,active,partial,high,2-3 hours,true,false,false,false,Yes,Yes,No,Yes,No,No,No,No,Yes
responsible-design.dark-pattern-avoidance.confirmshaming,21-responsible-design/dark-pattern-avoidance/confirmshaming.yaml,Confirmshaming Audit,ethical-societal,21,dark-pattern-avoidance,expert,active,partial,medium,1-2 hours,true,false,false,false,Yes,Yes,No,Yes,No,No,No,No,Yes
responsible-design.dark-pattern-avoidance.forced-continuity,21-responsible-design/dark-pattern-avoidance/forced-continuity.yaml,Forced Continuity Audit,ethical-societal,21,dark-pattern-avoidance,phd,active,partial,high,2-4 hours,true,false,false,false,Yes,Yes,No,Yes,No,No,No,No,Yes
responsible-design.dark-pattern-avoidance.hidden-cost,21-responsible-design/dark-pattern-avoidance/hidden-cost.yaml,Hidden Cost Audit,ethical-societal,21,dark-pattern-avoidance,expert,active,partial,high,2-3 hours,true,false,false,false,Yes,Yes,No,Yes,No,No,No,No,Yes
responsible-design.dark-pattern-avoidance.misdirection,21-responsible-design/dark-pattern-avoidance/misdirection.yaml,Misdirection Audit,ethical-societal,21,dark-pattern-avoidance,expert,active,manual,medium,2-3 hours,true,false,false,false,Yes,Yes,No,Yes,No,No,No,No,Yes
responsible-design.dark-pattern-avoidance.privacy-zuckering,21-responsible-design/dark-pattern-avoidance/privacy-zuckering.yaml,Privacy Zuckering Audit,ethical-societal,21,dark-pattern-avoidance,phd,active,partial,critical,3-5 hours,true,false,false,false,Yes,Yes,No,Yes,No,No,No,No,Yes
responsible-design.dark-pattern-avoidance.roach-motel,21-responsible-design/dark-pattern-avoidance/roach-motel.yaml,Roach Motel (Hard to Cancel) Audit,ethical-societal,21,dark-pattern-avoidance,phd,active,partial,critical,2-4 hours,true,false,false,false,Yes,Yes,No,Yes,No,No,No,No,Yes
responsible-design.dark-pattern-avoidance.sneak-into-basket,21-responsible-design/dark-pattern-avoidance/sneak-into-basket.yaml,Sneak into Basket Audit,ethical-societal,21,dark-pattern-avoidance,expert,active,partial,high,1-2 hours,true,false,false,false,Yes,Yes,No,Yes,No,No,No,No,Yes
responsible-design.dark-pattern-avoidance.trick-question,21-responsible-design/dark-pattern-avoidance/trick-question.yaml,Trick Question Audit,ethical-societal,21,dark-pattern-avoidance,expert,active,partial,medium,1-2 hours,true,false,false,false,Yes,Yes,No,Yes,No,No,No,No,Yes
responsible-design.economic-fairness.accessibility-pricing,21-responsible-design/economic-fairness/accessibility-pricing.yaml,Accessibility Pricing Audit,ethical-societal,21,economic-fairness,expert,active,partial,medium,2-3 hours,false,false,false,false,Yes,Yes,No,Yes,No,No,No,No,Yes
responsible-design.economic-fairness.dynamic-pricing-transparency,21-responsible-design/economic-fairness/dynamic-pricing-transparency.yaml,Dynamic Pricing Transparency Audit,ethical-societal,21,economic-fairness,expert,active,partial,high,3-4 hours,true,false,false,false,Yes,Yes,No,Yes,No,No,No,No,Yes
responsible-design.economic-fairness.predatory-pricing,21-responsible-design/economic-fairness/predatory-pricing.yaml,Predatory Pricing Audit,ethical-societal,21,economic-fairness,expert,active,partial,high,3-5 hours,false,false,false,false,Yes,Yes,No,Yes,No,No,No,No,Yes
responsible-design.economic-fairness.vendor-lock-in-ethics,21-responsible-design/economic-fairness/vendor-lock-in-ethics.yaml,Vendor Lock-In Ethics Audit,ethical-societal,21,economic-fairness,expert,active,partial,medium,2-3 hours,false,false,false,false,Yes,Yes,No,Yes,No,No,No,No,Yes
responsible-design.environmental-impact.compute-optimization-environmental,21-responsible-design/environmental-impact/compute-optimization-environmental.yaml,Compute Optimization (Environmental) Audit,ethical-societal,21,environmental-impact,expert,active,partial,medium,2-3 hours,true,false,false,false,Yes,Yes,No,Yes,No,No,No,No,Yes
responsible-design.environmental-impact.data-center-efficiency,21-responsible-design/environmental-impact/data-center-efficiency.yaml,Data Center Efficiency Audit,ethical-societal,21,environmental-impact,expert,active,partial,medium,2-3 hours,false,false,false,false,Yes,Yes,No,Yes,No,No,No,No,Yes
responsible-design.environmental-impact.data-retention-environmental,21-responsible-design/environmental-impact/data-retention-environmental.yaml,Data Retention (Environmental) Audit,ethical-societal,21,environmental-impact,expert,active,partial,medium,2-3 hours,false,false,false,false,Yes,Yes,No,Yes,No,No,No,No,Yes
responsible-design.environmental-impact.energy-efficient-algorithm,21-responsible-design/environmental-impact/energy-efficient-algorithm.yaml,Energy-Efficient Algorithm Audit,ethical-societal,21,environmental-impact,expert,active,partial,medium,3-4 hours,true,false,false,false,Yes,Yes,No,Yes,No,No,No,No,Yes
responsible-design.environmental-impact.green-hosting,21-responsible-design/environmental-impact/green-hosting.yaml,Green Hosting Audit,ethical-societal,21,environmental-impact,expert,active,partial,medium,2-3 hours,false,false,false,false,Yes,Yes,No,Yes,No,No,No,No,Yes
gamification-behavioral.achievement-systems.achievement-completability,22-gamification-behavioral/achievement-systems/achievement-completability.yaml,Achievement Completability Audit,gamification-behavioral,22,achievement-systems,expert,active,partial,medium,2-3 hours,true,false,false,false,No,Yes,No,Yes,Yes,Yes,No,No,No
gamification-behavioral.achievement-systems.achievement-difficulty-curve,22-gamification-behavioral/achievement-systems/achievement-difficulty-curve.yaml,Achievement Difficulty Curve Audit,gamification-behavioral,22,achievement-systems,expert,active,partial,medium,2-3 hours,true,false,false,false,No,Yes,No,Yes,Yes,Yes,No,No,No
gamification-behavioral.achievement-systems.achievement-display,22-gamification-behavioral/achievement-systems/achievement-display.yaml,Achievement Display Audit,gamification-behavioral,22,achievement-systems,expert,active,partial,low,1-2 hours,true,false,false,false,No,Yes,No,Yes,Yes,Yes,No,No,No
gamification-behavioral.achievement-systems.badge-achievement-design,22-gamification-behavioral/achievement-systems/badge-achievement-design.yaml,Badge/Achievement Design Audit,gamification-behavioral,22,achievement-systems,expert,active,partial,medium,2-3 hours,true,false,false,false,No,Yes,No,Yes,Yes,Yes,No,No,No
gamification-behavioral.currency-economy.currency-sink-balance,22-gamification-behavioral/currency-economy/currency-sink-balance.yaml,Currency Sink Balance Audit,gamification-behavioral,22,currency-economy,expert,active,partial,medium,3-4 hours,true,false,false,false,No,Yes,No,Yes,Yes,Yes,No,No,No
gamification-behavioral.currency-economy.earn-rate-fairness,22-gamification-behavioral/currency-economy/earn-rate-fairness.yaml,Earn Rate Fairness Audit,gamification-behavioral,22,currency-economy,expert,active,partial,medium,2-3 hours,true,false,false,false,No,Yes,No,Yes,Yes,Yes,No,No,No
gamification-behavioral.currency-economy.exchange-rate-clarity,22-gamification-behavioral/currency-economy/exchange-rate-clarity.yaml,Exchange Rate Clarity Audit,gamification-behavioral,22,currency-economy,expert,active,partial,medium,2-3 hours,true,false,false,false,No,Yes,No,Yes,Yes,Yes,No,No,No
gamification-behavioral.currency-economy.pay-to-win-prevention,22-gamification-behavioral/currency-economy/pay-to-win-prevention.yaml,Pay-to-Win Prevention Audit,gamification-behavioral,22,currency-economy,expert,active,partial,high,3-4 hours,true,false,false,false,No,Yes,No,Yes,Yes,Yes,No,No,No
gamification-behavioral.currency-economy.virtual-currency-design,22-gamification-behavioral/currency-economy/virtual-currency-design.yaml,Virtual Currency Design Audit,gamification-behavioral,22,currency-economy,expert,active,partial,high,3-4 hours,true,false,false,false,No,Yes,No,Yes,Yes,Yes,No,No,No
gamification-behavioral.engagement-ethics.compulsion-loop-assessment,22-gamification-behavioral/engagement-ethics/compulsion-loop-assessment.yaml,Compulsion Loop Assessment Audit,gamification-behavioral,22,engagement-ethics,phd,active,manual,critical,4-6 hours,true,false,false,false,No,Yes,No,Yes,Yes,Yes,No,No,No
gamification-behavioral.engagement-ethics.engagement-vs-exploitation,22-gamification-behavioral/engagement-ethics/engagement-vs-exploitation.yaml,Engagement vs Exploitation Audit,gamification-behavioral,22,engagement-ethics,expert,active,manual,critical,4-6 hours,true,false,false,false,No,Yes,No,Yes,Yes,Yes,No,No,No
gamification-behavioral.engagement-ethics.minor-protection,22-gamification-behavioral/engagement-ethics/minor-protection.yaml,Minor Protection Audit,gamification-behavioral,22,engagement-ethics,expert,active,partial,critical,3-4 hours,true,false,false,false,No,Yes,No,Yes,Yes,Yes,No,No,No
gamification-behavioral.engagement-ethics.quit-point-accessibility,22-gamification-behavioral/engagement-ethics/quit-point-accessibility.yaml,Quit Point Accessibility Audit,gamification-behavioral,22,engagement-ethics,expert,active,partial,medium,2-3 hours,true,false,false,false,No,Yes,No,Yes,Yes,Yes,No,No,No
gamification-behavioral.engagement-ethics.time-investment-transparency,22-gamification-behavioral/engagement-ethics/time-investment-transparency.yaml,Time Investment Transparency Audit,gamification-behavioral,22,engagement-ethics,expert,active,partial,medium,2-3 hours,true,false,false,false,No,Yes,No,Yes,Yes,Yes,No,No,No
gamification-behavioral.feedback-loops.habit-formation-ethics,22-gamification-behavioral/feedback-loops/habit-formation-ethics.yaml,Habit Formation Ethics Audit,gamification-behavioral,22,feedback-loops,phd,active,manual,critical,4-5 hours,true,false,false,false,No,Yes,No,Yes,Yes,Yes,No,No,No
gamification-behavioral.feedback-loops.learning-reinforcement,22-gamification-behavioral/feedback-loops/learning-reinforcement.yaml,Learning Reinforcement Audit,gamification-behavioral,22,feedback-loops,expert,active,partial,medium,3-4 hours,true,false,false,false,No,Yes,No,Yes,Yes,Yes,No,No,No
gamification-behavioral.feedback-loops.negative-feedback-prevention,22-gamification-behavioral/feedback-loops/negative-feedback-prevention.yaml,Negative Feedback Prevention Audit,gamification-behavioral,22,feedback-loops,expert,active,partial,medium,3-4 hours,true,false,false,false,No,Yes,No,Yes,Yes,Yes,No,No,No
gamification-behavioral.feedback-loops.positive-feedback-loop,22-gamification-behavioral/feedback-loops/positive-feedback-loop.yaml,Positive Feedback Loop Audit,gamification-behavioral,22,feedback-loops,expert,active,partial,medium,3-4 hours,true,false,false,false,No,Yes,No,Yes,Yes,Yes,No,No,No
gamification-behavioral.progression-systems.level-tier-design,22-gamification-behavioral/progression-systems/level-tier-design.yaml,Level/Tier Design Audit,gamification-behavioral,22,progression-systems,phd,active,partial,medium,3-5 hours,true,false,false,false,No,Yes,No,Yes,Yes,Yes,No,No,No
gamification-behavioral.progression-systems.milestone-design,22-gamification-behavioral/progression-systems/milestone-design.yaml,Milestone Design Audit,gamification-behavioral,22,progression-systems,expert,active,partial,medium,2-4 hours,true,false,false,false,No,Yes,No,Yes,Yes,Yes,No,No,No
gamification-behavioral.progression-systems.pacing,22-gamification-behavioral/progression-systems/pacing.yaml,Pacing Audit,gamification-behavioral,22,progression-systems,expert,active,partial,medium,3-4 hours,true,false,false,false,No,Yes,No,Yes,Yes,Yes,No,No,No
gamification-behavioral.progression-systems.progress-visualization,22-gamification-behavioral/progression-systems/progress-visualization.yaml,Progress Visualization Audit,gamification-behavioral,22,progression-systems,phd,active,partial,medium,2-3 hours,true,false,false,false,No,Yes,No,Yes,Yes,Yes,No,No,No
gamification-behavioral.progression-systems.skill-tree-path-design,22-gamification-behavioral/progression-systems/skill-tree-path-design.yaml,Skill Tree/Path Design Audit,gamification-behavioral,22,progression-systems,expert,active,partial,medium,3-5 hours,true,false,false,false,No,Yes,No,Yes,Yes,Yes,No,No,No
gamification-behavioral.progression-systems.unlockable-content,22-gamification-behavioral/progression-systems/unlockable-content.yaml,Unlockable Content Audit,gamification-behavioral,22,progression-systems,expert,active,partial,medium,3-4 hours,true,false,false,false,No,Yes,No,Yes,Yes,Yes,No,No,No
gamification-behavioral.reward-systems.reward-fairness,22-gamification-behavioral/reward-systems/reward-fairness.yaml,Reward Fairness Audit,gamification-behavioral,22,reward-systems,phd,active,partial,high,4-6 hours,true,false,false,false,No,Yes,No,Yes,Yes,Yes,No,No,No
gamification-behavioral.reward-systems.reward-inflation,22-gamification-behavioral/reward-systems/reward-inflation.yaml,Reward Inflation Audit,gamification-behavioral,22,reward-systems,phd,active,partial,medium,3-5 hours,true,false,false,false,No,Yes,No,Yes,Yes,Yes,No,No,No
gamification-behavioral.reward-systems.reward-schedule,22-gamification-behavioral/reward-systems/reward-schedule.yaml,Reward Schedule Audit,gamification-behavioral,22,reward-systems,phd,active,partial,high,4-6 hours,true,false,false,false,No,Yes,No,Yes,Yes,Yes,No,No,No
gamification-behavioral.reward-systems.reward-value-perception,22-gamification-behavioral/reward-systems/reward-value-perception.yaml,Reward Value Perception Audit,gamification-behavioral,22,reward-systems,phd,active,manual,medium,3-5 hours,true,false,false,false,No,Yes,No,Yes,Yes,Yes,No,No,No
gamification-behavioral.reward-systems.streak-mechanism,22-gamification-behavioral/reward-systems/streak-mechanism.yaml,Streak Mechanism Audit,gamification-behavioral,22,reward-systems,phd,active,partial,high,3-4 hours,true,false,false,false,No,Yes,No,Yes,Yes,Yes,No,No,No
gamification-behavioral.reward-systems.unexpected-reward-pattern,22-gamification-behavioral/reward-systems/unexpected-reward-pattern.yaml,Unexpected Reward Pattern Audit,gamification-behavioral,22,reward-systems,phd,active,manual,medium,3-4 hours,true,false,false,false,No,Yes,No,Yes,Yes,Yes,No,No,No
gamification-behavioral.social-mechanics.collaboration-incentive,22-gamification-behavioral/social-mechanics/collaboration-incentive.yaml,Collaboration Incentive Audit,gamification-behavioral,22,social-mechanics,expert,active,manual,medium,2-3 hours,true,false,false,false,No,Yes,No,Yes,Yes,Yes,No,No,No
gamification-behavioral.social-mechanics.competition-balance,22-gamification-behavioral/social-mechanics/competition-balance.yaml,Competition Balance Audit,gamification-behavioral,22,social-mechanics,expert,active,partial,medium,3-4 hours,true,false,false,false,No,Yes,No,Yes,Yes,Yes,No,No,No
gamification-behavioral.social-mechanics.leaderboard-design,22-gamification-behavioral/social-mechanics/leaderboard-design.yaml,Leaderboard Design Audit,gamification-behavioral,22,social-mechanics,phd,active,partial,high,3-4 hours,true,false,false,false,No,Yes,No,Yes,Yes,Yes,No,No,No
gamification-behavioral.social-mechanics.social-comparison-ethics,22-gamification-behavioral/social-mechanics/social-comparison-ethics.yaml,Social Comparison Ethics Audit,gamification-behavioral,22,social-mechanics,expert,active,manual,high,3-4 hours,true,false,false,false,No,Yes,No,Yes,Yes,Yes,No,No,No
gamification-behavioral.social-mechanics.social-proof-usage,22-gamification-behavioral/social-mechanics/social-proof-usage.yaml,Social Proof Usage Audit,gamification-behavioral,22,social-mechanics,expert,active,partial,medium,2-3 hours,true,false,false,false,No,Yes,No,Yes,Yes,Yes,No,No,No
emotional-design-trust.delight-positive-emotion.empty-state-warmth,23-emotional-design-trust/delight-positive-emotion/empty-state-warmth.yaml,Empty State Warmth Audit,emotional-design-trust,23,delight-positive-emotion,expert,active,manual,medium,2-3 hours,false,false,false,false,No,Yes,No,Yes,Yes,Yes,No,No,No
emotional-design-trust.delight-positive-emotion.micro-interaction-quality,23-emotional-design-trust/delight-positive-emotion/micro-interaction-quality.yaml,Micro-Interaction Quality Audit,emotional-design-trust,23,delight-positive-emotion,phd,active,manual,medium,3-5 hours,false,false,false,false,No,Yes,No,Yes,Yes,Yes,No,No,No
emotional-design-trust.delight-positive-emotion.personality-brand-voice,23-emotional-design-trust/delight-positive-emotion/personality-brand-voice.yaml,Personality/Brand Voice Audit,emotional-design-trust,23,delight-positive-emotion,phd,active,manual,medium,3-5 hours,false,false,false,false,No,Yes,No,Yes,Yes,Yes,No,No,No
emotional-design-trust.delight-positive-emotion.success-celebration,23-emotional-design-trust/delight-positive-emotion/success-celebration.yaml,Success Celebration Audit,emotional-design-trust,23,delight-positive-emotion,phd,active,manual,medium,2-4 hours,false,false,false,false,No,Yes,No,Yes,Yes,Yes,No,No,No
emotional-design-trust.delight-positive-emotion.surprise-and-delight,23-emotional-design-trust/delight-positive-emotion/surprise-and-delight.yaml,Surprise and Delight Audit,emotional-design-trust,23,delight-positive-emotion,phd,active,manual,low,2-4 hours,false,false,false,false,No,Yes,No,Yes,Yes,Yes,No,No,No
emotional-design-trust.error-failure-emotion.apology-appropriateness,23-emotional-design-trust/error-failure-emotion/apology-appropriateness.yaml,Apology Appropriateness Audit,emotional-design-trust,23,error-failure-emotion,expert,active,manual,medium,2-3 hours,false,false,false,false,No,Yes,No,Yes,Yes,Yes,No,No,No
emotional-design-trust.error-failure-emotion.blame-attribution,23-emotional-design-trust/error-failure-emotion/blame-attribution.yaml,Blame Attribution Audit,emotional-design-trust,23,error-failure-emotion,expert,active,partial,high,2-3 hours,false,false,false,false,No,Yes,No,Yes,Yes,Yes,No,No,No
emotional-design-trust.error-failure-emotion.compensation-communication,23-emotional-design-trust/error-failure-emotion/compensation-communication.yaml,Compensation Communication Audit,emotional-design-trust,23,error-failure-emotion,expert,active,manual,medium,2-3 hours,false,false,false,false,No,Yes,No,Yes,Yes,Yes,No,No,No
emotional-design-trust.error-failure-emotion.error-message-tone,23-emotional-design-trust/error-failure-emotion/error-message-tone.yaml,Error Message Tone Audit,emotional-design-trust,23,error-failure-emotion,expert,active,partial,high,2-4 hours,false,false,false,false,No,Yes,No,Yes,Yes,Yes,No,No,No
emotional-design-trust.error-failure-emotion.failure-recovery-support,23-emotional-design-trust/error-failure-emotion/failure-recovery-support.yaml,Failure Recovery Support Audit,emotional-design-trust,23,error-failure-emotion,expert,active,manual,high,2-4 hours,false,false,false,false,No,Yes,No,Yes,Yes,Yes,No,No,No
emotional-design-trust.relationship-building.farewell-churn-experience,23-emotional-design-trust/relationship-building/farewell-churn-experience.yaml,Farewell/Churn Experience Audit,emotional-design-trust,23,relationship-building,expert,active,manual,medium,2-3 hours,false,false,false,false,No,Yes,No,Yes,Yes,Yes,No,No,No
emotional-design-trust.relationship-building.loyalty-recognition,23-emotional-design-trust/relationship-building/loyalty-recognition.yaml,Loyalty Recognition Audit,emotional-design-trust,23,relationship-building,expert,active,manual,medium,2-3 hours,false,false,false,false,No,Yes,No,Yes,Yes,Yes,No,No,No
emotional-design-trust.relationship-building.milestone-acknowledgment,23-emotional-design-trust/relationship-building/milestone-acknowledgment.yaml,Milestone Acknowledgment Audit,emotional-design-trust,23,relationship-building,expert,active,manual,medium,2-3 hours,false,false,false,false,No,Yes,No,Yes,Yes,Yes,No,No,No
emotional-design-trust.relationship-building.re-engagement-tone,23-emotional-design-trust/relationship-building/re-engagement-tone.yaml,Re-engagement Tone Audit,emotional-design-trust,23,relationship-building,expert,active,manual,medium,2-3 hours,false,false,false,false,No,Yes,No,Yes,Yes,Yes,No,No,No
emotional-design-trust.relationship-building.welcome-experience,23-emotional-design-trust/relationship-building/welcome-experience.yaml,Welcome Experience Audit,emotional-design-trust,23,relationship-building,expert,active,manual,high,2-4 hours,false,false,false,false,No,Yes,No,Yes,Yes,Yes,No,No,No
emotional-design-trust.social-proof.case-study-quality,23-emotional-design-trust/social-proof/case-study-quality.yaml,Case Study Quality Audit,emotional-design-trust,23,social-proof,phd,active,manual,medium,2-3 hours,false,false,false,false,No,Yes,No,Yes,Yes,Yes,No,No,No
emotional-design-trust.social-proof.endorsement-disclosure,23-emotional-design-trust/social-proof/endorsement-disclosure.yaml,Endorsement Disclosure Audit,emotional-design-trust,23,social-proof,phd,active,manual,high,2-3 hours,false,false,false,false,No,Yes,No,Yes,Yes,Yes,No,No,No
emotional-design-trust.social-proof.influencer-partner-clarity,23-emotional-design-trust/social-proof/influencer-partner-clarity.yaml,Influencer/Partner Clarity Audit,emotional-design-trust,23,social-proof,expert,active,manual,medium,1-2 hours,false,false,false,false,No,Yes,No,Yes,Yes,Yes,No,No,No
emotional-design-trust.social-proof.review-system-integrity,23-emotional-design-trust/social-proof/review-system-integrity.yaml,Review System Integrity Audit,emotional-design-trust,23,social-proof,phd,active,partial,high,3-5 hours,false,false,false,false,No,Yes,No,Yes,Yes,Yes,No,No,No
emotional-design-trust.social-proof.testimonial-authenticity,23-emotional-design-trust/social-proof/testimonial-authenticity.yaml,Testimonial Authenticity Audit,emotional-design-trust,23,social-proof,phd,active,partial,high,2-4 hours,false,false,false,false,No,Yes,No,Yes,Yes,Yes,No,No,No
emotional-design-trust.social-proof.user-count-statistic-display,23-emotional-design-trust/social-proof/user-count-statistic-display.yaml,User Count/Statistic Display Audit,emotional-design-trust,23,social-proof,expert,active,partial,medium,1-2 hours,false,false,false,false,No,Yes,No,Yes,Yes,Yes,No,No,No
emotional-design-trust.trust-signals.certification-display,23-emotional-design-trust/trust-signals/certification-display.yaml,Certification Display Audit,emotional-design-trust,23,trust-signals,phd,active,manual,medium,2-3 hours,false,false,false,false,No,Yes,No,Yes,Yes,Yes,No,No,No
emotional-design-trust.trust-signals.company-information-transparency,23-emotional-design-trust/trust-signals/company-information-transparency.yaml,Company Information Transparency Audit,emotional-design-trust,23,trust-signals,phd,active,manual,medium,2-3 hours,false,false,false,false,No,Yes,No,Yes,Yes,Yes,No,No,No
emotional-design-trust.trust-signals.contact-information-visibility,23-emotional-design-trust/trust-signals/contact-information-visibility.yaml,Contact Information Visibility Audit,emotional-design-trust,23,trust-signals,expert,active,partial,medium,1-2 hours,false,false,false,false,No,Yes,No,Yes,Yes,Yes,No,No,No
emotional-design-trust.trust-signals.professional-design-quality,23-emotional-design-trust/trust-signals/professional-design-quality.yaml,Professional Design Quality Audit,emotional-design-trust,23,trust-signals,phd,active,manual,high,3-4 hours,false,false,false,false,No,Yes,No,Yes,Yes,Yes,No,No,No
emotional-design-trust.trust-signals.security-badge-placement,23-emotional-design-trust/trust-signals/security-badge-placement.yaml,Security Badge Placement Audit,emotional-design-trust,23,trust-signals,phd,active,partial,high,2-4 hours,false,false,false,false,No,Yes,No,Yes,Yes,Yes,No,No,No
emotional-design-trust.trust-signals.trust-seal-validity,23-emotional-design-trust/trust-signals/trust-seal-validity.yaml,Trust Seal Validity Audit,emotional-design-trust,23,trust-signals,phd,active,partial,high,2-3 hours,false,false,false,false,No,Yes,No,Yes,Yes,Yes,No,No,No
compliance-governance.certifications-attestations.certification-scope,24-compliance-governance/certifications-attestations/certification-scope.yaml,Certification Scope Audit,compliance-governance,24,certifications-attestations,expert,active,partial,high,4-8 hours,false,false,false,false,Yes,Yes,No,Yes,No,No,No,Yes,Yes
compliance-governance.certifications-attestations.continuous-compliance,24-compliance-governance/certifications-attestations/continuous-compliance.yaml,Continuous Compliance Audit,compliance-governance,24,certifications-attestations,expert,active,partial,high,4-8 hours,false,false,false,false,Yes,Yes,No,Yes,No,No,No,Yes,Yes
compliance-governance.certifications-attestations.evidence-collection-process,24-compliance-governance/certifications-attestations/evidence-collection-process.yaml,Evidence Collection Process Audit,compliance-governance,24,certifications-attestations,expert,active,partial,high,4-8 hours,false,false,false,false,Yes,Yes,No,Yes,No,No,No,Yes,Yes
compliance-governance.certifications-attestations.fedramp-readiness,24-compliance-governance/certifications-attestations/fedramp-readiness.yaml,FedRAMP Readiness Audit,compliance-governance,24,certifications-attestations,phd,active,partial,critical,40-80 hours,false,false,false,false,Yes,Yes,No,Yes,No,No,No,Yes,Yes
compliance-governance.certifications-attestations.hitrust-readiness,24-compliance-governance/certifications-attestations/hitrust-readiness.yaml,HITRUST Readiness Audit,compliance-governance,24,certifications-attestations,expert,active,partial,critical,20-40 hours,false,false,false,false,Yes,Yes,No,Yes,No,No,No,Yes,Yes
compliance-governance.certifications-attestations.iso27001-readiness,24-compliance-governance/certifications-attestations/iso27001-readiness.yaml,ISO 27001 Readiness Audit,compliance-governance,24,certifications-attestations,phd,active,partial,critical,20-50 hours,false,false,false,false,Yes,Yes,No,Yes,No,No,No,Yes,Yes
compliance-governance.certifications-attestations.soc2-readiness,24-compliance-governance/certifications-attestations/soc2-readiness.yaml,SOC 2 Readiness Audit,compliance-governance,24,certifications-attestations,phd,active,partial,critical,16-40 hours,false,false,false,false,Yes,Yes,No,Yes,No,No,No,Yes,Yes
compliance-governance.data-privacy.data-minimization,24-compliance-governance/data-privacy/data-minimization.yaml,Data Minimization Audit,compliance-governance,24,data-privacy,expert,active,partial,high,3-5 hours,false,false,false,false,Yes,Yes,No,Yes,No,No,No,Yes,Yes
compliance-governance.data-privacy.purpose-limitation,24-compliance-governance/data-privacy/purpose-limitation.yaml,Purpose Limitation Audit,compliance-governance,24,data-privacy,expert,active,partial,high,3-4 hours,false,false,false,false,Yes,Yes,No,Yes,No,No,No,Yes,Yes
compliance-governance.legal-contractual.export-control-compliance,24-compliance-governance/legal-contractual/export-control-compliance.yaml,Export Control Compliance Audit,compliance-governance,24,legal-contractual,expert,active,,,8-16 hours,false,false,false,false,Yes,Yes,No,Yes,No,No,No,Yes,Yes
compliance-governance.legal-contractual.intellectual-property-compliance,24-compliance-governance/legal-contractual/intellectual-property-compliance.yaml,Intellectual Property Compliance Audit,compliance-governance,24,legal-contractual,expert,active,,,4-8 hours,false,false,false,false,Yes,Yes,No,Yes,No,No,No,Yes,Yes
compliance-governance.legal-contractual.licensing-compliance,24-compliance-governance/legal-contractual/licensing-compliance.yaml,Licensing Compliance Audit,compliance-governance,24,legal-contractual,expert,active,,,4-8 hours,false,false,false,false,Yes,Yes,No,Yes,No,No,No,Yes,Yes
compliance-governance.legal-contractual.sla-compliance,24-compliance-governance/legal-contractual/sla-compliance.yaml,SLA Compliance Audit,compliance-governance,24,legal-contractual,expert,active,,,4-8 hours,false,false,false,false,Yes,Yes,No,Yes,No,No,No,Yes,Yes
compliance-governance.legal-contractual.terms-of-service-enforcement,24-compliance-governance/legal-contractual/terms-of-service-enforcement.yaml,Terms of Service Enforcement Audit,compliance-governance,24,legal-contractual,expert,active,,,4-8 hours,false,false,false,false,Yes,Yes,No,Yes,No,No,No,Yes,Yes
compliance-governance.regulatory-compliance.ccpa-cpra-compliance,24-compliance-governance/regulatory-compliance/ccpa-cpra-compliance.yaml,CCPA/CPRA Compliance Audit,compliance-governance,24,regulatory-compliance,phd,active,partial,critical,6-12 hours,false,false,false,false,Yes,Yes,No,Yes,No,No,No,Yes,Yes
compliance-governance.regulatory-compliance.coppa-compliance,24-compliance-governance/regulatory-compliance/coppa-compliance.yaml,COPPA Compliance Audit,compliance-governance,24,regulatory-compliance,phd,active,partial,critical,4-8 hours,false,false,false,false,Yes,Yes,No,Yes,No,No,No,Yes,Yes
compliance-governance.regulatory-compliance.ferpa-compliance,24-compliance-governance/regulatory-compliance/ferpa-compliance.yaml,FERPA Compliance Audit,compliance-governance,24,regulatory-compliance,phd,active,partial,high,4-8 hours,false,false,false,false,Yes,Yes,No,Yes,No,No,No,Yes,Yes
compliance-governance.regulatory-compliance.gdpr-compliance,24-compliance-governance/regulatory-compliance/gdpr-compliance.yaml,GDPR Compliance Audit,compliance-governance,24,regulatory-compliance,phd,active,partial,critical,8-16 hours,false,false,false,false,Yes,Yes,No,Yes,No,No,No,Yes,Yes
compliance-governance.regulatory-compliance.hipaa-compliance,24-compliance-governance/regulatory-compliance/hipaa-compliance.yaml,HIPAA Compliance Audit,compliance-governance,24,regulatory-compliance,phd,active,partial,critical,8-16 hours,false,false,false,false,Yes,Yes,No,Yes,No,No,No,Yes,Yes
compliance-governance.regulatory-compliance.industry-specific-regulation,24-compliance-governance/regulatory-compliance/industry-specific-regulation.yaml,Industry-Specific Regulation Audit,compliance-governance,24,regulatory-compliance,phd,active,partial,critical,8-16 hours,false,false,false,false,Yes,Yes,No,Yes,No,No,No,Yes,Yes
compliance-governance.regulatory-compliance.pci-dss-compliance,24-compliance-governance/regulatory-compliance/pci-dss-compliance.yaml,PCI-DSS Compliance Audit,compliance-governance,24,regulatory-compliance,phd,active,partial,critical,8-16 hours,false,false,false,false,Yes,Yes,No,Yes,No,No,No,Yes,Yes
compliance-governance.regulatory-compliance.sox-compliance,24-compliance-governance/regulatory-compliance/sox-compliance.yaml,SOX Compliance Audit,compliance-governance,24,regulatory-compliance,phd,active,partial,critical,8-16 hours,false,false,false,false,Yes,Yes,No,Yes,No,No,No,Yes,Yes
compliance-governance.third-party-compliance.data-processing-agreement-coverage,24-compliance-governance/third-party-compliance/data-processing-agreement-coverage.yaml,Data Processing Agreement Coverage Audit,compliance-governance,24,third-party-compliance,expert,active,,,4-8 hours,false,false,false,false,Yes,Yes,No,Yes,No,No,No,Yes,Yes
compliance-governance.third-party-compliance.subprocessor-compliance,24-compliance-governance/third-party-compliance/subprocessor-compliance.yaml,Subprocessor Compliance Audit,compliance-governance,24,third-party-compliance,expert,active,,,4-8 hours,false,false,false,false,Yes,Yes,No,Yes,No,No,No,Yes,Yes
compliance-governance.third-party-compliance.supply-chain-compliance,24-compliance-governance/third-party-compliance/supply-chain-compliance.yaml,Supply Chain Compliance Audit,compliance-governance,24,third-party-compliance,expert,active,,,4-8 hours,false,false,false,false,Yes,Yes,No,Yes,No,No,No,Yes,Yes
compliance-governance.third-party-compliance.vendor-compliance,24-compliance-governance/third-party-compliance/vendor-compliance.yaml,Vendor Compliance Audit,compliance-governance,24,third-party-compliance,expert,active,partial,high,8-16 hours,false,false,false,false,Yes,Yes,No,Yes,No,No,No,Yes,Yes
compliance-governance.third-party-compliance.vendor-security-assessment,24-compliance-governance/third-party-compliance/vendor-security-assessment.yaml,Vendor Security Assessment Audit,compliance-governance,24,third-party-compliance,expert,active,,,4-8 hours,false,false,false,false,Yes,Yes,No,Yes,No,No,No,Yes,Yes
operational-excellence.capacity-planning.bottleneck-identification,25-operational-excellence/capacity-planning/bottleneck-identification.yaml,Bottleneck Identification Audit,operational-excellence,25,capacity-planning,expert,active,partial,high,2-3 hours,true,false,false,false,No,No,No,No,No,No,Yes,Yes,Yes
operational-excellence.capacity-planning.capacity-forecasting,25-operational-excellence/capacity-planning/capacity-forecasting.yaml,Capacity Forecasting Audit,operational-excellence,25,capacity-planning,phd,active,partial,high,3-4 hours,true,false,false,false,No,No,No,No,No,No,Yes,Yes,Yes
operational-excellence.capacity-planning.capacity-testing,25-operational-excellence/capacity-planning/capacity-testing.yaml,Capacity Testing Audit,operational-excellence,25,capacity-planning,expert,active,partial,high,2-3 hours,false,false,false,false,No,No,No,No,No,No,Yes,Yes,Yes
operational-excellence.capacity-planning.growth-projections,25-operational-excellence/capacity-planning/growth-projections.yaml,Growth Projections Audit,operational-excellence,25,capacity-planning,expert,active,partial,medium,2 hours,false,false,false,false,No,No,No,No,No,No,Yes,Yes,Yes
operational-excellence.capacity-planning.resource-headroom,25-operational-excellence/capacity-planning/resource-headroom.yaml,Resource Headroom Audit,operational-excellence,25,capacity-planning,phd,active,partial,high,2-3 hours,true,false,false,false,No,No,No,No,No,No,Yes,Yes,Yes
operational-excellence.capacity-planning.scaling-triggers,25-operational-excellence/capacity-planning/scaling-triggers.yaml,Scaling Triggers Audit,operational-excellence,25,capacity-planning,phd,active,partial,high,2-3 hours,true,false,false,false,No,No,No,No,No,No,Yes,Yes,Yes
operational-excellence.change-management.change-approval-process,25-operational-excellence/change-management/change-approval-process.yaml,Change Approval Process Audit,operational-excellence,25,change-management,phd,active,partial,high,2-3 hours,false,false,false,false,No,No,No,No,No,No,Yes,Yes,Yes
operational-excellence.change-management.change-audit-trail,25-operational-excellence/change-management/change-audit-trail.yaml,Change Audit Trail Audit,operational-excellence,25,change-management,phd,active,partial,high,2-3 hours,true,false,false,false,No,No,No,No,No,No,Yes,Yes,Yes
operational-excellence.change-management.change-communication,25-operational-excellence/change-management/change-communication.yaml,Change Communication Audit,operational-excellence,25,change-management,phd,active,partial,medium,2 hours,false,false,false,false,No,No,No,No,No,No,Yes,Yes,Yes
operational-excellence.change-management.change-freeze-windows,25-operational-excellence/change-management/change-freeze-windows.yaml,Change Freeze Windows Audit,operational-excellence,25,change-management,phd,active,partial,medium,2 hours,false,false,false,false,No,No,No,No,No,No,Yes,Yes,Yes
operational-excellence.change-management.change-risk-assessment,25-operational-excellence/change-management/change-risk-assessment.yaml,Change Risk Assessment Audit,operational-excellence,25,change-management,phd,active,partial,high,2-3 hours,false,false,false,false,No,No,No,No,No,No,Yes,Yes,Yes
operational-excellence.change-management.change-rollback-procedures,25-operational-excellence/change-management/change-rollback-procedures.yaml,Change Rollback Procedures Audit,operational-excellence,25,change-management,phd,active,partial,critical,2-3 hours,false,false,false,false,No,No,No,No,No,No,Yes,Yes,Yes
operational-excellence.change-management.emergency-change-process,25-operational-excellence/change-management/emergency-change-process.yaml,Emergency Change Process Audit,operational-excellence,25,change-management,phd,active,partial,high,2 hours,false,false,false,false,No,No,No,No,No,No,Yes,Yes,Yes
operational-excellence.incident-management.escalation-procedures,25-operational-excellence/incident-management/escalation-procedures.yaml,Escalation Procedures Audit,operational-excellence,25,incident-management,phd,active,partial,high,2-3 hours,false,false,false,false,No,No,No,No,No,No,Yes,Yes,Yes
operational-excellence.incident-management.incident-classification,25-operational-excellence/incident-management/incident-classification.yaml,Incident Classification Audit,operational-excellence,25,incident-management,phd,active,partial,high,2-3 hours,false,false,false,false,No,No,No,No,No,No,Yes,Yes,Yes
operational-excellence.incident-management.incident-communication,25-operational-excellence/incident-management/incident-communication.yaml,Incident Communication Audit,operational-excellence,25,incident-management,phd,active,partial,high,2-3 hours,false,false,false,false,No,No,No,No,No,No,Yes,Yes,Yes
operational-excellence.incident-management.incident-response-process,25-operational-excellence/incident-management/incident-response-process.yaml,Incident Response Process Audit,operational-excellence,25,incident-management,phd,active,partial,critical,3-4 hours,false,false,false,false,No,No,No,No,No,No,Yes,Yes,Yes
operational-excellence.incident-management.incident-tracking,25-operational-excellence/incident-management/incident-tracking.yaml,Incident Tracking Audit,operational-excellence,25,incident-management,phd,active,partial,medium,2-3 hours,true,false,false,false,No,No,No,No,No,No,Yes,Yes,Yes
operational-excellence.incident-management.mean-time-to-recovery,25-operational-excellence/incident-management/mean-time-to-recovery.yaml,Mean Time to Recovery Audit,operational-excellence,25,incident-management,phd,active,partial,high,2-3 hours,true,false,false,false,No,No,No,No,No,No,Yes,Yes,Yes
operational-excellence.incident-management.post-incident-review,25-operational-excellence/incident-management/post-incident-review.yaml,Post-Incident Review Audit,operational-excellence,25,incident-management,phd,active,partial,high,2-3 hours,false,false,false,false,No,No,No,No,No,No,Yes,Yes,Yes
operational-excellence.on-call-operations.alert-fatigue,25-operational-excellence/on-call-operations/alert-fatigue.yaml,Alert Fatigue Audit,operational-excellence,25,on-call-operations,phd,active,partial,high,3-4 hours,true,false,false,false,No,No,No,No,No,No,Yes,Yes,Yes
operational-excellence.on-call-operations.escalation-paths,25-operational-excellence/on-call-operations/escalation-paths.yaml,Escalation Paths Audit,operational-excellence,25,on-call-operations,phd,active,partial,high,2-3 hours,false,false,false,false,No,No,No,No,No,No,Yes,Yes,Yes
operational-excellence.on-call-operations.on-call-handoff,25-operational-excellence/on-call-operations/on-call-handoff.yaml,On-Call Handoff Audit,operational-excellence,25,on-call-operations,phd,active,partial,medium,2 hours,false,false,false,false,No,No,No,No,No,No,Yes,Yes,Yes
operational-excellence.on-call-operations.on-call-rotation,25-operational-excellence/on-call-operations/on-call-rotation.yaml,On-Call Rotation Audit,operational-excellence,25,on-call-operations,phd,active,partial,high,2-3 hours,true,false,false,false,No,No,No,No,No,No,Yes,Yes,Yes
operational-excellence.on-call-operations.pager-load-balance,25-operational-excellence/on-call-operations/pager-load-balance.yaml,Pager Load Balance Audit,operational-excellence,25,on-call-operations,phd,active,partial,medium,2-3 hours,true,false,false,false,No,No,No,No,No,No,Yes,Yes,Yes
operational-excellence.on-call-operations.shadow-on-call,25-operational-excellence/on-call-operations/shadow-on-call.yaml,Shadow On-Call Audit,operational-excellence,25,on-call-operations,phd,active,partial,medium,2 hours,false,false,false,false,No,No,No,No,No,No,Yes,Yes,Yes
operational-excellence.operational-metrics.automation-coverage,25-operational-excellence/operational-metrics/automation-coverage.yaml,Automation Coverage Audit,operational-excellence,25,operational-metrics,expert,active,partial,high,2-3 hours,false,false,false,false,No,No,No,No,No,No,Yes,Yes,Yes
operational-excellence.operational-metrics.deployment-frequency,25-operational-excellence/operational-metrics/deployment-frequency.yaml,Deployment Frequency Audit,operational-excellence,25,operational-metrics,expert,active,full,medium,2-3 hours,true,false,false,false,No,No,No,No,No,No,Yes,Yes,Yes
operational-excellence.operational-metrics.manual-intervention-rate,25-operational-excellence/operational-metrics/manual-intervention-rate.yaml,Manual Intervention Rate Audit,operational-excellence,25,operational-metrics,expert,active,partial,high,2-3 hours,true,false,false,false,No,No,No,No,No,No,Yes,Yes,Yes
operational-excellence.operational-metrics.operational-efficiency,25-operational-excellence/operational-metrics/operational-efficiency.yaml,Operational Efficiency Audit,operational-excellence,25,operational-metrics,expert,active,partial,high,3-4 hours,true,false,false,false,No,No,No,No,No,No,Yes,Yes,Yes
operational-excellence.operational-metrics.service-health-metrics,25-operational-excellence/operational-metrics/service-health-metrics.yaml,Service Health Metrics Audit,operational-excellence,25,operational-metrics,expert,active,partial,high,2-3 hours,true,false,false,false,No,No,No,No,No,No,Yes,Yes,Yes
operational-excellence.operational-metrics.toil-measurement,25-operational-excellence/operational-metrics/toil-measurement.yaml,Toil Measurement Audit,operational-excellence,25,operational-metrics,expert,active,partial,high,2-3 hours,false,false,false,false,No,No,No,No,No,No,Yes,Yes,Yes
operational-excellence.production-readiness.documentation-readiness,25-operational-excellence/production-readiness/documentation-readiness.yaml,Documentation Readiness Audit,operational-excellence,25,production-readiness,expert,active,partial,high,2-3 hours,false,false,false,false,No,No,No,No,No,No,Yes,Yes,Yes
operational-excellence.production-readiness.launch-criteria,25-operational-excellence/production-readiness/launch-criteria.yaml,Launch Criteria Audit,operational-excellence,25,production-readiness,expert,active,partial,high,2-3 hours,false,false,false,false,No,No,No,No,No,No,Yes,Yes,Yes
operational-excellence.production-readiness.monitoring-readiness,25-operational-excellence/production-readiness/monitoring-readiness.yaml,Monitoring Readiness Audit,operational-excellence,25,production-readiness,expert,active,partial,critical,2-3 hours,true,false,false,false,No,No,No,No,No,No,Yes,Yes,Yes
operational-excellence.production-readiness.production-checklist,25-operational-excellence/production-readiness/production-checklist.yaml,Production Checklist Audit,operational-excellence,25,production-readiness,expert,active,partial,critical,2-3 hours,false,false,false,false,No,No,No,No,No,No,Yes,Yes,Yes
operational-excellence.production-readiness.readiness-review,25-operational-excellence/production-readiness/readiness-review.yaml,Readiness Review Audit,operational-excellence,25,production-readiness,expert,active,no,high,2-3 hours,false,false,false,false,No,No,No,No,No,No,Yes,Yes,Yes
operational-excellence.production-readiness.rollback-readiness,25-operational-excellence/production-readiness/rollback-readiness.yaml,Rollback Readiness Audit,operational-excellence,25,production-readiness,expert,active,partial,critical,2-3 hours,true,false,false,false,No,No,No,No,No,No,Yes,Yes,Yes
operational-excellence.runbook-procedures.automated-runbooks,25-operational-excellence/runbook-procedures/automated-runbooks.yaml,Automated Runbooks Audit,operational-excellence,25,runbook-procedures,phd,active,partial,medium,3-4 hours,true,false,false,false,No,No,No,No,No,No,Yes,Yes,Yes
operational-excellence.runbook-procedures.emergency-procedures,25-operational-excellence/runbook-procedures/emergency-procedures.yaml,Emergency Procedures Audit,operational-excellence,25,runbook-procedures,phd,active,partial,critical,2-3 hours,false,false,false,false,No,No,No,No,No,No,Yes,Yes,Yes
operational-excellence.runbook-procedures.recovery-procedures,25-operational-excellence/runbook-procedures/recovery-procedures.yaml,Recovery Procedures Audit,operational-excellence,25,runbook-procedures,phd,active,partial,critical,3-4 hours,false,false,false,false,No,No,No,No,No,No,Yes,Yes,Yes
operational-excellence.runbook-procedures.runbook-accuracy,25-operational-excellence/runbook-procedures/runbook-accuracy.yaml,Runbook Accuracy Audit,operational-excellence,25,runbook-procedures,phd,active,partial,high,3-4 hours,true,false,false,false,No,No,No,No,No,No,Yes,Yes,Yes
operational-excellence.runbook-procedures.runbook-completeness,25-operational-excellence/runbook-procedures/runbook-completeness.yaml,Runbook Completeness Audit,operational-excellence,25,runbook-procedures,phd,active,partial,high,3-4 hours,false,false,false,false,No,No,No,No,No,No,Yes,Yes,Yes
operational-excellence.runbook-procedures.runbook-testing,25-operational-excellence/runbook-procedures/runbook-testing.yaml,Runbook Testing Audit,operational-excellence,25,runbook-procedures,phd,active,partial,high,2-3 hours,false,false,false,false,No,No,No,No,No,No,Yes,Yes,Yes
operational-excellence.service-level-management.degradation-policies,25-operational-excellence/service-level-management/degradation-policies.yaml,Graceful Degradation Policies Audit,operational-excellence,25,service-level-management,expert,active,partial,high,2-3 hours,false,false,false,false,No,No,No,No,No,No,Yes,Yes,Yes
operational-excellence.service-level-management.error-budget-management,25-operational-excellence/service-level-management/error-budget-management.yaml,Error Budget Management Audit,operational-excellence,25,service-level-management,expert,active,partial,high,2-3 hours,true,false,false,false,No,No,No,No,No,No,Yes,Yes,Yes
operational-excellence.service-level-management.service-dependencies,25-operational-excellence/service-level-management/service-dependencies.yaml,Service Dependencies Audit,operational-excellence,25,service-level-management,expert,active,partial,high,2-3 hours,false,false,false,false,No,No,No,No,No,No,Yes,Yes,Yes
operational-excellence.service-level-management.sla-compliance,25-operational-excellence/service-level-management/sla-compliance.yaml,SLA Compliance Audit,operational-excellence,25,service-level-management,expert,active,partial,critical,2-3 hours,true,false,false,false,No,No,No,No,No,No,Yes,Yes,Yes
operational-excellence.service-level-management.sli-measurement,25-operational-excellence/service-level-management/sli-measurement.yaml,SLI Measurement Audit,operational-excellence,25,service-level-management,expert,active,partial,high,2-3 hours,true,false,false,false,No,No,No,No,No,No,Yes,Yes,Yes
operational-excellence.service-level-management.slo-definition,25-operational-excellence/service-level-management/slo-definition.yaml,SLO Definition Audit,operational-excellence,25,service-level-management,expert,active,partial,critical,3-4 hours,false,false,false,false,No,No,No,No,No,No,Yes,Yes,Yes
testing-quality-assurance.e2e-testing.critical-user-journey-coverage,26-testing-quality-assurance/e2e-testing/critical-user-journey-coverage.yaml,Critical User Journey Coverage,testing-quality-assurance,26,e2e-testing,expert,active,partial,critical,2-3 hours,true,false,false,false,No,No,No,Yes,Yes,Yes,Yes,No,No
testing-quality-assurance.e2e-testing.cross-browser-testing,26-testing-quality-assurance/e2e-testing/cross-browser-testing.yaml,Cross-Browser Testing,testing-quality-assurance,26,e2e-testing,expert,active,yes,medium,1-2 hours,true,false,false,false,No,No,No,Yes,Yes,Yes,Yes,No,No
testing-quality-assurance.e2e-testing.e2e-test-coverage,26-testing-quality-assurance/e2e-testing/e2e-test-coverage.yaml,E2E Test Coverage,testing-quality-assurance,26,e2e-testing,expert,active,partial,high,2-3 hours,true,false,false,false,No,No,No,Yes,Yes,Yes,Yes,No,No
testing-quality-assurance.e2e-testing.e2e-test-speed,26-testing-quality-assurance/e2e-testing/e2e-test-speed.yaml,E2E Test Speed,testing-quality-assurance,26,e2e-testing,expert,active,yes,medium,1-2 hours,true,false,false,false,No,No,No,Yes,Yes,Yes,Yes,No,No
testing-quality-assurance.e2e-testing.e2e-test-stability,26-testing-quality-assurance/e2e-testing/e2e-test-stability.yaml,E2E Test Stability,testing-quality-assurance,26,e2e-testing,expert,active,yes,high,2-3 hours,true,false,false,false,No,No,No,Yes,Yes,Yes,Yes,No,No
testing-quality-assurance.e2e-testing.mobile-e2e-testing,26-testing-quality-assurance/e2e-testing/mobile-e2e-testing.yaml,Mobile E2E Testing,testing-quality-assurance,26,e2e-testing,expert,active,partial,high,2-3 hours,true,false,false,false,No,No,No,Yes,Yes,Yes,Yes,No,No
testing-quality-assurance.integration-testing.api-integration-test,26-testing-quality-assurance/integration-testing/api-integration-test.yaml,API Integration Test,testing-quality-assurance,26,integration-testing,expert,active,yes,high,2-3 hours,true,false,false,false,No,No,No,Yes,Yes,Yes,Yes,No,No
testing-quality-assurance.integration-testing.contract-testing,26-testing-quality-assurance/integration-testing/contract-testing.yaml,Contract Testing,testing-quality-assurance,26,integration-testing,expert,active,yes,high,2-3 hours,true,false,false,false,No,No,No,Yes,Yes,Yes,Yes,No,No
testing-quality-assurance.integration-testing.database-integration-test,26-testing-quality-assurance/integration-testing/database-integration-test.yaml,Database Integration Test,testing-quality-assurance,26,integration-testing,expert,active,yes,high,2-3 hours,true,false,false,false,No,No,No,Yes,Yes,Yes,Yes,No,No
testing-quality-assurance.integration-testing.integration-test-coverage,26-testing-quality-assurance/integration-testing/integration-test-coverage.yaml,Integration Test Coverage,testing-quality-assurance,26,integration-testing,expert,active,partial,high,2-3 hours,true,false,false,false,No,No,No,Yes,Yes,Yes,Yes,No,No
testing-quality-assurance.integration-testing.integration-test-environment,26-testing-quality-assurance/integration-testing/integration-test-environment.yaml,Integration Test Environment,testing-quality-assurance,26,integration-testing,expert,active,partial,medium,1-2 hours,true,false,false,false,No,No,No,Yes,Yes,Yes,Yes,No,No
testing-quality-assurance.integration-testing.third-party-integration-test,26-testing-quality-assurance/integration-testing/third-party-integration-test.yaml,Third-Party Integration Test,testing-quality-assurance,26,integration-testing,expert,active,partial,high,2-3 hours,true,false,false,false,No,No,No,Yes,Yes,Yes,Yes,No,No
testing-quality-assurance.performance-testing.load-test-coverage,26-testing-quality-assurance/performance-testing/load-test-coverage.yaml,Load Test Coverage,testing-quality-assurance,26,performance-testing,expert,active,yes,high,2-3 hours,true,false,false,false,No,No,No,Yes,Yes,Yes,Yes,No,No
testing-quality-assurance.performance-testing.performance-baseline,26-testing-quality-assurance/performance-testing/performance-baseline.yaml,Performance Baseline,testing-quality-assurance,26,performance-testing,expert,active,yes,high,1-2 hours,false,false,false,false,No,No,No,Yes,Yes,Yes,Yes,No,No
testing-quality-assurance.performance-testing.performance-test-environment,26-testing-quality-assurance/performance-testing/performance-test-environment.yaml,Performance Test Environment,testing-quality-assurance,26,performance-testing,expert,active,partial,high,1-2 hours,false,false,false,false,No,No,No,Yes,Yes,Yes,Yes,No,No
testing-quality-assurance.performance-testing.soak-test-coverage,26-testing-quality-assurance/performance-testing/soak-test-coverage.yaml,Soak Test Coverage,testing-quality-assurance,26,performance-testing,expert,active,yes,medium,1-2 hours,true,false,false,false,No,No,No,Yes,Yes,Yes,Yes,No,No
testing-quality-assurance.performance-testing.spike-test-coverage,26-testing-quality-assurance/performance-testing/spike-test-coverage.yaml,Spike Test Coverage,testing-quality-assurance,26,performance-testing,expert,active,yes,medium,1-2 hours,true,false,false,false,No,No,No,Yes,Yes,Yes,Yes,No,No
testing-quality-assurance.performance-testing.stress-test-coverage,26-testing-quality-assurance/performance-testing/stress-test-coverage.yaml,Stress Test Coverage,testing-quality-assurance,26,performance-testing,expert,active,yes,high,2-3 hours,true,false,false,false,No,No,No,Yes,Yes,Yes,Yes,No,No
testing-quality-assurance.security-testing.dast-integration,26-testing-quality-assurance/security-testing/dast-integration.yaml,DAST Integration,testing-quality-assurance,26,security-testing,expert,active,yes,critical,2-3 hours,true,false,false,false,No,No,No,Yes,Yes,Yes,Yes,No,No
testing-quality-assurance.security-testing.dependency-scanning,26-testing-quality-assurance/security-testing/dependency-scanning.yaml,Dependency Scanning,testing-quality-assurance,26,security-testing,expert,active,yes,critical,30-60 min,false,false,false,false,No,No,No,Yes,Yes,Yes,Yes,No,No
testing-quality-assurance.security-testing.penetration-test-coverage,26-testing-quality-assurance/security-testing/penetration-test-coverage.yaml,Penetration Test Coverage,testing-quality-assurance,26,security-testing,expert,active,partial,high,1-2 hours,false,false,false,false,No,No,No,Yes,Yes,Yes,Yes,No,No
testing-quality-assurance.security-testing.sast-integration,26-testing-quality-assurance/security-testing/sast-integration.yaml,SAST Integration,testing-quality-assurance,26,security-testing,expert,active,yes,critical,1-2 hours,false,false,false,false,No,No,No,Yes,Yes,Yes,Yes,No,No
testing-quality-assurance.security-testing.secret-scanning,26-testing-quality-assurance/security-testing/secret-scanning.yaml,Secret Scanning,testing-quality-assurance,26,security-testing,expert,active,yes,critical,30-60 min,false,false,false,false,No,No,No,Yes,Yes,Yes,Yes,No,No
testing-quality-assurance.security-testing.security-test-automation,26-testing-quality-assurance/security-testing/security-test-automation.yaml,Security Test Automation,testing-quality-assurance,26,security-testing,expert,active,yes,high,1-2 hours,false,false,false,false,No,No,No,Yes,Yes,Yes,Yes,No,No
testing-quality-assurance.test-coverage.branch-coverage,26-testing-quality-assurance/test-coverage/branch-coverage.yaml,Branch Coverage,testing-quality-assurance,26,test-coverage,expert,active,yes,high,1-2 hours,false,false,false,false,No,No,No,Yes,Yes,Yes,Yes,No,No
testing-quality-assurance.test-coverage.code-coverage,26-testing-quality-assurance/test-coverage/code-coverage.yaml,Code Coverage,testing-quality-assurance,26,test-coverage,expert,active,yes,high,1-2 hours,false,false,false,false,No,No,No,Yes,Yes,Yes,Yes,No,No
testing-quality-assurance.test-coverage.critical-path-coverage,26-testing-quality-assurance/test-coverage/critical-path-coverage.yaml,Critical Path Coverage,testing-quality-assurance,26,test-coverage,expert,active,partial,critical,2-3 hours,false,false,false,false,No,No,No,Yes,Yes,Yes,Yes,No,No
testing-quality-assurance.test-coverage.edge-case-coverage,26-testing-quality-assurance/test-coverage/edge-case-coverage.yaml,Edge Case Coverage,testing-quality-assurance,26,test-coverage,expert,active,partial,high,2-3 hours,false,false,false,false,No,No,No,Yes,Yes,Yes,Yes,No,No
testing-quality-assurance.test-coverage.mutation-testing-coverage,26-testing-quality-assurance/test-coverage/mutation-testing-coverage.yaml,Mutation Testing Coverage,testing-quality-assurance,26,test-coverage,phd,active,yes,medium,2-4 hours,true,false,false,false,No,No,No,Yes,Yes,Yes,Yes,No,No
testing-quality-assurance.test-coverage.path-coverage,26-testing-quality-assurance/test-coverage/path-coverage.yaml,Path Coverage,testing-quality-assurance,26,test-coverage,phd,active,partial,medium,2-4 hours,false,false,false,false,No,No,No,Yes,Yes,Yes,Yes,No,No
testing-quality-assurance.test-coverage.regression-coverage,26-testing-quality-assurance/test-coverage/regression-coverage.yaml,Regression Coverage,testing-quality-assurance,26,test-coverage,expert,active,partial,high,1-2 hours,false,false,false,false,No,No,No,Yes,Yes,Yes,Yes,No,No
testing-quality-assurance.test-data-management.production-data-masking,26-testing-quality-assurance/test-data-management/production-data-masking.yaml,Production Data Masking,testing-quality-assurance,26,test-data-management,expert,active,partial,critical,45-60 min,false,false,false,false,No,No,No,Yes,Yes,Yes,Yes,No,No
testing-quality-assurance.test-data-management.test-data-generation,26-testing-quality-assurance/test-data-management/test-data-generation.yaml,Test Data Generation,testing-quality-assurance,26,test-data-management,expert,active,yes,medium,30-45 min,false,false,false,false,No,No,No,Yes,Yes,Yes,Yes,No,No
testing-quality-assurance.test-data-management.test-data-isolation,26-testing-quality-assurance/test-data-management/test-data-isolation.yaml,Test Data Isolation,testing-quality-assurance,26,test-data-management,expert,active,yes,high,30-45 min,false,false,false,false,No,No,No,Yes,Yes,Yes,Yes,No,No
testing-quality-assurance.test-data-management.test-data-privacy,26-testing-quality-assurance/test-data-management/test-data-privacy.yaml,Test Data Privacy,testing-quality-assurance,26,test-data-management,expert,active,partial,critical,45-60 min,false,false,false,false,No,No,No,Yes,Yes,Yes,Yes,No,No
testing-quality-assurance.test-data-management.test-data-refresh,26-testing-quality-assurance/test-data-management/test-data-refresh.yaml,Test Data Refresh,testing-quality-assurance,26,test-data-management,expert,active,partial,medium,30-45 min,false,false,false,false,No,No,No,Yes,Yes,Yes,Yes,No,No
testing-quality-assurance.test-data-management.test-data-strategy,26-testing-quality-assurance/test-data-management/test-data-strategy.yaml,Test Data Strategy,testing-quality-assurance,26,test-data-management,expert,active,partial,high,45-60 min,false,false,false,false,No,No,No,Yes,Yes,Yes,Yes,No,No
testing-quality-assurance.test-effectiveness.defect-detection-rate,26-testing-quality-assurance/test-effectiveness/defect-detection-rate.yaml,Defect Detection Rate,testing-quality-assurance,26,test-effectiveness,expert,active,partial,high,45-60 min,false,false,false,false,No,No,No,Yes,Yes,Yes,Yes,No,No
testing-quality-assurance.test-effectiveness.false-positive-rate,26-testing-quality-assurance/test-effectiveness/false-positive-rate.yaml,False Positive Rate,testing-quality-assurance,26,test-effectiveness,expert,active,partial,high,30-45 min,false,false,false,false,No,No,No,Yes,Yes,Yes,Yes,No,No
testing-quality-assurance.test-effectiveness.test-flakiness,26-testing-quality-assurance/test-effectiveness/test-flakiness.yaml,Test Flakiness,testing-quality-assurance,26,test-effectiveness,expert,active,yes,high,30-45 min,false,false,false,false,No,No,No,Yes,Yes,Yes,Yes,No,No
testing-quality-assurance.test-effectiveness.test-maintenance-burden,26-testing-quality-assurance/test-effectiveness/test-maintenance-burden.yaml,Test Maintenance Burden,testing-quality-assurance,26,test-effectiveness,expert,active,partial,medium,30-45 min,false,false,false,false,No,No,No,Yes,Yes,Yes,Yes,No,No
testing-quality-assurance.test-effectiveness.test-roi,26-testing-quality-assurance/test-effectiveness/test-roi.yaml,Test ROI,testing-quality-assurance,26,test-effectiveness,expert,active,partial,medium,1-2 hours,false,false,false,false,No,No,No,Yes,Yes,Yes,Yes,No,No
testing-quality-assurance.test-effectiveness.test-signal-vs-noise,26-testing-quality-assurance/test-effectiveness/test-signal-vs-noise.yaml,Test Signal vs Noise,testing-quality-assurance,26,test-effectiveness,expert,active,partial,medium,30-45 min,false,false,false,false,No,No,No,Yes,Yes,Yes,Yes,No,No
testing-quality-assurance.test-environment.environment-access-control,26-testing-quality-assurance/test-environment/environment-access-control.yaml,Environment Access Control,testing-quality-assurance,26,test-environment,expert,active,partial,medium,30-45 min,false,false,false,false,No,No,No,Yes,Yes,Yes,Yes,No,No
testing-quality-assurance.test-environment.environment-cost,26-testing-quality-assurance/test-environment/environment-cost.yaml,Environment Cost,testing-quality-assurance,26,test-environment,expert,active,partial,low,30-45 min,false,false,false,false,No,No,No,Yes,Yes,Yes,Yes,No,No
testing-quality-assurance.test-environment.environment-data,26-testing-quality-assurance/test-environment/environment-data.yaml,Environment Data,testing-quality-assurance,26,test-environment,expert,active,yes,medium,30-45 min,false,false,false,false,No,No,No,Yes,Yes,Yes,Yes,No,No
testing-quality-assurance.test-environment.environment-parity,26-testing-quality-assurance/test-environment/environment-parity.yaml,Environment Parity,testing-quality-assurance,26,test-environment,expert,active,partial,high,45-60 min,false,false,false,false,No,No,No,Yes,Yes,Yes,Yes,No,No
testing-quality-assurance.test-environment.environment-provisioning,26-testing-quality-assurance/test-environment/environment-provisioning.yaml,Environment Provisioning,testing-quality-assurance,26,test-environment,expert,active,yes,medium,30-45 min,false,false,false,false,No,No,No,Yes,Yes,Yes,Yes,No,No
testing-quality-assurance.test-environment.environment-stability,26-testing-quality-assurance/test-environment/environment-stability.yaml,Environment Stability,testing-quality-assurance,26,test-environment,expert,active,partial,high,30-45 min,false,false,false,false,No,No,No,Yes,Yes,Yes,Yes,No,No
testing-quality-assurance.unit-testing.mock-stub-strategy,26-testing-quality-assurance/unit-testing/mock-stub-strategy.yaml,Mock/Stub Strategy,testing-quality-assurance,26,unit-testing,expert,active,partial,medium,1-2 hours,false,false,false,false,No,No,No,Yes,Yes,Yes,Yes,No,No
testing-quality-assurance.unit-testing.unit-test-isolation,26-testing-quality-assurance/unit-testing/unit-test-isolation.yaml,Unit Test Isolation,testing-quality-assurance,26,unit-testing,expert,active,partial,high,1-2 hours,true,false,false,false,No,No,No,Yes,Yes,Yes,Yes,No,No
testing-quality-assurance.unit-testing.unit-test-maintainability,26-testing-quality-assurance/unit-testing/unit-test-maintainability.yaml,Unit Test Maintainability,testing-quality-assurance,26,unit-testing,expert,active,partial,medium,1-2 hours,false,false,false,false,No,No,No,Yes,Yes,Yes,Yes,No,No
testing-quality-assurance.unit-testing.unit-test-presence,26-testing-quality-assurance/unit-testing/unit-test-presence.yaml,Unit Test Presence,testing-quality-assurance,26,unit-testing,expert,active,yes,high,30-60 min,false,false,false,false,No,No,No,Yes,Yes,Yes,Yes,No,No
testing-quality-assurance.unit-testing.unit-test-speed,26-testing-quality-assurance/unit-testing/unit-test-speed.yaml,Unit Test Speed,testing-quality-assurance,26,unit-testing,expert,active,yes,medium,30-60 min,true,false,false,false,No,No,No,Yes,Yes,Yes,Yes,No,No
documentation-knowledge.api-documentation.api-examples-coverage,27-documentation-knowledge/api-documentation/api-examples-coverage.yaml,API Examples Coverage Audit,documentation-knowledge,27,api-documentation,expert,active,partial,medium,2-4 hours,false,false,false,false,Yes,Yes,Yes,Yes,Yes,Yes,Yes,Yes,Yes
documentation-knowledge.api-documentation.api-reference-completeness,27-documentation-knowledge/api-documentation/api-reference-completeness.yaml,API Reference Completeness Audit,documentation-knowledge,27,api-documentation,expert,active,partial,high,3-5 hours,false,false,false,false,Yes,Yes,Yes,Yes,Yes,Yes,Yes,Yes,Yes
documentation-knowledge.api-documentation.api-versioning-docs,27-documentation-knowledge/api-documentation/api-versioning-docs.yaml,API Versioning Documentation Audit,documentation-knowledge,27,api-documentation,expert,active,partial,medium,2-3 hours,false,false,false,false,Yes,Yes,Yes,Yes,Yes,Yes,Yes,Yes,Yes
documentation-knowledge.api-documentation.authentication-docs,27-documentation-knowledge/api-documentation/authentication-docs.yaml,Authentication Documentation Audit,documentation-knowledge,27,api-documentation,expert,active,partial,high,2-3 hours,false,false,false,false,Yes,Yes,Yes,Yes,Yes,Yes,Yes,Yes,Yes
documentation-knowledge.api-documentation.error-handling-docs,27-documentation-knowledge/api-documentation/error-handling-docs.yaml,Error Handling Documentation Audit,documentation-knowledge,27,api-documentation,expert,active,partial,medium,2-3 hours,false,false,false,false,Yes,Yes,Yes,Yes,Yes,Yes,Yes,Yes,Yes
documentation-knowledge.api-documentation.openapi-spec-quality,27-documentation-knowledge/api-documentation/openapi-spec-quality.yaml,OpenAPI Specification Quality Audit,documentation-knowledge,27,api-documentation,expert,active,yes,medium,2-4 hours,false,false,false,false,Yes,Yes,Yes,Yes,Yes,Yes,Yes,Yes,Yes
documentation-knowledge.architecture-docs.component-diagrams,27-documentation-knowledge/architecture-docs/component-diagrams.yaml,Component Diagrams Audit,documentation-knowledge,27,architecture-docs,expert,active,partial,medium,2-4 hours,false,false,false,false,Yes,Yes,Yes,Yes,Yes,Yes,Yes,Yes,Yes
documentation-knowledge.architecture-docs.data-flow-documentation,27-documentation-knowledge/architecture-docs/data-flow-documentation.yaml,Data Flow Documentation Audit,documentation-knowledge,27,architecture-docs,expert,active,partial,medium,3-5 hours,false,false,false,false,Yes,Yes,Yes,Yes,Yes,Yes,Yes,Yes,Yes
documentation-knowledge.architecture-docs.infrastructure-docs,27-documentation-knowledge/architecture-docs/infrastructure-docs.yaml,Infrastructure Documentation Audit,documentation-knowledge,27,architecture-docs,expert,active,partial,medium,3-5 hours,false,false,false,false,Yes,Yes,Yes,Yes,Yes,Yes,Yes,Yes,Yes
documentation-knowledge.architecture-docs.integration-documentation,27-documentation-knowledge/architecture-docs/integration-documentation.yaml,Integration Documentation Audit,documentation-knowledge,27,architecture-docs,expert,active,partial,medium,3-4 hours,false,false,false,false,Yes,Yes,Yes,Yes,Yes,Yes,Yes,Yes,Yes
documentation-knowledge.architecture-docs.scaling-architecture-docs,27-documentation-knowledge/architecture-docs/scaling-architecture-docs.yaml,Scaling Architecture Documentation Audit,documentation-knowledge,27,architecture-docs,expert,active,partial,medium,3-5 hours,false,false,false,false,Yes,Yes,Yes,Yes,Yes,Yes,Yes,Yes,Yes
documentation-knowledge.architecture-docs.security-architecture-docs,27-documentation-knowledge/architecture-docs/security-architecture-docs.yaml,Security Architecture Documentation Audit,documentation-knowledge,27,architecture-docs,expert,active,partial,high,4-6 hours,false,false,false,false,Yes,Yes,Yes,Yes,Yes,Yes,Yes,Yes,Yes
documentation-knowledge.architecture-docs.system-architecture-docs,27-documentation-knowledge/architecture-docs/system-architecture-docs.yaml,System Architecture Documentation Audit,documentation-knowledge,27,architecture-docs,expert,active,partial,high,4-6 hours,false,false,false,false,Yes,Yes,Yes,Yes,Yes,Yes,Yes,Yes,Yes
documentation-knowledge.decision-records.adr-completeness,27-documentation-knowledge/decision-records/adr-completeness.yaml,ADR Completeness Audit,documentation-knowledge,27,decision-records,expert,active,partial,medium,2-4 hours,false,false,false,false,Yes,Yes,Yes,Yes,Yes,Yes,Yes,Yes,Yes
documentation-knowledge.decision-records.adr-process,27-documentation-knowledge/decision-records/adr-process.yaml,ADR Process Audit,documentation-knowledge,27,decision-records,expert,active,partial,medium,2-3 hours,false,false,false,false,Yes,Yes,Yes,Yes,Yes,Yes,Yes,Yes,Yes
documentation-knowledge.decision-records.adr-traceability,27-documentation-knowledge/decision-records/adr-traceability.yaml,ADR Traceability Audit,documentation-knowledge,27,decision-records,expert,active,partial,low,2-3 hours,false,false,false,false,Yes,Yes,Yes,Yes,Yes,Yes,Yes,Yes,Yes
documentation-knowledge.decision-records.design-decision-docs,27-documentation-knowledge/decision-records/design-decision-docs.yaml,Design Decision Documentation Audit,documentation-knowledge,27,decision-records,expert,active,partial,medium,2-4 hours,false,false,false,false,Yes,Yes,Yes,Yes,Yes,Yes,Yes,Yes,Yes
documentation-knowledge.decision-records.rationale-capture,27-documentation-knowledge/decision-records/rationale-capture.yaml,Rationale Capture Audit,documentation-knowledge,27,decision-records,expert,active,partial,medium,2-3 hours,false,false,false,false,Yes,Yes,Yes,Yes,Yes,Yes,Yes,Yes,Yes
documentation-knowledge.decision-records.trade-off-documentation,27-documentation-knowledge/decision-records/trade-off-documentation.yaml,Trade-off Documentation Audit,documentation-knowledge,27,decision-records,expert,active,partial,medium,2-3 hours,false,false,false,false,Yes,Yes,Yes,Yes,Yes,Yes,Yes,Yes,Yes
documentation-knowledge.developer-guides.coding-standards-docs,27-documentation-knowledge/developer-guides/coding-standards-docs.yaml,Coding Standards Documentation Audit,documentation-knowledge,27,developer-guides,expert,active,partial,medium,2-3 hours,false,false,false,false,Yes,Yes,Yes,Yes,Yes,Yes,Yes,Yes,Yes
documentation-knowledge.developer-guides.contribution-guidelines,27-documentation-knowledge/developer-guides/contribution-guidelines.yaml,Contribution Guidelines Audit,documentation-knowledge,27,developer-guides,expert,active,partial,medium,2-3 hours,false,false,false,false,Yes,Yes,Yes,Yes,Yes,Yes,Yes,Yes,Yes
documentation-knowledge.developer-guides.debugging-guide,27-documentation-knowledge/developer-guides/debugging-guide.yaml,Debugging Guide Audit,documentation-knowledge,27,developer-guides,expert,active,partial,low,2-3 hours,false,false,false,false,Yes,Yes,Yes,Yes,Yes,Yes,Yes,Yes,Yes
documentation-knowledge.developer-guides.development-setup,27-documentation-knowledge/developer-guides/development-setup.yaml,Development Setup Documentation Audit,documentation-knowledge,27,developer-guides,expert,active,partial,medium,2-4 hours,false,false,false,false,Yes,Yes,Yes,Yes,Yes,Yes,Yes,Yes,Yes
documentation-knowledge.developer-guides.getting-started-guide,27-documentation-knowledge/developer-guides/getting-started-guide.yaml,Getting Started Guide Audit,documentation-knowledge,27,developer-guides,expert,active,partial,medium,2-3 hours,false,false,false,false,Yes,Yes,Yes,Yes,Yes,Yes,Yes,Yes,Yes
documentation-knowledge.developer-guides.testing-guide,27-documentation-knowledge/developer-guides/testing-guide.yaml,Testing Guide Audit,documentation-knowledge,27,developer-guides,expert,active,partial,medium,2-3 hours,false,false,false,false,Yes,Yes,Yes,Yes,Yes,Yes,Yes,Yes,Yes
documentation-knowledge.knowledge-management.documentation-ownership,27-documentation-knowledge/knowledge-management/documentation-ownership.yaml,Documentation Ownership Audit,documentation-knowledge,27,knowledge-management,expert,active,partial,medium,2-3 hours,false,false,false,false,Yes,Yes,Yes,Yes,Yes,Yes,Yes,Yes,Yes
documentation-knowledge.knowledge-management.knowledge-base-freshness,27-documentation-knowledge/knowledge-management/knowledge-base-freshness.yaml,Knowledge Base Freshness Audit,documentation-knowledge,27,knowledge-management,expert,active,partial,medium,2-3 hours,false,false,false,false,Yes,Yes,Yes,Yes,Yes,Yes,Yes,Yes,Yes
documentation-knowledge.knowledge-management.knowledge-sharing-practices,27-documentation-knowledge/knowledge-management/knowledge-sharing-practices.yaml,Knowledge Sharing Practices Audit,documentation-knowledge,27,knowledge-management,expert,active,manual,medium,3-4 hours,false,false,false,false,Yes,Yes,Yes,Yes,Yes,Yes,Yes,Yes,Yes
documentation-knowledge.knowledge-management.search-discoverability,27-documentation-knowledge/knowledge-management/search-discoverability.yaml,Search Discoverability Audit,documentation-knowledge,27,knowledge-management,expert,active,partial,medium,2-3 hours,false,false,false,false,Yes,Yes,Yes,Yes,Yes,Yes,Yes,Yes,Yes
documentation-knowledge.knowledge-management.tribal-knowledge-capture,27-documentation-knowledge/knowledge-management/tribal-knowledge-capture.yaml,Tribal Knowledge Capture Audit,documentation-knowledge,27,knowledge-management,expert,active,manual,high,3-5 hours,false,false,false,false,Yes,Yes,Yes,Yes,Yes,Yes,Yes,Yes,Yes
documentation-knowledge.knowledge-management.wiki-organization,27-documentation-knowledge/knowledge-management/wiki-organization.yaml,Wiki Organization Audit,documentation-knowledge,27,knowledge-management,expert,active,partial,medium,2-4 hours,false,false,false,false,Yes,Yes,Yes,Yes,Yes,Yes,Yes,Yes,Yes
documentation-knowledge.onboarding-docs.learning-paths,27-documentation-knowledge/onboarding-docs/learning-paths.yaml,Learning Paths Audit,documentation-knowledge,27,onboarding-docs,expert,active,partial,low,2-3 hours,false,false,false,false,Yes,Yes,Yes,Yes,Yes,Yes,Yes,Yes,Yes
documentation-knowledge.onboarding-docs.mentorship-resources,27-documentation-knowledge/onboarding-docs/mentorship-resources.yaml,Mentorship Resources Audit,documentation-knowledge,27,onboarding-docs,expert,active,manual,low,2-3 hours,false,false,false,false,Yes,Yes,Yes,Yes,Yes,Yes,Yes,Yes,Yes
documentation-knowledge.onboarding-docs.onboarding-completeness,27-documentation-knowledge/onboarding-docs/onboarding-completeness.yaml,Onboarding Completeness Audit,documentation-knowledge,27,onboarding-docs,expert,active,partial,medium,3-4 hours,false,false,false,false,Yes,Yes,Yes,Yes,Yes,Yes,Yes,Yes,Yes
documentation-knowledge.onboarding-docs.process-documentation,27-documentation-knowledge/onboarding-docs/process-documentation.yaml,Process Documentation Audit,documentation-knowledge,27,onboarding-docs,expert,active,partial,medium,2-3 hours,false,false,false,false,Yes,Yes,Yes,Yes,Yes,Yes,Yes,Yes,Yes
documentation-knowledge.onboarding-docs.team-specific-onboarding,27-documentation-knowledge/onboarding-docs/team-specific-onboarding.yaml,Team-Specific Onboarding Audit,documentation-knowledge,27,onboarding-docs,expert,active,partial,medium,2-3 hours,false,false,false,false,Yes,Yes,Yes,Yes,Yes,Yes,Yes,Yes,Yes
documentation-knowledge.onboarding-docs.tool-access-documentation,27-documentation-knowledge/onboarding-docs/tool-access-documentation.yaml,Tool Access Documentation Audit,documentation-knowledge,27,onboarding-docs,expert,active,partial,medium,2-3 hours,false,false,false,false,Yes,Yes,Yes,Yes,Yes,Yes,Yes,Yes,Yes
documentation-knowledge.operational-docs.deployment-guides,27-documentation-knowledge/operational-docs/deployment-guides.yaml,Deployment Guides Audit,documentation-knowledge,27,operational-docs,expert,active,partial,high,2-4 hours,false,false,false,false,Yes,Yes,Yes,Yes,Yes,Yes,Yes,Yes,Yes
documentation-knowledge.operational-docs.disaster-recovery-docs,27-documentation-knowledge/operational-docs/disaster-recovery-docs.yaml,Disaster Recovery Documentation Audit,documentation-knowledge,27,operational-docs,expert,active,partial,critical,4-6 hours,false,false,false,false,Yes,Yes,Yes,Yes,Yes,Yes,Yes,Yes,Yes
documentation-knowledge.operational-docs.incident-playbooks,27-documentation-knowledge/operational-docs/incident-playbooks.yaml,Incident Playbooks Audit,documentation-knowledge,27,operational-docs,expert,active,partial,high,2-4 hours,false,false,false,false,Yes,Yes,Yes,Yes,Yes,Yes,Yes,Yes,Yes
documentation-knowledge.operational-docs.monitoring-documentation,27-documentation-knowledge/operational-docs/monitoring-documentation.yaml,Monitoring Documentation Audit,documentation-knowledge,27,operational-docs,expert,active,partial,medium,2-4 hours,false,false,false,false,Yes,Yes,Yes,Yes,Yes,Yes,Yes,Yes,Yes
documentation-knowledge.operational-docs.operational-procedures,27-documentation-knowledge/operational-docs/operational-procedures.yaml,Operational Procedures Audit,documentation-knowledge,27,operational-docs,expert,active,partial,medium,3-5 hours,false,false,false,false,Yes,Yes,Yes,Yes,Yes,Yes,Yes,Yes,Yes
documentation-knowledge.operational-docs.runbook-documentation,27-documentation-knowledge/operational-docs/runbook-documentation.yaml,Runbook Documentation Audit,documentation-knowledge,27,operational-docs,expert,active,partial,high,2-4 hours,false,false,false,false,Yes,Yes,Yes,Yes,Yes,Yes,Yes,Yes,Yes
documentation-knowledge.operational-docs.troubleshooting-guides,27-documentation-knowledge/operational-docs/troubleshooting-guides.yaml,Troubleshooting Guides Audit,documentation-knowledge,27,operational-docs,expert,active,partial,medium,2-4 hours,false,false,false,false,Yes,Yes,Yes,Yes,Yes,Yes,Yes,Yes,Yes
documentation-knowledge.support-documentation.escalation-documentation,27-documentation-knowledge/support-documentation/escalation-documentation.yaml,Escalation Documentation Audit,documentation-knowledge,27,support-documentation,expert,active,partial,high,2-3 hours,false,false,false,false,Yes,Yes,Yes,Yes,Yes,Yes,Yes,Yes,Yes
documentation-knowledge.support-documentation.faq-completeness,27-documentation-knowledge/support-documentation/faq-completeness.yaml,FAQ Completeness Audit,documentation-knowledge,27,support-documentation,expert,active,partial,medium,2-3 hours,false,false,false,false,Yes,Yes,Yes,Yes,Yes,Yes,Yes,Yes,Yes
documentation-knowledge.support-documentation.help-center-quality,27-documentation-knowledge/support-documentation/help-center-quality.yaml,Help Center Quality Audit,documentation-knowledge,27,support-documentation,expert,active,partial,medium,3-4 hours,false,false,false,false,Yes,Yes,Yes,Yes,Yes,Yes,Yes,Yes,Yes
documentation-knowledge.support-documentation.known-issues-docs,27-documentation-knowledge/support-documentation/known-issues-docs.yaml,Known Issues Documentation Audit,documentation-knowledge,27,support-documentation,expert,active,partial,medium,2-3 hours,false,false,false,false,Yes,Yes,Yes,Yes,Yes,Yes,Yes,Yes,Yes
documentation-knowledge.support-documentation.support-playbooks,27-documentation-knowledge/support-documentation/support-playbooks.yaml,Support Playbooks Audit,documentation-knowledge,27,support-documentation,expert,active,partial,medium,2-4 hours,false,false,false,false,Yes,Yes,Yes,Yes,Yes,Yes,Yes,Yes,Yes
documentation-knowledge.support-documentation.user-documentation,27-documentation-knowledge/support-documentation/user-documentation.yaml,User Documentation Audit,documentation-knowledge,27,support-documentation,expert,active,partial,medium,3-4 hours,false,false,false,false,Yes,Yes,Yes,Yes,Yes,Yes,Yes,Yes,Yes
requirements-specification.acceptance-criteria.acceptance-criteria-definition,28-requirements-specification/acceptance-criteria/acceptance-criteria-definition.yaml,Acceptance Criteria Definition Audit,requirements-specification,28,acceptance-criteria,expert,active,partial,high,2-3 hours,false,false,false,false,Yes,Yes,Yes,Yes,No,No,No,No,No
requirements-specification.acceptance-criteria.acceptance-criteria-testability,28-requirements-specification/acceptance-criteria/acceptance-criteria-testability.yaml,Acceptance Criteria Testability Audit,requirements-specification,28,acceptance-criteria,expert,active,partial,high,2-3 hours,false,false,false,false,Yes,Yes,Yes,Yes,No,No,No,No,No
requirements-specification.acceptance-criteria.business-rules-validation,28-requirements-specification/acceptance-criteria/business-rules-validation.yaml,Business Rules Validation Audit,requirements-specification,28,acceptance-criteria,expert,active,partial,high,2-3 hours,false,false,false,false,Yes,Yes,Yes,Yes,No,No,No,No,No
requirements-specification.acceptance-criteria.definition-of-done,28-requirements-specification/acceptance-criteria/definition-of-done.yaml,Definition of Done Audit,requirements-specification,28,acceptance-criteria,expert,active,partial,medium,1-2 hours,false,false,false,false,Yes,Yes,Yes,Yes,No,No,No,No,No
requirements-specification.acceptance-criteria.edge-case-coverage,28-requirements-specification/acceptance-criteria/edge-case-coverage.yaml,Edge Case Coverage Audit,requirements-specification,28,acceptance-criteria,expert,active,partial,medium,2-3 hours,false,false,false,false,Yes,Yes,Yes,Yes,No,No,No,No,No
requirements-specification.acceptance-criteria.negative-scenarios,28-requirements-specification/acceptance-criteria/negative-scenarios.yaml,Negative Scenarios Audit,requirements-specification,28,acceptance-criteria,expert,active,partial,medium,2-3 hours,false,false,false,false,Yes,Yes,Yes,Yes,No,No,No,No,No
requirements-specification.change-control.baseline-management,28-requirements-specification/change-control/baseline-management.yaml,Baseline Management Audit,requirements-specification,28,change-control,expert,active,partial,high,2-3 hours,false,false,false,false,Yes,Yes,Yes,Yes,No,No,No,No,No
requirements-specification.change-control.change-approval-workflow,28-requirements-specification/change-control/change-approval-workflow.yaml,Change Approval Workflow Audit,requirements-specification,28,change-control,expert,active,partial,high,2-3 hours,false,false,false,false,Yes,Yes,Yes,Yes,No,No,No,No,No
requirements-specification.change-control.change-communication,28-requirements-specification/change-control/change-communication.yaml,Change Communication Audit,requirements-specification,28,change-control,focused,active,partial,medium,1-2 hours,false,false,false,false,Yes,Yes,Yes,Yes,No,No,No,No,No
requirements-specification.change-control.change-request-process,28-requirements-specification/change-control/change-request-process.yaml,Change Request Process Audit,requirements-specification,28,change-control,expert,active,partial,high,2-3 hours,false,false,false,false,Yes,Yes,Yes,Yes,No,No,No,No,No
requirements-specification.change-control.impact-assessment,28-requirements-specification/change-control/impact-assessment.yaml,Impact Assessment Audit,requirements-specification,28,change-control,expert,active,partial,high,2-3 hours,false,false,false,false,Yes,Yes,Yes,Yes,No,No,No,No,No
requirements-specification.change-control.requirements-freeze,28-requirements-specification/change-control/requirements-freeze.yaml,Requirements Freeze Audit,requirements-specification,28,change-control,focused,active,partial,medium,1-2 hours,false,false,false,false,Yes,Yes,Yes,Yes,No,No,No,No,No
requirements-specification.change-control.scope-creep-control,28-requirements-specification/change-control/scope-creep-control.yaml,Scope Creep Control Audit,requirements-specification,28,change-control,expert,active,partial,high,2-3 hours,false,false,false,false,Yes,Yes,Yes,Yes,No,No,No,No,No
requirements-specification.requirements-documentation.functional-requirements,28-requirements-specification/requirements-documentation/functional-requirements.yaml,Functional Requirements Audit,requirements-specification,28,requirements-documentation,expert,active,partial,high,3-4 hours,false,false,false,false,Yes,Yes,Yes,Yes,No,No,No,No,No
requirements-specification.requirements-documentation.non-functional-requirements,28-requirements-specification/requirements-documentation/non-functional-requirements.yaml,Non-Functional Requirements Audit,requirements-specification,28,requirements-documentation,expert,active,partial,high,3-4 hours,false,false,false,false,Yes,Yes,Yes,Yes,No,No,No,No,No
requirements-specification.requirements-documentation.requirements-clarity,28-requirements-specification/requirements-documentation/requirements-clarity.yaml,Requirements Clarity Audit,requirements-specification,28,requirements-documentation,expert,active,partial,high,2-3 hours,false,false,false,false,Yes,Yes,Yes,Yes,No,No,No,No,No
requirements-specification.requirements-documentation.requirements-completeness,28-requirements-specification/requirements-documentation/requirements-completeness.yaml,Requirements Completeness Audit,requirements-specification,28,requirements-documentation,phd,active,partial,critical,3-5 hours,false,false,false,false,Yes,Yes,Yes,Yes,No,No,No,No,No
requirements-specification.requirements-documentation.requirements-consistency,28-requirements-specification/requirements-documentation/requirements-consistency.yaml,Requirements Consistency Audit,requirements-specification,28,requirements-documentation,expert,active,partial,high,2-4 hours,false,false,false,false,Yes,Yes,Yes,Yes,No,No,No,No,No
requirements-specification.requirements-documentation.requirements-format,28-requirements-specification/requirements-documentation/requirements-format.yaml,Requirements Format Audit,requirements-specification,28,requirements-documentation,expert,active,partial,medium,2-3 hours,false,false,false,false,Yes,Yes,Yes,Yes,No,No,No,No,No
requirements-specification.requirements-elicitation.domain-analysis,28-requirements-specification/requirements-elicitation/domain-analysis.yaml,Domain Analysis Audit,requirements-specification,28,requirements-elicitation,phd,active,partial,high,3-5 hours,false,false,false,false,Yes,Yes,Yes,Yes,No,No,No,No,No
requirements-specification.requirements-elicitation.elicitation-techniques,28-requirements-specification/requirements-elicitation/elicitation-techniques.yaml,Elicitation Techniques Audit,requirements-specification,28,requirements-elicitation,expert,active,partial,high,2-4 hours,false,false,false,false,Yes,Yes,Yes,Yes,No,No,No,No,No
requirements-specification.requirements-elicitation.requirements-prioritization,28-requirements-specification/requirements-elicitation/requirements-prioritization.yaml,Requirements Prioritization Audit,requirements-specification,28,requirements-elicitation,expert,active,partial,high,2-3 hours,false,false,false,false,Yes,Yes,Yes,Yes,No,No,No,No,No
requirements-specification.requirements-elicitation.requirements-workshops,28-requirements-specification/requirements-elicitation/requirements-workshops.yaml,Requirements Workshops Audit,requirements-specification,28,requirements-elicitation,expert,active,partial,medium,2-3 hours,false,false,false,false,Yes,Yes,Yes,Yes,No,No,No,No,No
requirements-specification.requirements-elicitation.stakeholder-identification,28-requirements-specification/requirements-elicitation/stakeholder-identification.yaml,Stakeholder Identification Audit,requirements-specification,28,requirements-elicitation,expert,active,partial,high,2-3 hours,false,false,false,false,Yes,Yes,Yes,Yes,No,No,No,No,No
requirements-specification.requirements-elicitation.user-story-mapping,28-requirements-specification/requirements-elicitation/user-story-mapping.yaml,User Story Mapping Audit,requirements-specification,28,requirements-elicitation,expert,active,partial,medium,2-3 hours,false,false,false,false,Yes,Yes,Yes,Yes,No,No,No,No,No
requirements-specification.requirements-traceability.audit-trail-requirements,28-requirements-specification/requirements-traceability/audit-trail-requirements.yaml,Audit Trail Requirements Audit,requirements-specification,28,requirements-traceability,expert,active,partial,medium,2-3 hours,false,false,false,false,Yes,Yes,Yes,Yes,No,No,No,No,No
requirements-specification.requirements-traceability.bi-directional-tracing,28-requirements-specification/requirements-traceability/bi-directional-tracing.yaml,Bi-Directional Tracing Audit,requirements-specification,28,requirements-traceability,expert,active,partial,high,2-3 hours,false,false,false,false,Yes,Yes,Yes,Yes,No,No,No,No,No
requirements-specification.requirements-traceability.change-impact-analysis,28-requirements-specification/requirements-traceability/change-impact-analysis.yaml,Change Impact Analysis Audit,requirements-specification,28,requirements-traceability,expert,active,partial,high,2-3 hours,false,false,false,false,Yes,Yes,Yes,Yes,No,No,No,No,No
requirements-specification.requirements-traceability.implementation-coverage,28-requirements-specification/requirements-traceability/implementation-coverage.yaml,Implementation Coverage Audit,requirements-specification,28,requirements-traceability,expert,active,partial,high,2-4 hours,false,false,false,false,Yes,Yes,Yes,Yes,No,No,No,No,No
requirements-specification.requirements-traceability.requirements-versioning,28-requirements-specification/requirements-traceability/requirements-versioning.yaml,Requirements Versioning Audit,requirements-specification,28,requirements-traceability,expert,active,partial,medium,2-3 hours,false,false,false,false,Yes,Yes,Yes,Yes,No,No,No,No,No
requirements-specification.requirements-traceability.test-coverage-tracing,28-requirements-specification/requirements-traceability/test-coverage-tracing.yaml,Test Coverage Tracing Audit,requirements-specification,28,requirements-traceability,expert,active,partial,high,2-3 hours,false,false,false,false,Yes,Yes,Yes,Yes,No,No,No,No,No
requirements-specification.requirements-traceability.traceability-matrix,28-requirements-specification/requirements-traceability/traceability-matrix.yaml,Traceability Matrix Audit,requirements-specification,28,requirements-traceability,expert,active,partial,high,2-4 hours,false,false,false,false,Yes,Yes,Yes,Yes,No,No,No,No,No
requirements-specification.requirements-validation.feasibility-analysis,28-requirements-specification/requirements-validation/feasibility-analysis.yaml,Feasibility Analysis Audit,requirements-specification,28,requirements-validation,expert,active,partial,high,2-3 hours,false,false,false,false,Yes,Yes,Yes,Yes,No,No,No,No,No
requirements-specification.requirements-validation.prototype-validation,28-requirements-specification/requirements-validation/prototype-validation.yaml,Prototype Validation Audit,requirements-specification,28,requirements-validation,expert,active,partial,medium,2-3 hours,false,false,false,false,Yes,Yes,Yes,Yes,No,No,No,No,No
requirements-specification.requirements-validation.requirements-conflicts,28-requirements-specification/requirements-validation/requirements-conflicts.yaml,Requirements Conflicts Audit,requirements-specification,28,requirements-validation,expert,active,partial,high,2-3 hours,false,false,false,false,Yes,Yes,Yes,Yes,No,No,No,No,No
requirements-specification.requirements-validation.requirements-review-process,28-requirements-specification/requirements-validation/requirements-review-process.yaml,Requirements Review Process Audit,requirements-specification,28,requirements-validation,expert,active,partial,high,2-3 hours,false,false,false,false,Yes,Yes,Yes,Yes,No,No,No,No,No
requirements-specification.requirements-validation.requirements-sign-off,28-requirements-specification/requirements-validation/requirements-sign-off.yaml,Requirements Sign-Off Audit,requirements-specification,28,requirements-validation,expert,active,partial,high,1-2 hours,false,false,false,false,Yes,Yes,Yes,Yes,No,No,No,No,No
requirements-specification.requirements-validation.user-acceptance-testing,28-requirements-specification/requirements-validation/user-acceptance-testing.yaml,User Acceptance Testing Audit,requirements-specification,28,requirements-validation,expert,active,partial,high,2-3 hours,false,false,false,false,Yes,Yes,Yes,Yes,No,No,No,No,No
requirements-specification.specification-quality.api-specification,28-requirements-specification/specification-quality/api-specification.yaml,API Specification Audit,requirements-specification,28,specification-quality,expert,active,partial,high,2-4 hours,false,false,false,false,Yes,Yes,Yes,Yes,No,No,No,No,No
requirements-specification.specification-quality.behavior-specification,28-requirements-specification/specification-quality/behavior-specification.yaml,Behavior Specification Audit,requirements-specification,28,specification-quality,expert,active,partial,medium,2-3 hours,false,false,false,false,Yes,Yes,Yes,Yes,No,No,No,No,No
requirements-specification.specification-quality.data-specification,28-requirements-specification/specification-quality/data-specification.yaml,Data Specification Audit,requirements-specification,28,specification-quality,expert,active,partial,high,2-3 hours,false,false,false,false,Yes,Yes,Yes,Yes,No,No,No,No,No
requirements-specification.specification-quality.interface-specification,28-requirements-specification/specification-quality/interface-specification.yaml,Interface Specification Audit,requirements-specification,28,specification-quality,expert,active,partial,high,2-3 hours,false,false,false,false,Yes,Yes,Yes,Yes,No,No,No,No,No
requirements-specification.specification-quality.specification-standards,28-requirements-specification/specification-quality/specification-standards.yaml,Specification Standards Audit,requirements-specification,28,specification-quality,expert,active,partial,medium,2-3 hours,false,false,false,false,Yes,Yes,Yes,Yes,No,No,No,No,No
requirements-specification.specification-quality.technical-specification,28-requirements-specification/specification-quality/technical-specification.yaml,Technical Specification Audit,requirements-specification,28,specification-quality,expert,active,partial,high,3-4 hours,false,false,false,false,Yes,Yes,Yes,Yes,No,No,No,No,No
requirements-specification.stakeholder-management.communication-plan,28-requirements-specification/stakeholder-management/communication-plan.yaml,Communication Plan Audit,requirements-specification,28,stakeholder-management,expert,active,partial,medium,1-2 hours,false,false,false,false,Yes,Yes,Yes,Yes,No,No,No,No,No
requirements-specification.stakeholder-management.expectations-management,28-requirements-specification/stakeholder-management/expectations-management.yaml,Expectations Management Audit,requirements-specification,28,stakeholder-management,focused,active,partial,high,2-3 hours,false,false,false,false,Yes,Yes,Yes,Yes,No,No,No,No,No
requirements-specification.stakeholder-management.feedback-incorporation,28-requirements-specification/stakeholder-management/feedback-incorporation.yaml,Feedback Incorporation Audit,requirements-specification,28,stakeholder-management,focused,active,partial,medium,2-3 hours,false,false,false,false,Yes,Yes,Yes,Yes,No,No,No,No,No
requirements-specification.stakeholder-management.stakeholder-analysis,28-requirements-specification/stakeholder-management/stakeholder-analysis.yaml,Stakeholder Analysis Audit,requirements-specification,28,stakeholder-management,expert,active,partial,high,2-3 hours,false,false,false,false,Yes,Yes,Yes,Yes,No,No,No,No,No
requirements-specification.stakeholder-management.stakeholder-engagement,28-requirements-specification/stakeholder-management/stakeholder-engagement.yaml,Stakeholder Engagement Audit,requirements-specification,28,stakeholder-management,expert,active,partial,high,2-3 hours,false,false,false,false,Yes,Yes,Yes,Yes,No,No,No,No,No
requirements-specification.stakeholder-management.stakeholder-sign-off,28-requirements-specification/stakeholder-management/stakeholder-sign-off.yaml,Stakeholder Sign-Off Audit,requirements-specification,28,stakeholder-management,expert,active,partial,high,1-2 hours,false,false,false,false,Yes,Yes,Yes,Yes,No,No,No,No,No
risk-management.business-continuity.bcp-documentation,29-risk-management/business-continuity/bcp-documentation.yaml,BCP Documentation Audit,risk-management,29,business-continuity,expert,active,partial,high,4-5 hours,false,false,false,false,Yes,Yes,Yes,Yes,No,No,No,Yes,Yes
risk-management.business-continuity.continuity-testing,29-risk-management/business-continuity/continuity-testing.yaml,Continuity Testing Audit,risk-management,29,business-continuity,phd,active,partial,high,3-4 hours,false,false,false,false,Yes,Yes,Yes,Yes,No,No,No,Yes,Yes
risk-management.business-continuity.crisis-communication,29-risk-management/business-continuity/crisis-communication.yaml,Crisis Communication Audit,risk-management,29,business-continuity,phd,active,partial,high,3-4 hours,false,false,false,false,Yes,Yes,Yes,Yes,No,No,No,Yes,Yes
risk-management.business-continuity.disaster-recovery-planning,29-risk-management/business-continuity/disaster-recovery-planning.yaml,Disaster Recovery Planning Audit,risk-management,29,business-continuity,phd,active,partial,critical,4-6 hours,false,false,false,false,Yes,Yes,Yes,Yes,No,No,No,Yes,Yes
risk-management.business-continuity.failover-capability,29-risk-management/business-continuity/failover-capability.yaml,Failover Capability Audit,risk-management,29,business-continuity,phd,active,partial,critical,4-6 hours,true,false,false,false,Yes,Yes,Yes,Yes,No,No,No,Yes,Yes
risk-management.business-continuity.recovery-procedures,29-risk-management/business-continuity/recovery-procedures.yaml,Recovery Procedures Audit,risk-management,29,business-continuity,phd,active,partial,critical,4-5 hours,false,false,false,false,Yes,Yes,Yes,Yes,No,No,No,Yes,Yes
risk-management.business-continuity.rpo-rto-analysis,29-risk-management/business-continuity/rpo-rto-analysis.yaml,RPO/RTO Analysis Audit,risk-management,29,business-continuity,phd,active,partial,high,3-4 hours,false,false,false,false,Yes,Yes,Yes,Yes,No,No,No,Yes,Yes
risk-management.compliance-risk.audit-findings-risk,29-risk-management/compliance-risk/audit-findings-risk.yaml,Audit Findings Risk Audit,risk-management,29,compliance-risk,phd,active,partial,high,3-4 hours,false,false,false,false,Yes,Yes,Yes,Yes,No,No,No,Yes,Yes
risk-management.compliance-risk.certification-risk,29-risk-management/compliance-risk/certification-risk.yaml,Certification Risk Audit,risk-management,29,compliance-risk,phd,active,partial,high,3-4 hours,false,false,false,false,Yes,Yes,Yes,Yes,No,No,No,Yes,Yes
risk-management.compliance-risk.contractual-risk,29-risk-management/compliance-risk/contractual-risk.yaml,Contractual Risk Audit,risk-management,29,compliance-risk,phd,active,partial,high,3-4 hours,false,false,false,false,Yes,Yes,Yes,Yes,No,No,No,Yes,Yes
risk-management.compliance-risk.legal-liability-risk,29-risk-management/compliance-risk/legal-liability-risk.yaml,Legal Liability Risk Audit,risk-management,29,compliance-risk,phd,active,partial,high,3-4 hours,false,false,false,false,Yes,Yes,Yes,Yes,No,No,No,Yes,Yes
risk-management.compliance-risk.policy-compliance-risk,29-risk-management/compliance-risk/policy-compliance-risk.yaml,Policy Compliance Risk Audit,risk-management,29,compliance-risk,phd,active,partial,high,3-4 hours,false,false,false,false,Yes,Yes,Yes,Yes,No,No,No,Yes,Yes
risk-management.compliance-risk.regulatory-compliance-risk,29-risk-management/compliance-risk/regulatory-compliance-risk.yaml,Regulatory Compliance Risk Audit,risk-management,29,compliance-risk,expert,active,partial,critical,4-6 hours,false,false,false,false,Yes,Yes,Yes,Yes,No,No,No,Yes,Yes
risk-management.risk-assessment.qualitative-risk-analysis,29-risk-management/risk-assessment/qualitative-risk-analysis.yaml,Qualitative Risk Analysis Audit,risk-management,29,risk-assessment,phd,active,partial,medium,3-4 hours,false,false,false,true,Yes,Yes,Yes,Yes,No,No,No,Yes,Yes
risk-management.risk-assessment.quantitative-risk-analysis,29-risk-management/risk-assessment/quantitative-risk-analysis.yaml,Quantitative Risk Analysis Audit,risk-management,29,risk-assessment,phd,active,partial,medium,4-6 hours,false,false,false,true,Yes,Yes,Yes,Yes,No,No,No,Yes,Yes
risk-management.risk-assessment.risk-impact-analysis,29-risk-management/risk-assessment/risk-impact-analysis.yaml,Risk Impact Analysis Audit,risk-management,29,risk-assessment,phd,active,partial,high,3-5 hours,false,false,false,true,Yes,Yes,Yes,Yes,No,No,No,Yes,Yes
risk-management.risk-assessment.risk-likelihood-assessment,29-risk-management/risk-assessment/risk-likelihood-assessment.yaml,Risk Likelihood Assessment Audit,risk-management,29,risk-assessment,phd,active,partial,high,3-4 hours,false,false,false,true,Yes,Yes,Yes,Yes,No,No,No,Yes,Yes
risk-management.risk-assessment.risk-prioritization,29-risk-management/risk-assessment/risk-prioritization.yaml,Risk Prioritization Audit,risk-management,29,risk-assessment,phd,active,partial,high,3-4 hours,false,false,false,true,Yes,Yes,Yes,Yes,No,No,No,Yes,Yes
risk-management.risk-assessment.risk-scoring-methodology,29-risk-management/risk-assessment/risk-scoring-methodology.yaml,Risk Scoring Methodology Audit,risk-management,29,risk-assessment,phd,active,partial,high,3-4 hours,false,false,false,true,Yes,Yes,Yes,Yes,No,No,No,Yes,Yes
risk-management.risk-assessment.risk-tolerance-alignment,29-risk-management/risk-assessment/risk-tolerance-alignment.yaml,Risk Tolerance Alignment Audit,risk-management,29,risk-assessment,phd,active,partial,high,3-4 hours,false,false,false,true,Yes,Yes,Yes,Yes,No,No,No,Yes,Yes
risk-management.risk-identification.dependency-risks,29-risk-management/risk-identification/dependency-risks.yaml,Dependency Risks Audit,risk-management,29,risk-identification,phd,active,partial,high,4-6 hours,false,false,false,false,Yes,Yes,Yes,Yes,No,No,No,Yes,Yes
risk-management.risk-identification.emerging-risks,29-risk-management/risk-identification/emerging-risks.yaml,Emerging Risks Audit,risk-management,29,risk-identification,phd,active,partial,high,4-5 hours,false,false,false,true,Yes,Yes,Yes,Yes,No,No,No,Yes,Yes
risk-management.risk-identification.historical-risk-analysis,29-risk-management/risk-identification/historical-risk-analysis.yaml,Historical Risk Analysis Audit,risk-management,29,risk-identification,phd,active,partial,medium,3-4 hours,false,false,false,false,Yes,Yes,Yes,Yes,No,No,No,Yes,Yes
risk-management.risk-identification.risk-categorization,29-risk-management/risk-identification/risk-categorization.yaml,Risk Categorization Audit,risk-management,29,risk-identification,phd,active,partial,high,3-4 hours,false,false,false,false,Yes,Yes,Yes,Yes,No,No,No,Yes,Yes
risk-management.risk-identification.risk-identification-process,29-risk-management/risk-identification/risk-identification-process.yaml,Risk Identification Process Audit,risk-management,29,risk-identification,phd,active,partial,high,4-6 hours,false,false,false,false,Yes,Yes,Yes,Yes,No,No,No,Yes,Yes
risk-management.risk-identification.risk-register-maintenance,29-risk-management/risk-identification/risk-register-maintenance.yaml,Risk Register Maintenance Audit,risk-management,29,risk-identification,phd,active,partial,high,3-5 hours,false,false,false,false,Yes,Yes,Yes,Yes,No,No,No,Yes,Yes
risk-management.risk-mitigation.mitigation-effectiveness,29-risk-management/risk-mitigation/mitigation-effectiveness.yaml,Mitigation Effectiveness Audit,risk-management,29,risk-mitigation,phd,active,partial,high,4-5 hours,false,false,false,false,Yes,Yes,Yes,Yes,No,No,No,Yes,Yes
risk-management.risk-mitigation.mitigation-strategy-selection,29-risk-management/risk-mitigation/mitigation-strategy-selection.yaml,Mitigation Strategy Selection Audit,risk-management,29,risk-mitigation,phd,active,partial,high,3-4 hours,false,false,false,false,Yes,Yes,Yes,Yes,No,No,No,Yes,Yes
risk-management.risk-mitigation.residual-risk-assessment,29-risk-management/risk-mitigation/residual-risk-assessment.yaml,Residual Risk Assessment Audit,risk-management,29,risk-mitigation,phd,active,partial,high,3-4 hours,false,false,false,false,Yes,Yes,Yes,Yes,No,No,No,Yes,Yes
risk-management.risk-mitigation.risk-acceptance-criteria,29-risk-management/risk-mitigation/risk-acceptance-criteria.yaml,Risk Acceptance Criteria Audit,risk-management,29,risk-mitigation,phd,active,partial,high,3-4 hours,false,false,false,false,Yes,Yes,Yes,Yes,No,No,No,Yes,Yes
risk-management.risk-mitigation.risk-response-planning,29-risk-management/risk-mitigation/risk-response-planning.yaml,Risk Response Planning Audit,risk-management,29,risk-mitigation,phd,active,partial,high,3-4 hours,false,false,false,false,Yes,Yes,Yes,Yes,No,No,No,Yes,Yes
risk-management.risk-mitigation.risk-transfer-strategies,29-risk-management/risk-mitigation/risk-transfer-strategies.yaml,Risk Transfer Strategies Audit,risk-management,29,risk-mitigation,phd,active,partial,medium,3-4 hours,false,false,false,false,Yes,Yes,Yes,Yes,No,No,No,Yes,Yes
risk-management.risk-monitoring.key-risk-indicators,29-risk-management/risk-monitoring/key-risk-indicators.yaml,Key Risk Indicators Audit,risk-management,29,risk-monitoring,expert,active,partial,high,3-4 hours,false,false,false,false,Yes,Yes,Yes,Yes,No,No,No,Yes,Yes
risk-management.risk-monitoring.risk-escalation,29-risk-management/risk-monitoring/risk-escalation.yaml,Risk Escalation Audit,risk-management,29,risk-monitoring,phd,active,partial,high,2-3 hours,false,false,false,false,Yes,Yes,Yes,Yes,No,No,No,Yes,Yes
risk-management.risk-monitoring.risk-monitoring-process,29-risk-management/risk-monitoring/risk-monitoring-process.yaml,Risk Monitoring Process Audit,risk-management,29,risk-monitoring,phd,active,partial,high,3-4 hours,false,false,false,false,Yes,Yes,Yes,Yes,No,No,No,Yes,Yes
risk-management.risk-monitoring.risk-reporting,29-risk-management/risk-monitoring/risk-reporting.yaml,Risk Reporting Audit,risk-management,29,risk-monitoring,expert,active,partial,high,3-4 hours,false,false,false,false,Yes,Yes,Yes,Yes,No,No,No,Yes,Yes
risk-management.risk-monitoring.risk-review-cadence,29-risk-management/risk-monitoring/risk-review-cadence.yaml,Risk Review Cadence Audit,risk-management,29,risk-monitoring,phd,active,partial,medium,2-3 hours,false,false,false,false,Yes,Yes,Yes,Yes,No,No,No,Yes,Yes
risk-management.risk-monitoring.trigger-conditions,29-risk-management/risk-monitoring/trigger-conditions.yaml,Trigger Conditions Audit,risk-management,29,risk-monitoring,phd,active,partial,medium,2-3 hours,false,false,false,false,Yes,Yes,Yes,Yes,No,No,No,Yes,Yes
risk-management.technical-risk.integration-risk,29-risk-management/technical-risk/integration-risk.yaml,Integration Risk Audit,risk-management,29,technical-risk,phd,active,partial,high,4-5 hours,false,false,false,false,Yes,Yes,Yes,Yes,No,No,No,Yes,Yes
risk-management.technical-risk.performance-risk,29-risk-management/technical-risk/performance-risk.yaml,Performance Risk Audit,risk-management,29,technical-risk,phd,active,partial,high,3-4 hours,true,false,false,false,Yes,Yes,Yes,Yes,No,No,No,Yes,Yes
risk-management.technical-risk.scalability-risk,29-risk-management/technical-risk/scalability-risk.yaml,Scalability Risk Audit,risk-management,29,technical-risk,phd,active,partial,high,3-4 hours,false,false,false,false,Yes,Yes,Yes,Yes,No,No,No,Yes,Yes
risk-management.technical-risk.security-vulnerability-risk,29-risk-management/technical-risk/security-vulnerability-risk.yaml,Security Vulnerability Risk Audit,risk-management,29,technical-risk,phd,active,partial,critical,4-5 hours,false,false,false,false,Yes,Yes,Yes,Yes,No,No,No,Yes,Yes
risk-management.technical-risk.technical-debt-risk,29-risk-management/technical-risk/technical-debt-risk.yaml,Technical Debt Risk Audit,risk-management,29,technical-risk,phd,active,partial,high,4-5 hours,false,false,false,false,Yes,Yes,Yes,Yes,No,No,No,Yes,Yes
risk-management.technical-risk.technology-obsolescence,29-risk-management/technical-risk/technology-obsolescence.yaml,Technology Obsolescence Audit,risk-management,29,technical-risk,phd,active,partial,high,4-5 hours,false,false,false,false,Yes,Yes,Yes,Yes,No,No,No,Yes,Yes
risk-management.threat-modeling.attack-surface-analysis,29-risk-management/threat-modeling/attack-surface-analysis.yaml,Attack Surface Analysis Audit,risk-management,29,threat-modeling,phd,active,partial,high,3-4 hours,false,false,false,false,Yes,Yes,Yes,Yes,No,No,No,Yes,Yes
risk-management.threat-modeling.countermeasure-mapping,29-risk-management/threat-modeling/countermeasure-mapping.yaml,Countermeasure Mapping Audit,risk-management,29,threat-modeling,phd,active,partial,high,3-4 hours,false,false,false,false,Yes,Yes,Yes,Yes,No,No,No,Yes,Yes
risk-management.threat-modeling.threat-identification,29-risk-management/threat-modeling/threat-identification.yaml,Threat Identification Audit,risk-management,29,threat-modeling,phd,active,partial,high,3-4 hours,false,false,false,false,Yes,Yes,Yes,Yes,No,No,No,Yes,Yes
risk-management.threat-modeling.threat-model-methodology,29-risk-management/threat-modeling/threat-model-methodology.yaml,Threat Model Methodology Audit,risk-management,29,threat-modeling,phd,active,partial,high,4-5 hours,false,false,false,false,Yes,Yes,Yes,Yes,No,No,No,Yes,Yes
risk-management.threat-modeling.threat-model-updates,29-risk-management/threat-modeling/threat-model-updates.yaml,Threat Model Updates Audit,risk-management,29,threat-modeling,phd,active,partial,medium,2-3 hours,false,false,false,false,Yes,Yes,Yes,Yes,No,No,No,Yes,Yes
risk-management.threat-modeling.threat-prioritization,29-risk-management/threat-modeling/threat-prioritization.yaml,Threat Prioritization Audit,risk-management,29,threat-modeling,phd,active,partial,high,2-3 hours,false,false,false,false,Yes,Yes,Yes,Yes,No,No,No,Yes,Yes
configuration-management.configuration-control.access-control,30-configuration-management/configuration-control/access-control.yaml,Configuration Access Control Audit,configuration-management,30,configuration-control,phd,active,partial,critical,2-3 hours,false,false,false,false,No,No,No,Yes,Yes,No,Yes,Yes,Yes
configuration-management.configuration-control.approval-workflow,30-configuration-management/configuration-control/approval-workflow.yaml,Configuration Approval Workflow Audit,configuration-management,30,configuration-control,phd,active,partial,high,2-3 hours,false,false,false,false,No,No,No,Yes,Yes,No,Yes,Yes,Yes
configuration-management.configuration-control.change-control,30-configuration-management/configuration-control/change-control.yaml,Configuration Change Control Audit,configuration-management,30,configuration-control,phd,active,partial,critical,3-4 hours,false,false,false,false,No,No,No,Yes,Yes,No,Yes,Yes,Yes
configuration-management.configuration-control.config-review,30-configuration-management/configuration-control/config-review.yaml,Configuration Review Process Audit,configuration-management,30,configuration-control,phd,active,partial,high,2-3 hours,false,false,false,false,No,No,No,Yes,Yes,No,Yes,Yes,Yes
configuration-management.configuration-control.rollback-procedures,30-configuration-management/configuration-control/rollback-procedures.yaml,Configuration Rollback Procedures Audit,configuration-management,30,configuration-control,phd,active,partial,high,2-3 hours,false,false,false,false,No,No,No,Yes,Yes,No,Yes,Yes,Yes
configuration-management.configuration-control.version-control,30-configuration-management/configuration-control/version-control.yaml,Configuration Version Control Audit,configuration-management,30,configuration-control,phd,active,full,high,2-3 hours,false,false,false,false,No,No,No,Yes,Yes,No,Yes,Yes,Yes
configuration-management.configuration-identification.config-baseline,30-configuration-management/configuration-identification/config-baseline.yaml,Configuration Baseline Audit,configuration-management,30,configuration-identification,phd,active,partial,high,3-4 hours,false,false,false,false,No,No,No,Yes,Yes,No,Yes,Yes,Yes
configuration-management.configuration-identification.config-classification,30-configuration-management/configuration-identification/config-classification.yaml,Configuration Classification Audit,configuration-management,30,configuration-identification,phd,active,partial,high,2-3 hours,false,false,false,false,No,No,No,Yes,Yes,No,Yes,Yes,Yes
configuration-management.configuration-identification.config-dependencies,30-configuration-management/configuration-identification/config-dependencies.yaml,Configuration Dependencies Audit,configuration-management,30,configuration-identification,phd,active,partial,high,3-4 hours,false,false,false,false,No,No,No,Yes,Yes,No,Yes,Yes,Yes
configuration-management.configuration-identification.config-discovery,30-configuration-management/configuration-identification/config-discovery.yaml,Configuration Discovery Audit,configuration-management,30,configuration-identification,phd,active,partial,high,3-4 hours,false,false,false,false,No,No,No,Yes,Yes,No,Yes,Yes,Yes
configuration-management.configuration-identification.config-documentation,30-configuration-management/configuration-identification/config-documentation.yaml,Configuration Documentation Audit,configuration-management,30,configuration-identification,phd,active,partial,medium,2-3 hours,false,false,false,false,No,No,No,Yes,Yes,No,Yes,Yes,Yes
configuration-management.configuration-identification.config-naming-conventions,30-configuration-management/configuration-identification/config-naming-conventions.yaml,Configuration Naming Conventions Audit,configuration-management,30,configuration-identification,phd,active,full,medium,2-3 hours,false,false,false,false,No,No,No,Yes,Yes,No,Yes,Yes,Yes
configuration-management.configuration-identification.config-ownership,30-configuration-management/configuration-identification/config-ownership.yaml,Configuration Ownership Audit,configuration-management,30,configuration-identification,phd,active,partial,medium,2-3 hours,false,false,false,false,No,No,No,Yes,Yes,No,Yes,Yes,Yes
configuration-management.configuration-status.audit-trail,30-configuration-management/configuration-status/audit-trail.yaml,Configuration Audit Trail Audit,configuration-management,30,configuration-status,phd,active,partial,high,2-3 hours,false,false,false,false,No,No,No,Yes,Yes,No,Yes,Yes,Yes
configuration-management.configuration-status.change-tracking,30-configuration-management/configuration-status/change-tracking.yaml,Configuration Change Tracking Audit,configuration-management,30,configuration-status,phd,active,partial,high,2-3 hours,false,false,false,false,No,No,No,Yes,Yes,No,Yes,Yes,Yes
configuration-management.configuration-status.cmdb-integration,30-configuration-management/configuration-status/cmdb-integration.yaml,CMDB Integration Audit,configuration-management,30,configuration-status,expert,active,partial,medium,3-4 hours,false,false,false,false,No,No,No,Yes,Yes,No,Yes,Yes,Yes
configuration-management.configuration-status.config-metrics,30-configuration-management/configuration-status/config-metrics.yaml,Configuration Metrics Audit,configuration-management,30,configuration-status,expert,active,partial,medium,2-3 hours,false,false,false,false,No,No,No,Yes,Yes,No,Yes,Yes,Yes
configuration-management.configuration-status.config-reporting,30-configuration-management/configuration-status/config-reporting.yaml,Configuration Reporting Audit,configuration-management,30,configuration-status,phd,active,partial,medium,2-3 hours,false,false,false,false,No,No,No,Yes,Yes,No,Yes,Yes,Yes
configuration-management.configuration-status.status-accounting,30-configuration-management/configuration-status/status-accounting.yaml,Configuration Status Accounting Audit,configuration-management,30,configuration-status,expert,active,partial,medium,2-3 hours,false,false,false,false,No,No,No,Yes,Yes,No,Yes,Yes,Yes
configuration-management.configuration-verification.compliance-checking,30-configuration-management/configuration-verification/compliance-checking.yaml,Configuration Compliance Checking Audit,configuration-management,30,configuration-verification,expert,active,partial,critical,3-4 hours,true,false,false,false,No,No,No,Yes,Yes,No,Yes,Yes,Yes
configuration-management.configuration-verification.config-audit,30-configuration-management/configuration-verification/config-audit.yaml,Configuration Audit,configuration-management,30,configuration-verification,expert,active,partial,high,4-6 hours,true,false,false,false,No,No,No,Yes,Yes,No,Yes,Yes,Yes
configuration-management.configuration-verification.config-validation,30-configuration-management/configuration-verification/config-validation.yaml,Configuration Validation Audit,configuration-management,30,configuration-verification,phd,active,full,high,2-3 hours,false,false,false,false,No,No,No,Yes,Yes,No,Yes,Yes,Yes
configuration-management.configuration-verification.drift-detection,30-configuration-management/configuration-verification/drift-detection.yaml,Configuration Drift Detection Audit,configuration-management,30,configuration-verification,phd,active,full,high,3-4 hours,true,false,false,false,No,No,No,Yes,Yes,No,Yes,Yes,Yes
configuration-management.configuration-verification.integrity-verification,30-configuration-management/configuration-verification/integrity-verification.yaml,Configuration Integrity Verification Audit,configuration-management,30,configuration-verification,expert,active,full,high,2-3 hours,true,false,false,false,No,No,No,Yes,Yes,No,Yes,Yes,Yes
configuration-management.configuration-verification.testing-verification,30-configuration-management/configuration-verification/testing-verification.yaml,Configuration Testing and Verification Audit,configuration-management,30,configuration-verification,expert,active,partial,high,2-3 hours,false,false,false,false,No,No,No,Yes,Yes,No,Yes,Yes,Yes
configuration-management.environment-management.config-templating,30-configuration-management/environment-management/config-templating.yaml,Configuration Templating Audit,configuration-management,30,environment-management,expert,active,full,medium,2-3 hours,false,false,false,false,No,No,No,Yes,Yes,No,Yes,Yes,Yes
configuration-management.environment-management.environment-isolation,30-configuration-management/environment-management/environment-isolation.yaml,Environment Isolation Audit,configuration-management,30,environment-management,expert,active,partial,critical,3-4 hours,true,false,false,false,No,No,No,Yes,Yes,No,Yes,Yes,Yes
configuration-management.environment-management.environment-lifecycle,30-configuration-management/environment-management/environment-lifecycle.yaml,Environment Lifecycle Management Audit,configuration-management,30,environment-management,expert,active,partial,medium,2-3 hours,false,false,false,false,No,No,No,Yes,Yes,No,Yes,Yes,Yes
configuration-management.environment-management.environment-parity,30-configuration-management/environment-management/environment-parity.yaml,Environment Parity Audit,configuration-management,30,environment-management,expert,active,partial,high,3-4 hours,true,false,false,false,No,No,No,Yes,Yes,No,Yes,Yes,Yes
configuration-management.environment-management.environment-promotion,30-configuration-management/environment-management/environment-promotion.yaml,Environment Promotion Audit,configuration-management,30,environment-management,expert,active,partial,high,2-3 hours,false,false,false,false,No,No,No,Yes,Yes,No,Yes,Yes,Yes
configuration-management.environment-management.environment-provisioning,30-configuration-management/environment-management/environment-provisioning.yaml,Environment Provisioning Audit,configuration-management,30,environment-management,expert,active,partial,medium,2-3 hours,false,false,false,false,No,No,No,Yes,Yes,No,Yes,Yes,Yes
configuration-management.environment-management.environment-variables,30-configuration-management/environment-management/environment-variables.yaml,Environment Variable Management Audit,configuration-management,30,environment-management,expert,active,full,high,2-3 hours,false,false,false,false,No,No,No,Yes,Yes,No,Yes,Yes,Yes
configuration-management.feature-flags.flag-governance,30-configuration-management/feature-flags/flag-governance.yaml,Feature Flag Governance Audit,configuration-management,30,feature-flags,expert,active,partial,medium,2-3 hours,false,false,false,false,No,No,No,Yes,Yes,No,Yes,Yes,Yes
configuration-management.feature-flags.flag-lifecycle,30-configuration-management/feature-flags/flag-lifecycle.yaml,Feature Flag Lifecycle Audit,configuration-management,30,feature-flags,expert,active,partial,medium,2-3 hours,false,false,false,false,No,No,No,Yes,Yes,No,Yes,Yes,Yes
configuration-management.feature-flags.flag-monitoring,30-configuration-management/feature-flags/flag-monitoring.yaml,Feature Flag Monitoring Audit,configuration-management,30,feature-flags,expert,active,partial,medium,2-3 hours,true,false,false,false,No,No,No,Yes,Yes,No,Yes,Yes,Yes
configuration-management.feature-flags.flag-testing,30-configuration-management/feature-flags/flag-testing.yaml,Feature Flag Testing Audit,configuration-management,30,feature-flags,expert,active,partial,high,2-3 hours,false,false,false,false,No,No,No,Yes,Yes,No,Yes,Yes,Yes
configuration-management.feature-flags.stale-flags,30-configuration-management/feature-flags/stale-flags.yaml,Stale Feature Flags Audit,configuration-management,30,feature-flags,expert,active,partial,medium,2-3 hours,true,false,false,false,No,No,No,Yes,Yes,No,Yes,Yes,Yes
configuration-management.feature-flags.targeting-rules,30-configuration-management/feature-flags/targeting-rules.yaml,Feature Flag Targeting Rules Audit,configuration-management,30,feature-flags,expert,active,partial,medium,2-3 hours,true,false,false,false,No,No,No,Yes,Yes,No,Yes,Yes,Yes
configuration-management.release-configuration.blue-green-config,30-configuration-management/release-configuration/blue-green-config.yaml,Blue-Green Deployment Configuration Audit,configuration-management,30,release-configuration,expert,active,partial,high,2-3 hours,true,false,false,false,No,No,No,Yes,Yes,No,Yes,Yes,Yes
configuration-management.release-configuration.canary-config,30-configuration-management/release-configuration/canary-config.yaml,Canary Deployment Configuration Audit,configuration-management,30,release-configuration,expert,active,partial,high,2-3 hours,true,false,false,false,No,No,No,Yes,Yes,No,Yes,Yes,Yes
configuration-management.release-configuration.deployment-config,30-configuration-management/release-configuration/deployment-config.yaml,Deployment Configuration Audit,configuration-management,30,release-configuration,expert,active,partial,high,2-3 hours,false,false,false,false,No,No,No,Yes,Yes,No,Yes,Yes,Yes
configuration-management.release-configuration.progressive-delivery,30-configuration-management/release-configuration/progressive-delivery.yaml,Progressive Delivery Configuration Audit,configuration-management,30,release-configuration,expert,active,partial,high,3-4 hours,true,false,false,false,No,No,No,Yes,Yes,No,Yes,Yes,Yes
configuration-management.release-configuration.release-config,30-configuration-management/release-configuration/release-config.yaml,Release Configuration Audit,configuration-management,30,release-configuration,expert,active,partial,high,3-4 hours,false,false,false,false,No,No,No,Yes,Yes,No,Yes,Yes,Yes
configuration-management.release-configuration.rollback-config,30-configuration-management/release-configuration/rollback-config.yaml,Rollback Configuration Audit,configuration-management,30,release-configuration,expert,active,partial,critical,2-3 hours,false,false,false,false,No,No,No,Yes,Yes,No,Yes,Yes,Yes
configuration-management.secret-management.secret-access-control,30-configuration-management/secret-management/secret-access-control.yaml,Secret Access Control Audit,configuration-management,30,secret-management,expert,active,partial,critical,2-3 hours,true,false,false,false,No,No,No,Yes,Yes,No,Yes,Yes,Yes
configuration-management.secret-management.secret-detection,30-configuration-management/secret-management/secret-detection.yaml,Secret Detection Audit,configuration-management,30,secret-management,expert,active,full,critical,2-3 hours,false,false,false,false,No,No,No,Yes,Yes,No,Yes,Yes,Yes
configuration-management.secret-management.secret-encryption,30-configuration-management/secret-management/secret-encryption.yaml,Secret Encryption Audit,configuration-management,30,secret-management,expert,active,partial,critical,2-3 hours,true,false,false,false,No,No,No,Yes,Yes,No,Yes,Yes,Yes
configuration-management.secret-management.secret-injection,30-configuration-management/secret-management/secret-injection.yaml,Secret Injection Audit,configuration-management,30,secret-management,expert,active,partial,high,2-3 hours,true,false,false,false,No,No,No,Yes,Yes,No,Yes,Yes,Yes
configuration-management.secret-management.secret-rotation,30-configuration-management/secret-management/secret-rotation.yaml,Secret Rotation Audit,configuration-management,30,secret-management,expert,active,partial,high,2-3 hours,true,false,false,false,No,No,No,Yes,Yes,No,Yes,Yes,Yes
configuration-management.secret-management.vault-integration,30-configuration-management/secret-management/vault-integration.yaml,Vault Integration Audit,configuration-management,30,secret-management,expert,active,partial,critical,3-4 hours,true,false,false,false,No,No,No,Yes,Yes,No,Yes,Yes,Yes
cost-economics.cloud-cost-management.account-structure,31-cost-economics/cloud-cost-management/account-structure.yaml,Account Structure Audit,cost-economics,31,cloud-cost-management,expert,active,partial,medium,3-4 hours,true,false,false,false,Yes,Yes,No,No,No,No,No,Yes,Yes
cost-economics.cloud-cost-management.cloud-budget-management,31-cost-economics/cloud-cost-management/cloud-budget-management.yaml,Cloud Budget Management Audit,cost-economics,31,cloud-cost-management,expert,active,partial,high,3-4 hours,true,false,false,false,Yes,Yes,No,No,No,No,No,Yes,Yes
cost-economics.cloud-cost-management.cloud-cost-tooling,31-cost-economics/cloud-cost-management/cloud-cost-tooling.yaml,Cloud Cost Tooling Audit,cost-economics,31,cloud-cost-management,expert,active,partial,medium,3-4 hours,true,false,false,false,Yes,Yes,No,No,No,No,No,Yes,Yes
cost-economics.cloud-cost-management.cost-governance-policies,31-cost-economics/cloud-cost-management/cost-governance-policies.yaml,Cost Governance Policies Audit,cost-economics,31,cloud-cost-management,expert,active,partial,high,4-5 hours,true,false,false,false,Yes,Yes,No,No,No,No,No,Yes,Yes
cost-economics.cloud-cost-management.finops-maturity,31-cost-economics/cloud-cost-management/finops-maturity.yaml,FinOps Maturity Audit,cost-economics,31,cloud-cost-management,expert,active,minimal,medium,6-8 hours,false,false,false,false,Yes,Yes,No,No,No,No,No,Yes,Yes
cost-economics.cloud-cost-management.multi-cloud-cost-management,31-cost-economics/cloud-cost-management/multi-cloud-cost-management.yaml,Multi-Cloud Cost Management Audit,cost-economics,31,cloud-cost-management,expert,active,partial,high,5-7 hours,true,false,false,false,Yes,Yes,No,No,No,No,No,Yes,Yes
cost-economics.cost-allocation.chargeback,31-cost-economics/cost-allocation/chargeback.yaml,Chargeback Audit,cost-economics,31,cost-allocation,expert,active,partial,high,5-7 hours,true,false,false,false,Yes,Yes,No,No,No,No,No,Yes,Yes
cost-economics.cost-allocation.cost-centers,31-cost-economics/cost-allocation/cost-centers.yaml,Cost Centers Audit,cost-economics,31,cost-allocation,expert,active,partial,medium,3-4 hours,true,false,false,false,Yes,Yes,No,No,No,No,No,Yes,Yes
cost-economics.cost-allocation.environment-cost-tracking,31-cost-economics/cost-allocation/environment-cost-tracking.yaml,Environment Cost Tracking Audit,cost-economics,31,cost-allocation,expert,active,full,medium,2-4 hours,true,false,false,false,Yes,Yes,No,No,No,No,No,Yes,Yes
cost-economics.cost-allocation.project-cost-tracking,31-cost-economics/cost-allocation/project-cost-tracking.yaml,Project Cost Tracking Audit,cost-economics,31,cost-allocation,expert,active,partial,medium,3-5 hours,true,false,false,false,Yes,Yes,No,No,No,No,No,Yes,Yes
cost-economics.cost-allocation.shared-cost-allocation,31-cost-economics/cost-allocation/shared-cost-allocation.yaml,Shared Cost Allocation Audit,cost-economics,31,cost-allocation,expert,active,partial,high,4-6 hours,true,false,false,false,Yes,Yes,No,No,No,No,No,Yes,Yes
cost-economics.cost-allocation.showback,31-cost-economics/cost-allocation/showback.yaml,Showback Audit,cost-economics,31,cost-allocation,expert,active,partial,medium,3-5 hours,true,false,false,false,Yes,Yes,No,No,No,No,No,Yes,Yes
cost-economics.cost-optimization.network-cost-optimization,31-cost-economics/cost-optimization/network-cost-optimization.yaml,Network Cost Optimization Audit,cost-economics,31,cost-optimization,expert,active,partial,high,4-6 hours,true,false,false,false,Yes,Yes,No,No,No,No,No,Yes,Yes
cost-economics.cost-optimization.reserved-instances,31-cost-economics/cost-optimization/reserved-instances.yaml,Reserved Instances Audit,cost-economics,31,cost-optimization,expert,active,full,high,4-6 hours,true,false,false,false,Yes,Yes,No,No,No,No,No,Yes,Yes
cost-economics.cost-optimization.rightsizing,31-cost-economics/cost-optimization/rightsizing.yaml,Rightsizing Audit,cost-economics,31,cost-optimization,expert,active,full,high,4-6 hours,true,false,false,false,Yes,Yes,No,No,No,No,No,Yes,Yes
cost-economics.cost-optimization.savings-plans,31-cost-economics/cost-optimization/savings-plans.yaml,Savings Plans Audit,cost-economics,31,cost-optimization,expert,active,full,high,3-5 hours,true,false,false,false,Yes,Yes,No,No,No,No,No,Yes,Yes
cost-economics.cost-optimization.spot-instances,31-cost-economics/cost-optimization/spot-instances.yaml,Spot Instances Audit,cost-economics,31,cost-optimization,expert,active,partial,medium,3-4 hours,true,false,false,false,Yes,Yes,No,No,No,No,No,Yes,Yes
cost-economics.cost-optimization.storage-optimization,31-cost-economics/cost-optimization/storage-optimization.yaml,Storage Optimization Audit,cost-economics,31,cost-optimization,expert,active,full,high,4-6 hours,true,false,false,false,Yes,Yes,No,No,No,No,No,Yes,Yes
cost-economics.cost-visibility.billing-data-quality,31-cost-economics/cost-visibility/billing-data-quality.yaml,Billing Data Quality Audit,cost-economics,31,cost-visibility,expert,active,partial,medium,3-5 hours,true,false,false,false,Yes,Yes,No,No,No,No,No,Yes,Yes
cost-economics.cost-visibility.cost-anomaly-detection,31-cost-economics/cost-visibility/cost-anomaly-detection.yaml,Cost Anomaly Detection Audit,cost-economics,31,cost-visibility,expert,active,full,high,3-4 hours,true,false,false,false,Yes,Yes,No,No,No,No,No,Yes,Yes
cost-economics.cost-visibility.cost-attribution,31-cost-economics/cost-visibility/cost-attribution.yaml,Cost Attribution Audit,cost-economics,31,cost-visibility,expert,active,partial,high,4-6 hours,true,false,false,false,Yes,Yes,No,No,No,No,No,Yes,Yes
cost-economics.cost-visibility.cost-transparency,31-cost-economics/cost-visibility/cost-transparency.yaml,Cost Transparency Audit,cost-economics,31,cost-visibility,expert,active,partial,medium,3-4 hours,true,false,false,false,Yes,Yes,No,No,No,No,No,Yes,Yes
cost-economics.cost-visibility.resource-tagging,31-cost-economics/cost-visibility/resource-tagging.yaml,Resource Tagging Audit,cost-economics,31,cost-visibility,expert,active,full,high,3-5 hours,true,false,false,false,Yes,Yes,No,No,No,No,No,Yes,Yes
cost-economics.cost-visibility.unit-cost-tracking,31-cost-economics/cost-visibility/unit-cost-tracking.yaml,Unit Cost Tracking Audit,cost-economics,31,cost-visibility,expert,active,partial,high,4-6 hours,true,false,false,false,Yes,Yes,No,No,No,No,No,Yes,Yes
cost-economics.financial-governance.approval-workflows,31-cost-economics/financial-governance/approval-workflows.yaml,Approval Workflows Audit,cost-economics,31,financial-governance,expert,active,partial,medium,3-4 hours,false,false,false,false,Yes,Yes,No,No,No,No,No,Yes,Yes
cost-economics.financial-governance.budget-management,31-cost-economics/financial-governance/budget-management.yaml,Budget Management Audit,cost-economics,31,financial-governance,expert,active,partial,high,4-6 hours,false,false,false,false,Yes,Yes,No,No,No,No,No,Yes,Yes
cost-economics.financial-governance.financial-reporting,31-cost-economics/financial-governance/financial-reporting.yaml,Financial Reporting Audit,cost-economics,31,financial-governance,expert,active,partial,medium,3-4 hours,false,false,false,false,Yes,Yes,No,No,No,No,No,Yes,Yes
cost-economics.financial-governance.forecasting,31-cost-economics/financial-governance/forecasting.yaml,Forecasting Audit,cost-economics,31,financial-governance,expert,active,partial,high,3-5 hours,true,false,false,false,Yes,Yes,No,No,No,No,No,Yes,Yes
cost-economics.financial-governance.spending-controls,31-cost-economics/financial-governance/spending-controls.yaml,Spending Controls Audit,cost-economics,31,financial-governance,expert,active,partial,high,3-5 hours,true,false,false,false,Yes,Yes,No,No,No,No,No,Yes,Yes
cost-economics.financial-governance.vendor-management,31-cost-economics/financial-governance/vendor-management.yaml,Vendor Management Audit,cost-economics,31,financial-governance,expert,active,partial,medium,4-6 hours,false,false,false,false,Yes,Yes,No,No,No,No,No,Yes,Yes
cost-economics.license-management.cloud-license-mobility,31-cost-economics/license-management/cloud-license-mobility.yaml,Cloud License Mobility Audit,cost-economics,31,license-management,expert,active,partial,high,3-5 hours,false,false,false,false,Yes,Yes,No,No,No,No,No,Yes,Yes
cost-economics.license-management.license-compliance,31-cost-economics/license-management/license-compliance.yaml,License Compliance Audit,cost-economics,31,license-management,expert,active,partial,critical,6-8 hours,true,false,false,false,Yes,Yes,No,No,No,No,No,Yes,Yes
cost-economics.license-management.license-optimization,31-cost-economics/license-management/license-optimization.yaml,License Optimization Audit,cost-economics,31,license-management,expert,active,partial,high,4-6 hours,true,false,false,false,Yes,Yes,No,No,No,No,No,Yes,Yes
cost-economics.license-management.saas-management,31-cost-economics/license-management/saas-management.yaml,SaaS Management Audit,cost-economics,31,license-management,expert,active,partial,high,4-6 hours,true,false,false,false,Yes,Yes,No,No,No,No,No,Yes,Yes
cost-economics.license-management.software-asset-management,31-cost-economics/license-management/software-asset-management.yaml,Software Asset Management Audit,cost-economics,31,license-management,expert,active,minimal,medium,5-7 hours,false,false,false,false,Yes,Yes,No,No,No,No,No,Yes,Yes
cost-economics.license-management.vendor-audit-readiness,31-cost-economics/license-management/vendor-audit-readiness.yaml,Vendor Audit Readiness Audit,cost-economics,31,license-management,expert,active,partial,high,4-6 hours,false,false,false,false,Yes,Yes,No,No,No,No,No,Yes,Yes
cost-economics.resource-efficiency.container-efficiency,31-cost-economics/resource-efficiency/container-efficiency.yaml,Container Efficiency Audit,cost-economics,31,resource-efficiency,expert,active,partial,high,4-6 hours,true,false,false,false,Yes,Yes,No,No,No,No,No,Yes,Yes
cost-economics.resource-efficiency.database-efficiency,31-cost-economics/resource-efficiency/database-efficiency.yaml,Database Efficiency Audit,cost-economics,31,resource-efficiency,expert,active,partial,high,4-6 hours,true,false,false,false,Yes,Yes,No,No,No,No,No,Yes,Yes
cost-economics.resource-efficiency.idle-resources,31-cost-economics/resource-efficiency/idle-resources.yaml,Idle Resources Audit,cost-economics,31,resource-efficiency,expert,active,full,high,3-4 hours,true,false,false,false,Yes,Yes,No,No,No,No,No,Yes,Yes
cost-economics.resource-efficiency.scheduled-scaling,31-cost-economics/resource-efficiency/scheduled-scaling.yaml,Scheduled Scaling Audit,cost-economics,31,resource-efficiency,expert,active,partial,medium,3-4 hours,true,false,false,false,Yes,Yes,No,No,No,No,No,Yes,Yes
cost-economics.resource-efficiency.utilization-analysis,31-cost-economics/resource-efficiency/utilization-analysis.yaml,Utilization Analysis Audit,cost-economics,31,resource-efficiency,expert,active,full,high,4-6 hours,true,false,false,false,Yes,Yes,No,No,No,No,No,Yes,Yes
cost-economics.resource-efficiency.waste-identification,31-cost-economics/resource-efficiency/waste-identification.yaml,Waste Identification Audit,cost-economics,31,resource-efficiency,expert,active,full,high,3-5 hours,true,false,false,false,Yes,Yes,No,No,No,No,No,Yes,Yes
cost-economics.roi-value-analysis.cloud-economics-modeling,31-cost-economics/roi-value-analysis/cloud-economics-modeling.yaml,Cloud Economics Modeling Audit,cost-economics,31,roi-value-analysis,expert,active,partial,medium,3-5 hours,true,false,false,false,Yes,Yes,No,No,No,No,No,Yes,Yes
cost-economics.roi-value-analysis.cost-benefit-analysis,31-cost-economics/roi-value-analysis/cost-benefit-analysis.yaml,Cost-Benefit Analysis Audit,cost-economics,31,roi-value-analysis,expert,active,minimal,medium,3-5 hours,false,false,false,false,Yes,Yes,No,No,No,No,No,Yes,Yes
cost-economics.roi-value-analysis.roi-measurement,31-cost-economics/roi-value-analysis/roi-measurement.yaml,ROI Measurement Audit,cost-economics,31,roi-value-analysis,expert,active,partial,medium,4-6 hours,false,false,false,false,Yes,Yes,No,No,No,No,No,Yes,Yes
cost-economics.roi-value-analysis.tco-analysis,31-cost-economics/roi-value-analysis/tco-analysis.yaml,TCO Analysis Audit,cost-economics,31,roi-value-analysis,expert,active,minimal,medium,4-6 hours,false,false,false,true,Yes,Yes,No,No,No,No,No,Yes,Yes
cost-economics.roi-value-analysis.technology-investment-review,31-cost-economics/roi-value-analysis/technology-investment-review.yaml,Technology Investment Review Audit,cost-economics,31,roi-value-analysis,expert,active,minimal,medium,4-6 hours,false,false,false,false,Yes,Yes,No,No,No,No,No,Yes,Yes
cost-economics.roi-value-analysis.value-stream-costing,31-cost-economics/roi-value-analysis/value-stream-costing.yaml,Value Stream Costing Audit,cost-economics,31,roi-value-analysis,expert,active,partial,medium,5-7 hours,true,false,false,false,Yes,Yes,No,No,No,No,No,Yes,Yes
dependency-supply-chain.dependency-health.abandonment-risk,32-dependency-supply-chain/dependency-health/abandonment-risk.yaml,Abandonment Risk Audit,dependency-supply-chain,32,dependency-health,expert,active,partial,high,2-3 hours,false,false,false,false,No,No,No,No,Yes,Yes,Yes,Yes,Yes
dependency-supply-chain.dependency-health.code-quality-assessment,32-dependency-supply-chain/dependency-health/code-quality-assessment.yaml,Dependency Code Quality Assessment Audit,dependency-supply-chain,32,dependency-health,expert,active,partial,medium,3-6 hours,false,false,false,false,No,No,No,No,Yes,Yes,Yes,Yes,Yes
dependency-supply-chain.dependency-health.community-health,32-dependency-supply-chain/dependency-health/community-health.yaml,Community Health Audit,dependency-supply-chain,32,dependency-health,expert,active,partial,medium,2-3 hours,false,false,false,false,No,No,No,No,Yes,Yes,Yes,Yes,Yes
dependency-supply-chain.dependency-health.maintenance-status,32-dependency-supply-chain/dependency-health/maintenance-status.yaml,Maintenance Status Audit,dependency-supply-chain,32,dependency-health,expert,active,partial,medium,2-3 hours,false,false,false,false,No,No,No,No,Yes,Yes,Yes,Yes,Yes
dependency-supply-chain.dependency-health.popularity-assessment,32-dependency-supply-chain/dependency-health/popularity-assessment.yaml,Popularity Assessment Audit,dependency-supply-chain,32,dependency-health,expert,active,full,low,1-2 hours,false,false,false,false,No,No,No,No,Yes,Yes,Yes,Yes,Yes
dependency-supply-chain.dependency-health.security-practices,32-dependency-supply-chain/dependency-health/security-practices.yaml,Dependency Security Practices Audit,dependency-supply-chain,32,dependency-health,expert,active,partial,high,2-4 hours,false,false,false,false,No,No,No,No,Yes,Yes,Yes,Yes,Yes
dependency-supply-chain.dependency-inventory.dependency-classification,32-dependency-supply-chain/dependency-inventory/dependency-classification.yaml,Dependency Classification Audit,dependency-supply-chain,32,dependency-inventory,expert,active,partial,medium,2-3 hours,false,false,false,false,No,No,No,No,Yes,Yes,Yes,Yes,Yes
dependency-supply-chain.dependency-inventory.dependency-documentation,32-dependency-supply-chain/dependency-inventory/dependency-documentation.yaml,Dependency Documentation Audit,dependency-supply-chain,32,dependency-inventory,expert,active,partial,low,1-2 hours,false,false,false,false,No,No,No,No,Yes,Yes,Yes,Yes,Yes
dependency-supply-chain.dependency-inventory.dependency-enumeration,32-dependency-supply-chain/dependency-inventory/dependency-enumeration.yaml,Dependency Enumeration Audit,dependency-supply-chain,32,dependency-inventory,expert,active,full,high,1-2 hours,false,false,false,false,No,No,No,No,Yes,Yes,Yes,Yes,Yes
dependency-supply-chain.dependency-inventory.dependency-tree-analysis,32-dependency-supply-chain/dependency-inventory/dependency-tree-analysis.yaml,Dependency Tree Analysis Audit,dependency-supply-chain,32,dependency-inventory,phd,active,full,medium,2-4 hours,false,false,false,false,No,No,No,No,Yes,Yes,Yes,Yes,Yes
dependency-supply-chain.dependency-inventory.manifest-completeness,32-dependency-supply-chain/dependency-inventory/manifest-completeness.yaml,Manifest Completeness Audit,dependency-supply-chain,32,dependency-inventory,expert,active,partial,medium,1-2 hours,false,false,false,false,No,No,No,No,Yes,Yes,Yes,Yes,Yes
dependency-supply-chain.dependency-inventory.registry-source-tracking,32-dependency-supply-chain/dependency-inventory/registry-source-tracking.yaml,Registry Source Tracking Audit,dependency-supply-chain,32,dependency-inventory,expert,active,full,high,1-2 hours,false,false,false,false,No,No,No,No,Yes,Yes,Yes,Yes,Yes
dependency-supply-chain.dependency-inventory.version-pinning,32-dependency-supply-chain/dependency-inventory/version-pinning.yaml,Version Pinning Audit,dependency-supply-chain,32,dependency-inventory,expert,active,full,high,1-2 hours,false,false,false,false,No,No,No,No,Yes,Yes,Yes,Yes,Yes
dependency-supply-chain.license-compliance.attribution-requirements,32-dependency-supply-chain/license-compliance/attribution-requirements.yaml,Attribution Requirements Audit,dependency-supply-chain,32,license-compliance,expert,active,partial,medium,2-3 hours,false,false,false,false,No,No,No,No,Yes,Yes,Yes,Yes,Yes
dependency-supply-chain.license-compliance.copyleft-analysis,32-dependency-supply-chain/license-compliance/copyleft-analysis.yaml,Copyleft Analysis Audit,dependency-supply-chain,32,license-compliance,expert,active,partial,critical,2-4 hours,false,false,false,false,No,No,No,No,Yes,Yes,Yes,Yes,Yes
dependency-supply-chain.license-compliance.license-change-monitoring,32-dependency-supply-chain/license-compliance/license-change-monitoring.yaml,License Change Monitoring Audit,dependency-supply-chain,32,license-compliance,expert,active,partial,high,1-2 hours,false,false,false,false,No,No,No,No,Yes,Yes,Yes,Yes,Yes
dependency-supply-chain.license-compliance.license-compatibility,32-dependency-supply-chain/license-compliance/license-compatibility.yaml,License Compatibility Audit,dependency-supply-chain,32,license-compliance,expert,active,partial,critical,2-4 hours,false,false,false,false,No,No,No,No,Yes,Yes,Yes,Yes,Yes
dependency-supply-chain.license-compliance.license-detection,32-dependency-supply-chain/license-compliance/license-detection.yaml,License Detection Audit,dependency-supply-chain,32,license-compliance,expert,active,full,high,1-2 hours,false,false,false,false,No,No,No,No,Yes,Yes,Yes,Yes,Yes
dependency-supply-chain.license-compliance.license-policy-enforcement,32-dependency-supply-chain/license-compliance/license-policy-enforcement.yaml,License Policy Enforcement Audit,dependency-supply-chain,32,license-compliance,expert,active,full,high,1-2 hours,false,false,false,false,No,No,No,No,Yes,Yes,Yes,Yes,Yes
dependency-supply-chain.supply-chain-security.artifact-integrity,32-dependency-supply-chain/supply-chain-security/artifact-integrity.yaml,Artifact Integrity Audit,dependency-supply-chain,32,supply-chain-security,expert,active,full,high,1-2 hours,false,false,false,false,No,No,No,No,Yes,Yes,Yes,Yes,Yes
dependency-supply-chain.supply-chain-security.artifact-signing,32-dependency-supply-chain/supply-chain-security/artifact-signing.yaml,Artifact Signing Audit,dependency-supply-chain,32,supply-chain-security,expert,active,partial,high,2-4 hours,false,false,false,false,No,No,No,No,Yes,Yes,Yes,Yes,Yes
dependency-supply-chain.supply-chain-security.build-reproducibility,32-dependency-supply-chain/supply-chain-security/build-reproducibility.yaml,Build Reproducibility Audit,dependency-supply-chain,32,supply-chain-security,expert,active,partial,medium,3-6 hours,true,false,false,false,No,No,No,No,Yes,Yes,Yes,Yes,Yes
dependency-supply-chain.supply-chain-security.dependency-pinning,32-dependency-supply-chain/supply-chain-security/dependency-pinning.yaml,Dependency Pinning Audit,dependency-supply-chain,32,supply-chain-security,expert,active,full,high,1-2 hours,false,false,false,false,No,No,No,No,Yes,Yes,Yes,Yes,Yes
dependency-supply-chain.supply-chain-security.provenance-verification,32-dependency-supply-chain/supply-chain-security/provenance-verification.yaml,Provenance Verification Audit,dependency-supply-chain,32,supply-chain-security,expert,active,partial,high,2-4 hours,false,false,false,false,No,No,No,No,Yes,Yes,Yes,Yes,Yes
dependency-supply-chain.supply-chain-security.sbom-generation,32-dependency-supply-chain/supply-chain-security/sbom-generation.yaml,SBOM Generation Audit,dependency-supply-chain,32,supply-chain-security,expert,active,full,high,1-2 hours,false,false,false,false,No,No,No,No,Yes,Yes,Yes,Yes,Yes
dependency-supply-chain.supply-chain-security.typosquatting-detection,32-dependency-supply-chain/supply-chain-security/typosquatting-detection.yaml,Typosquatting Detection Audit,dependency-supply-chain,32,supply-chain-security,expert,active,partial,critical,1-2 hours,false,false,false,false,No,No,No,No,Yes,Yes,Yes,Yes,Yes
dependency-supply-chain.transitive-dependencies.hidden-dependency-detection,32-dependency-supply-chain/transitive-dependencies/hidden-dependency-detection.yaml,Hidden Dependency Detection Audit,dependency-supply-chain,32,transitive-dependencies,expert,active,partial,high,2-4 hours,true,false,false,false,No,No,No,No,Yes,Yes,Yes,Yes,Yes
dependency-supply-chain.transitive-dependencies.transitive-analysis,32-dependency-supply-chain/transitive-dependencies/transitive-analysis.yaml,Transitive Dependency Analysis Audit,dependency-supply-chain,32,transitive-dependencies,phd,active,full,medium,2-4 hours,false,false,false,false,No,No,No,No,Yes,Yes,Yes,Yes,Yes
dependency-supply-chain.transitive-dependencies.transitive-license-review,32-dependency-supply-chain/transitive-dependencies/transitive-license-review.yaml,Transitive License Review Audit,dependency-supply-chain,32,transitive-dependencies,expert,active,full,high,1-2 hours,false,false,false,false,No,No,No,No,Yes,Yes,Yes,Yes,Yes
dependency-supply-chain.transitive-dependencies.transitive-override,32-dependency-supply-chain/transitive-dependencies/transitive-override.yaml,Transitive Dependency Override Audit,dependency-supply-chain,32,transitive-dependencies,expert,active,partial,medium,1-2 hours,false,false,false,false,No,No,No,No,Yes,Yes,Yes,Yes,Yes
dependency-supply-chain.transitive-dependencies.transitive-vulnerability-exposure,32-dependency-supply-chain/transitive-dependencies/transitive-vulnerability-exposure.yaml,Transitive Vulnerability Exposure Audit,dependency-supply-chain,32,transitive-dependencies,expert,active,full,high,1-2 hours,false,false,false,false,No,No,No,No,Yes,Yes,Yes,Yes,Yes
dependency-supply-chain.transitive-dependencies.version-conflict-detection,32-dependency-supply-chain/transitive-dependencies/version-conflict-detection.yaml,Version Conflict Detection Audit,dependency-supply-chain,32,transitive-dependencies,expert,active,full,medium,1-2 hours,false,false,false,false,No,No,No,No,Yes,Yes,Yes,Yes,Yes
dependency-supply-chain.update-management.automated-updates,32-dependency-supply-chain/update-management/automated-updates.yaml,Automated Updates Audit,dependency-supply-chain,32,update-management,expert,active,partial,medium,1-2 hours,false,false,false,false,No,No,No,No,Yes,Yes,Yes,Yes,Yes
dependency-supply-chain.update-management.breaking-change-assessment,32-dependency-supply-chain/update-management/breaking-change-assessment.yaml,Breaking Change Assessment Audit,dependency-supply-chain,32,update-management,expert,active,partial,medium,2-4 hours,true,false,false,false,No,No,No,No,Yes,Yes,Yes,Yes,Yes
dependency-supply-chain.update-management.dependency-upgrade-planning,32-dependency-supply-chain/update-management/dependency-upgrade-planning.yaml,Dependency Upgrade Planning Audit,dependency-supply-chain,32,update-management,phd,active,partial,medium,2-4 hours,false,false,false,false,No,No,No,No,Yes,Yes,Yes,Yes,Yes
dependency-supply-chain.update-management.patch-strategy,32-dependency-supply-chain/update-management/patch-strategy.yaml,Patch Strategy Audit,dependency-supply-chain,32,update-management,expert,active,partial,high,1-2 hours,false,false,false,false,No,No,No,No,Yes,Yes,Yes,Yes,Yes
dependency-supply-chain.update-management.rollback-capability,32-dependency-supply-chain/update-management/rollback-capability.yaml,Rollback Capability Audit,dependency-supply-chain,32,update-management,expert,active,partial,high,1-2 hours,false,false,false,false,No,No,No,No,Yes,Yes,Yes,Yes,Yes
dependency-supply-chain.update-management.update-frequency,32-dependency-supply-chain/update-management/update-frequency.yaml,Update Frequency Audit,dependency-supply-chain,32,update-management,expert,active,partial,medium,1-2 hours,false,false,false,false,No,No,No,No,Yes,Yes,Yes,Yes,Yes
dependency-supply-chain.update-management.update-testing,32-dependency-supply-chain/update-management/update-testing.yaml,Update Testing Audit,dependency-supply-chain,32,update-management,expert,active,partial,medium,2-3 hours,true,false,false,false,No,No,No,No,Yes,Yes,Yes,Yes,Yes
dependency-supply-chain.vendor-lock-in.abstraction-layer-assessment,32-dependency-supply-chain/vendor-lock-in/abstraction-layer-assessment.yaml,Abstraction Layer Assessment Audit,dependency-supply-chain,32,vendor-lock-in,expert,active,partial,medium,2-3 hours,false,false,false,false,No,No,No,No,Yes,Yes,Yes,Yes,Yes
dependency-supply-chain.vendor-lock-in.alternative-availability,32-dependency-supply-chain/vendor-lock-in/alternative-availability.yaml,Alternative Availability Audit,dependency-supply-chain,32,vendor-lock-in,expert,active,partial,medium,2-3 hours,false,false,false,false,No,No,No,No,Yes,Yes,Yes,Yes,Yes
dependency-supply-chain.vendor-lock-in.exit-strategy,32-dependency-supply-chain/vendor-lock-in/exit-strategy.yaml,Exit Strategy Assessment Audit,dependency-supply-chain,32,vendor-lock-in,phd,active,partial,medium,3-5 hours,false,false,false,false,No,No,No,No,Yes,Yes,Yes,Yes,Yes
dependency-supply-chain.vendor-lock-in.migration-difficulty,32-dependency-supply-chain/vendor-lock-in/migration-difficulty.yaml,Migration Difficulty Assessment Audit,dependency-supply-chain,32,vendor-lock-in,phd,active,partial,medium,4-8 hours,false,false,false,false,No,No,No,No,Yes,Yes,Yes,Yes,Yes
dependency-supply-chain.vendor-lock-in.proprietary-dependency-analysis,32-dependency-supply-chain/vendor-lock-in/proprietary-dependency-analysis.yaml,Proprietary Dependency Analysis Audit,dependency-supply-chain,32,vendor-lock-in,expert,active,partial,medium,2-3 hours,false,false,false,false,No,No,No,No,Yes,Yes,Yes,Yes,Yes
dependency-supply-chain.vendor-lock-in.standard-protocol-usage,32-dependency-supply-chain/vendor-lock-in/standard-protocol-usage.yaml,Standard Protocol Usage Audit,dependency-supply-chain,32,vendor-lock-in,expert,active,partial,medium,2-3 hours,false,false,false,false,No,No,No,No,Yes,Yes,Yes,Yes,Yes
dependency-supply-chain.vulnerability-scanning.container-image-scanning,32-dependency-supply-chain/vulnerability-scanning/container-image-scanning.yaml,Container Image Scanning Audit,dependency-supply-chain,32,vulnerability-scanning,expert,active,full,high,1-2 hours,false,false,false,false,No,No,No,No,Yes,Yes,Yes,Yes,Yes
dependency-supply-chain.vulnerability-scanning.continuous-monitoring,32-dependency-supply-chain/vulnerability-scanning/continuous-monitoring.yaml,Continuous Vulnerability Monitoring Audit,dependency-supply-chain,32,vulnerability-scanning,phd,active,partial,high,2-4 hours,false,false,false,false,No,No,No,No,Yes,Yes,Yes,Yes,Yes
dependency-supply-chain.vulnerability-scanning.cve-detection,32-dependency-supply-chain/vulnerability-scanning/cve-detection.yaml,CVE Detection Audit,dependency-supply-chain,32,vulnerability-scanning,expert,active,full,critical,1-2 hours,false,false,false,false,No,No,No,No,Yes,Yes,Yes,Yes,Yes
dependency-supply-chain.vulnerability-scanning.exploit-availability-check,32-dependency-supply-chain/vulnerability-scanning/exploit-availability-check.yaml,Exploit Availability Check Audit,dependency-supply-chain,32,vulnerability-scanning,expert,active,partial,critical,2-4 hours,false,false,false,false,No,No,No,No,Yes,Yes,Yes,Yes,Yes
dependency-supply-chain.vulnerability-scanning.false-positive-management,32-dependency-supply-chain/vulnerability-scanning/false-positive-management.yaml,False Positive Management Audit,dependency-supply-chain,32,vulnerability-scanning,expert,active,partial,medium,1-2 hours,false,false,false,false,No,No,No,No,Yes,Yes,Yes,Yes,Yes
dependency-supply-chain.vulnerability-scanning.scanner-coverage,32-dependency-supply-chain/vulnerability-scanning/scanner-coverage.yaml,Scanner Coverage Audit,dependency-supply-chain,32,vulnerability-scanning,expert,active,partial,medium,1-2 hours,false,false,false,false,No,No,No,No,Yes,Yes,Yes,Yes,Yes
dependency-supply-chain.vulnerability-scanning.vulnerability-prioritization,32-dependency-supply-chain/vulnerability-scanning/vulnerability-prioritization.yaml,Vulnerability Prioritization Audit,dependency-supply-chain,32,vulnerability-scanning,expert,active,partial,high,2-3 hours,false,false,false,false,No,No,No,No,Yes,Yes,Yes,Yes,Yes
legacy-migration.api-versioning.backward-compatibility,33-legacy-migration/api-versioning/backward-compatibility.yaml,API Backward Compatibility Audit,legacy-migration,33,api-versioning,expert,active,partial,high,4-6 hours,true,false,false,false,Yes,Yes,Yes,Yes,Yes,No,Yes,No,No
legacy-migration.api-versioning.change-impact-analysis,33-legacy-migration/api-versioning/change-impact-analysis.yaml,API Change Impact Analysis Audit,legacy-migration,33,api-versioning,expert,active,partial,high,3-5 hours,false,false,false,false,Yes,Yes,Yes,Yes,Yes,No,Yes,No,No
legacy-migration.api-versioning.consumer-migration,33-legacy-migration/api-versioning/consumer-migration.yaml,API Consumer Migration Assessment Audit,legacy-migration,33,api-versioning,phd,active,partial,high,4-8 hours,true,false,false,false,Yes,Yes,Yes,Yes,Yes,No,Yes,No,No
legacy-migration.api-versioning.deprecation-management,33-legacy-migration/api-versioning/deprecation-management.yaml,API Deprecation Management Audit,legacy-migration,33,api-versioning,expert,active,partial,high,4-6 hours,true,false,false,false,Yes,Yes,Yes,Yes,Yes,No,Yes,No,No
legacy-migration.api-versioning.version-coexistence,33-legacy-migration/api-versioning/version-coexistence.yaml,API Version Coexistence Audit,legacy-migration,33,api-versioning,expert,active,partial,medium,4-6 hours,true,false,false,false,Yes,Yes,Yes,Yes,Yes,No,Yes,No,No
legacy-migration.api-versioning.versioning-strategy,33-legacy-migration/api-versioning/versioning-strategy.yaml,API Versioning Strategy Assessment Audit,legacy-migration,33,api-versioning,phd,active,partial,high,4-6 hours,false,false,false,false,Yes,Yes,Yes,Yes,Yes,No,Yes,No,No
legacy-migration.code-modernization.documentation-generation,33-legacy-migration/code-modernization/documentation-generation.yaml,Legacy Documentation Generation Audit,legacy-migration,33,code-modernization,expert,active,partial,medium,4-6 hours,false,false,false,false,Yes,Yes,Yes,Yes,Yes,No,Yes,No,No
legacy-migration.code-modernization.framework-upgrade,33-legacy-migration/code-modernization/framework-upgrade.yaml,Framework Upgrade Assessment Audit,legacy-migration,33,code-modernization,phd,active,partial,high,6-8 hours,false,false,false,false,Yes,Yes,Yes,Yes,Yes,No,Yes,No,No
legacy-migration.code-modernization.language-migration,33-legacy-migration/code-modernization/language-migration.yaml,Language Migration Assessment Audit,legacy-migration,33,code-modernization,expert,active,partial,high,8-12 hours,false,false,false,false,Yes,Yes,Yes,Yes,Yes,No,Yes,No,No
legacy-migration.code-modernization.pattern-modernization,33-legacy-migration/code-modernization/pattern-modernization.yaml,Design Pattern Modernization Audit,legacy-migration,33,code-modernization,expert,active,partial,medium,4-6 hours,false,false,false,false,Yes,Yes,Yes,Yes,Yes,No,Yes,No,No
legacy-migration.code-modernization.refactoring-strategy,33-legacy-migration/code-modernization/refactoring-strategy.yaml,Refactoring Strategy Assessment Audit,legacy-migration,33,code-modernization,expert,active,partial,high,6-10 hours,false,false,false,false,Yes,Yes,Yes,Yes,Yes,No,Yes,No,No
legacy-migration.code-modernization.testability-improvement,33-legacy-migration/code-modernization/testability-improvement.yaml,Testability Improvement Assessment Audit,legacy-migration,33,code-modernization,expert,active,partial,high,4-6 hours,false,false,false,false,Yes,Yes,Yes,Yes,Yes,No,Yes,No,No
legacy-migration.compatibility-testing.contract-testing,33-legacy-migration/compatibility-testing/contract-testing.yaml,Contract Testing Assessment Audit,legacy-migration,33,compatibility-testing,phd,active,partial,high,4-8 hours,true,false,false,false,Yes,Yes,Yes,Yes,Yes,No,Yes,No,No
legacy-migration.compatibility-testing.integration-compatibility,33-legacy-migration/compatibility-testing/integration-compatibility.yaml,Integration Compatibility Testing Audit,legacy-migration,33,compatibility-testing,expert,active,partial,high,4-6 hours,true,false,false,false,Yes,Yes,Yes,Yes,Yes,No,Yes,No,No
legacy-migration.compatibility-testing.parallel-running,33-legacy-migration/compatibility-testing/parallel-running.yaml,Parallel Running Validation Audit,legacy-migration,33,compatibility-testing,expert,active,partial,high,6-10 hours,true,false,false,false,Yes,Yes,Yes,Yes,Yes,No,Yes,No,No
legacy-migration.compatibility-testing.performance-comparison,33-legacy-migration/compatibility-testing/performance-comparison.yaml,Performance Comparison Testing Audit,legacy-migration,33,compatibility-testing,expert,active,partial,medium,4-6 hours,true,false,false,false,Yes,Yes,Yes,Yes,Yes,No,Yes,No,No
legacy-migration.compatibility-testing.regression-testing,33-legacy-migration/compatibility-testing/regression-testing.yaml,Regression Testing Assessment Audit,legacy-migration,33,compatibility-testing,phd,active,partial,high,4-6 hours,true,false,false,false,Yes,Yes,Yes,Yes,Yes,No,Yes,No,No
legacy-migration.compatibility-testing.user-acceptance,33-legacy-migration/compatibility-testing/user-acceptance.yaml,User Acceptance Testing Assessment Audit,legacy-migration,33,compatibility-testing,expert,active,partial,high,4-6 hours,true,false,false,false,Yes,Yes,Yes,Yes,Yes,No,Yes,No,No
legacy-migration.data-migration.data-quality-assessment,33-legacy-migration/data-migration/data-quality-assessment.yaml,Pre-Migration Data Quality Assessment Audit,legacy-migration,33,data-migration,expert,active,full,high,4-6 hours,true,false,false,false,Yes,Yes,Yes,Yes,Yes,No,Yes,No,No
legacy-migration.data-migration.data-synchronization,33-legacy-migration/data-migration/data-synchronization.yaml,Data Synchronization Assessment Audit,legacy-migration,33,data-migration,expert,active,partial,high,6-10 hours,true,false,false,false,Yes,Yes,Yes,Yes,Yes,No,Yes,No,No
legacy-migration.data-migration.data-validation,33-legacy-migration/data-migration/data-validation.yaml,Data Migration Validation Audit,legacy-migration,33,data-migration,phd,active,partial,critical,6-10 hours,true,false,false,false,Yes,Yes,Yes,Yes,Yes,No,Yes,No,No
legacy-migration.data-migration.etl-pipeline-review,33-legacy-migration/data-migration/etl-pipeline-review.yaml,ETL Pipeline Review Audit,legacy-migration,33,data-migration,expert,active,partial,high,6-8 hours,true,false,false,false,Yes,Yes,Yes,Yes,Yes,No,Yes,No,No
legacy-migration.data-migration.migration-verification,33-legacy-migration/data-migration/migration-verification.yaml,Data Migration Verification Audit,legacy-migration,33,data-migration,phd,active,partial,critical,4-8 hours,true,false,false,false,Yes,Yes,Yes,Yes,Yes,No,Yes,No,No
legacy-migration.data-migration.schema-compatibility,33-legacy-migration/data-migration/schema-compatibility.yaml,Schema Compatibility Assessment Audit,legacy-migration,33,data-migration,expert,active,partial,critical,6-10 hours,false,false,false,false,Yes,Yes,Yes,Yes,Yes,No,Yes,No,No
legacy-migration.legacy-system-analysis.business-criticality,33-legacy-migration/legacy-system-analysis/business-criticality.yaml,Business Criticality Assessment Audit,legacy-migration,33,legacy-system-analysis,phd,active,partial,high,4-8 hours,false,false,false,false,Yes,Yes,Yes,Yes,Yes,No,Yes,No,No
legacy-migration.legacy-system-analysis.documentation-gaps,33-legacy-migration/legacy-system-analysis/documentation-gaps.yaml,Documentation Gaps Analysis Audit,legacy-migration,33,legacy-system-analysis,expert,active,partial,medium,4-6 hours,false,false,false,false,Yes,Yes,Yes,Yes,Yes,No,Yes,No,No
legacy-migration.legacy-system-analysis.integration-mapping,33-legacy-migration/legacy-system-analysis/integration-mapping.yaml,Integration Mapping Analysis Audit,legacy-migration,33,legacy-system-analysis,phd,active,partial,high,6-10 hours,true,false,false,false,Yes,Yes,Yes,Yes,Yes,No,Yes,No,No
legacy-migration.legacy-system-analysis.knowledge-concentration,33-legacy-migration/legacy-system-analysis/knowledge-concentration.yaml,Knowledge Concentration Assessment Audit,legacy-migration,33,legacy-system-analysis,phd,active,partial,high,4-8 hours,false,false,false,false,Yes,Yes,Yes,Yes,Yes,No,Yes,No,No
legacy-migration.legacy-system-analysis.operational-constraints,33-legacy-migration/legacy-system-analysis/operational-constraints.yaml,Operational Constraints Analysis Audit,legacy-migration,33,legacy-system-analysis,expert,active,partial,medium,4-6 hours,true,false,false,false,Yes,Yes,Yes,Yes,Yes,No,Yes,No,No
legacy-migration.legacy-system-analysis.platform-risk-assessment,33-legacy-migration/legacy-system-analysis/platform-risk-assessment.yaml,Platform Risk Assessment Audit,legacy-migration,33,legacy-system-analysis,expert,active,partial,critical,6-10 hours,false,false,false,false,Yes,Yes,Yes,Yes,Yes,No,Yes,No,No
legacy-migration.legacy-system-analysis.security-posture,33-legacy-migration/legacy-system-analysis/security-posture.yaml,Legacy Security Posture Assessment Audit,legacy-migration,33,legacy-system-analysis,expert,active,partial,critical,6-10 hours,true,false,false,false,Yes,Yes,Yes,Yes,Yes,No,Yes,No,No
legacy-migration.migration-planning.incremental-migration-strategy,33-legacy-migration/migration-planning/incremental-migration-strategy.yaml,Incremental Migration Strategy Assessment Audit,legacy-migration,33,migration-planning,phd,active,partial,high,6-8 hours,false,false,false,false,Yes,Yes,Yes,Yes,Yes,No,Yes,No,No
legacy-migration.migration-planning.migration-risk-assessment,33-legacy-migration/migration-planning/migration-risk-assessment.yaml,Migration Risk Assessment Audit,legacy-migration,33,migration-planning,phd,active,partial,critical,6-8 hours,false,false,false,false,Yes,Yes,Yes,Yes,Yes,No,Yes,No,No
legacy-migration.migration-planning.resource-requirements,33-legacy-migration/migration-planning/resource-requirements.yaml,Migration Resource Requirements Audit,legacy-migration,33,migration-planning,expert,active,partial,high,4-6 hours,false,false,false,false,Yes,Yes,Yes,Yes,Yes,No,Yes,No,No
legacy-migration.migration-planning.roadmap-development,33-legacy-migration/migration-planning/roadmap-development.yaml,Migration Roadmap Development Audit,legacy-migration,33,migration-planning,phd,active,partial,high,8-12 hours,false,false,false,false,Yes,Yes,Yes,Yes,Yes,No,Yes,No,No
legacy-migration.migration-planning.rollback-planning,33-legacy-migration/migration-planning/rollback-planning.yaml,Rollback Planning Assessment Audit,legacy-migration,33,migration-planning,expert,active,partial,critical,4-6 hours,false,false,false,false,Yes,Yes,Yes,Yes,Yes,No,Yes,No,No
legacy-migration.migration-planning.strangler-fig-readiness,33-legacy-migration/migration-planning/strangler-fig-readiness.yaml,Strangler Fig Readiness Assessment Audit,legacy-migration,33,migration-planning,expert,active,partial,high,6-10 hours,false,false,false,false,Yes,Yes,Yes,Yes,Yes,No,Yes,No,No
legacy-migration.migration-planning.technology-selection,33-legacy-migration/migration-planning/technology-selection.yaml,Migration Technology Selection Audit,legacy-migration,33,migration-planning,expert,active,partial,high,8-12 hours,false,false,false,false,Yes,Yes,Yes,Yes,Yes,No,Yes,No,No
legacy-migration.sunset-decommission.cost-recovery-tracking,33-legacy-migration/sunset-decommission/cost-recovery-tracking.yaml,Cost Recovery Tracking Audit,legacy-migration,33,sunset-decommission,expert,active,partial,low,3-4 hours,false,false,false,false,Yes,Yes,Yes,Yes,Yes,No,Yes,No,No
legacy-migration.sunset-decommission.data-archival,33-legacy-migration/sunset-decommission/data-archival.yaml,Data Archival Assessment Audit,legacy-migration,33,sunset-decommission,expert,active,partial,high,4-6 hours,false,false,false,false,Yes,Yes,Yes,Yes,Yes,No,Yes,No,No
legacy-migration.sunset-decommission.decommission-planning,33-legacy-migration/sunset-decommission/decommission-planning.yaml,System Decommission Planning Audit,legacy-migration,33,sunset-decommission,phd,active,partial,high,6-8 hours,false,false,false,false,Yes,Yes,Yes,Yes,Yes,No,Yes,No,No
legacy-migration.sunset-decommission.decommission-verification,33-legacy-migration/sunset-decommission/decommission-verification.yaml,Decommission Verification Audit,legacy-migration,33,sunset-decommission,expert,active,partial,medium,2-4 hours,true,false,false,false,Yes,Yes,Yes,Yes,Yes,No,Yes,No,No
legacy-migration.sunset-decommission.dependency-cutover,33-legacy-migration/sunset-decommission/dependency-cutover.yaml,Dependency Cutover Assessment Audit,legacy-migration,33,sunset-decommission,expert,active,partial,high,4-6 hours,true,false,false,false,Yes,Yes,Yes,Yes,Yes,No,Yes,No,No
legacy-migration.sunset-decommission.post-migration-cleanup,33-legacy-migration/sunset-decommission/post-migration-cleanup.yaml,Post-Migration Cleanup Assessment Audit,legacy-migration,33,sunset-decommission,expert,active,partial,medium,3-5 hours,false,false,false,false,Yes,Yes,Yes,Yes,Yes,No,Yes,No,No
legacy-migration.sunset-decommission.retirement-candidate-identification,33-legacy-migration/sunset-decommission/retirement-candidate-identification.yaml,Retirement Candidate Identification Audit,legacy-migration,33,sunset-decommission,phd,active,partial,medium,6-8 hours,false,false,false,false,Yes,Yes,Yes,Yes,Yes,No,Yes,No,No
legacy-migration.technical-debt-assessment.architecture-erosion,33-legacy-migration/technical-debt-assessment/architecture-erosion.yaml,Architecture Erosion Assessment Audit,legacy-migration,33,technical-debt-assessment,expert,active,partial,high,8-12 hours,false,false,false,false,Yes,Yes,Yes,Yes,Yes,No,Yes,No,No
legacy-migration.technical-debt-assessment.code-smell-analysis,33-legacy-migration/technical-debt-assessment/code-smell-analysis.yaml,Code Smell Analysis Audit,legacy-migration,33,technical-debt-assessment,expert,active,full,medium,4-6 hours,false,false,false,false,Yes,Yes,Yes,Yes,Yes,No,Yes,No,No
legacy-migration.technical-debt-assessment.complexity-metrics,33-legacy-migration/technical-debt-assessment/complexity-metrics.yaml,Complexity Metrics Analysis Audit,legacy-migration,33,technical-debt-assessment,expert,active,full,medium,3-5 hours,false,false,false,false,Yes,Yes,Yes,Yes,Yes,No,Yes,No,No
legacy-migration.technical-debt-assessment.debt-quantification,33-legacy-migration/technical-debt-assessment/debt-quantification.yaml,Technical Debt Quantification Audit,legacy-migration,33,technical-debt-assessment,phd,active,partial,high,6-10 hours,false,false,false,false,Yes,Yes,Yes,Yes,Yes,No,Yes,No,No
legacy-migration.technical-debt-assessment.dependency-debt,33-legacy-migration/technical-debt-assessment/dependency-debt.yaml,Dependency Debt Analysis Audit,legacy-migration,33,technical-debt-assessment,expert,active,full,high,4-6 hours,false,false,false,false,Yes,Yes,Yes,Yes,Yes,No,Yes,No,No
legacy-migration.technical-debt-assessment.maintenance-burden,33-legacy-migration/technical-debt-assessment/maintenance-burden.yaml,Maintenance Burden Assessment Audit,legacy-migration,33,technical-debt-assessment,phd,active,partial,high,6-8 hours,false,false,false,false,Yes,Yes,Yes,Yes,Yes,No,Yes,No,No
legacy-migration.technical-debt-assessment.test-debt,33-legacy-migration/technical-debt-assessment/test-debt.yaml,Test Debt Assessment Audit,legacy-migration,33,technical-debt-assessment,expert,active,partial,medium,4-6 hours,true,false,false,false,Yes,Yes,Yes,Yes,Yes,No,Yes,No,No
business-logic-domain.authorization-logic.attribute-based-access,34-business-logic-domain/authorization-logic/attribute-based-access.yaml,Attribute-Based Access Audit,business-logic-domain,34,authorization-logic,expert,active,partial,high,4-6 hours,false,false,false,false,No,Yes,Yes,Yes,Yes,Yes,Yes,No,No
business-logic-domain.authorization-logic.delegation-impersonation-controls,34-business-logic-domain/authorization-logic/delegation-impersonation-controls.yaml,Delegation Impersonation Controls Audit,business-logic-domain,34,authorization-logic,expert,active,partial,high,4-6 hours,true,false,false,false,No,Yes,Yes,Yes,Yes,Yes,Yes,No,No
business-logic-domain.authorization-logic.multi-tenant-isolation,34-business-logic-domain/authorization-logic/multi-tenant-isolation.yaml,Multi-Tenant Isolation Audit,business-logic-domain,34,authorization-logic,expert,active,partial,critical,6-10 hours,true,false,false,false,No,Yes,Yes,Yes,Yes,Yes,Yes,No,No
business-logic-domain.authorization-logic.permission-enforcement,34-business-logic-domain/authorization-logic/permission-enforcement.yaml,Permission Enforcement Audit,business-logic-domain,34,authorization-logic,expert,active,partial,critical,4-8 hours,true,false,false,false,No,Yes,Yes,Yes,Yes,Yes,Yes,No,No
business-logic-domain.authorization-logic.resource-ownership-validation,34-business-logic-domain/authorization-logic/resource-ownership-validation.yaml,Resource Ownership Validation Audit,business-logic-domain,34,authorization-logic,expert,active,partial,critical,4-6 hours,true,false,false,false,No,Yes,Yes,Yes,Yes,Yes,Yes,No,No
business-logic-domain.authorization-logic.role-based-access-design,34-business-logic-domain/authorization-logic/role-based-access-design.yaml,Role-Based Access Design Audit,business-logic-domain,34,authorization-logic,expert,active,partial,critical,4-6 hours,false,false,false,false,No,Yes,Yes,Yes,Yes,Yes,Yes,No,No
business-logic-domain.business-rules.conditional-logic-clarity,34-business-logic-domain/business-rules/conditional-logic-clarity.yaml,Conditional Logic Clarity Audit,business-logic-domain,34,business-rules,expert,active,partial,medium,3-5 hours,false,false,false,false,No,Yes,Yes,Yes,Yes,Yes,Yes,No,No
business-logic-domain.business-rules.edge-case-coverage,34-business-logic-domain/business-rules/edge-case-coverage.yaml,Edge Case Coverage Audit,business-logic-domain,34,business-rules,expert,active,partial,high,4-6 hours,false,false,false,false,No,Yes,Yes,Yes,Yes,Yes,Yes,No,No
business-logic-domain.business-rules.exception-handling-rules,34-business-logic-domain/business-rules/exception-handling-rules.yaml,Exception Handling Rules Audit,business-logic-domain,34,business-rules,expert,active,partial,high,3-5 hours,false,false,false,false,No,Yes,Yes,Yes,Yes,Yes,Yes,No,No
business-logic-domain.business-rules.rule-completeness,34-business-logic-domain/business-rules/rule-completeness.yaml,Rule Completeness Audit,business-logic-domain,34,business-rules,expert,active,partial,high,4-8 hours,false,false,false,false,No,Yes,Yes,Yes,Yes,Yes,Yes,No,No
business-logic-domain.business-rules.rule-consistency,34-business-logic-domain/business-rules/rule-consistency.yaml,Rule Consistency Audit,business-logic-domain,34,business-rules,expert,active,partial,high,4-6 hours,false,false,false,false,No,Yes,Yes,Yes,Yes,Yes,Yes,No,No
business-logic-domain.business-rules.rule-engine-evaluation,34-business-logic-domain/business-rules/rule-engine-evaluation.yaml,Rule Engine Evaluation Audit,business-logic-domain,34,business-rules,expert,active,partial,high,4-8 hours,true,false,false,false,No,Yes,Yes,Yes,Yes,Yes,Yes,No,No
business-logic-domain.business-rules.temporal-rule-correctness,34-business-logic-domain/business-rules/temporal-rule-correctness.yaml,Temporal Rule Correctness Audit,business-logic-domain,34,business-rules,expert,active,partial,high,4-6 hours,false,false,false,false,No,Yes,Yes,Yes,Yes,Yes,Yes,No,No
business-logic-domain.calculation-logic.algorithm-correctness,34-business-logic-domain/calculation-logic/algorithm-correctness.yaml,Algorithm Correctness Audit,business-logic-domain,34,calculation-logic,expert,active,partial,high,4-8 hours,true,false,false,false,No,Yes,Yes,Yes,Yes,Yes,Yes,No,No
business-logic-domain.calculation-logic.currency-handling,34-business-logic-domain/calculation-logic/currency-handling.yaml,Currency Handling Audit,business-logic-domain,34,calculation-logic,expert,active,partial,critical,4-6 hours,false,false,false,false,No,Yes,Yes,Yes,Yes,Yes,Yes,No,No
business-logic-domain.calculation-logic.discount-promotion-logic,34-business-logic-domain/calculation-logic/discount-promotion-logic.yaml,Discount Promotion Logic Audit,business-logic-domain,34,calculation-logic,expert,active,partial,high,4-6 hours,true,false,false,false,No,Yes,Yes,Yes,Yes,Yes,Yes,No,No
business-logic-domain.calculation-logic.financial-accuracy,34-business-logic-domain/calculation-logic/financial-accuracy.yaml,Financial Accuracy Audit,business-logic-domain,34,calculation-logic,expert,active,partial,critical,6-10 hours,true,false,false,false,No,Yes,Yes,Yes,Yes,Yes,Yes,No,No
business-logic-domain.calculation-logic.pro-rata-calculation,34-business-logic-domain/calculation-logic/pro-rata-calculation.yaml,Pro-Rata Calculation Audit,business-logic-domain,34,calculation-logic,expert,active,partial,high,3-5 hours,false,false,false,false,No,Yes,Yes,Yes,Yes,Yes,Yes,No,No
business-logic-domain.calculation-logic.rounding-precision,34-business-logic-domain/calculation-logic/rounding-precision.yaml,Rounding Precision Audit,business-logic-domain,34,calculation-logic,expert,active,partial,high,3-5 hours,false,false,false,false,No,Yes,Yes,Yes,Yes,Yes,Yes,No,No
business-logic-domain.calculation-logic.tax-calculation-compliance,34-business-logic-domain/calculation-logic/tax-calculation-compliance.yaml,Tax Calculation Compliance Audit,business-logic-domain,34,calculation-logic,expert,active,partial,critical,6-10 hours,true,false,false,false,No,Yes,Yes,Yes,Yes,Yes,Yes,No,No
business-logic-domain.domain-modeling.aggregate-boundary-analysis,34-business-logic-domain/domain-modeling/aggregate-boundary-analysis.yaml,Aggregate Boundary Analysis Audit,business-logic-domain,34,domain-modeling,expert,active,partial,high,4-8 hours,false,false,false,false,No,Yes,Yes,Yes,Yes,Yes,Yes,No,No
business-logic-domain.domain-modeling.bounded-context-clarity,34-business-logic-domain/domain-modeling/bounded-context-clarity.yaml,Bounded Context Clarity Audit,business-logic-domain,34,domain-modeling,expert,active,partial,high,4-8 hours,false,false,false,false,No,Yes,Yes,Yes,Yes,Yes,Yes,No,No
business-logic-domain.domain-modeling.domain-service-responsibility,34-business-logic-domain/domain-modeling/domain-service-responsibility.yaml,Domain Service Responsibility Audit,business-logic-domain,34,domain-modeling,expert,active,partial,medium,3-6 hours,false,false,false,false,No,Yes,Yes,Yes,Yes,Yes,Yes,No,No
business-logic-domain.domain-modeling.entity-relationship-validation,34-business-logic-domain/domain-modeling/entity-relationship-validation.yaml,Entity Relationship Validation Audit,business-logic-domain,34,domain-modeling,expert,active,partial,high,3-6 hours,false,false,false,false,No,Yes,Yes,Yes,Yes,Yes,Yes,No,No
business-logic-domain.domain-modeling.repository-pattern-adherence,34-business-logic-domain/domain-modeling/repository-pattern-adherence.yaml,Repository Pattern Adherence Audit,business-logic-domain,34,domain-modeling,expert,active,partial,medium,3-5 hours,false,false,false,false,No,Yes,Yes,Yes,Yes,Yes,Yes,No,No
business-logic-domain.domain-modeling.ubiquitous-language-consistency,34-business-logic-domain/domain-modeling/ubiquitous-language-consistency.yaml,Ubiquitous Language Consistency Audit,business-logic-domain,34,domain-modeling,expert,active,partial,medium,3-5 hours,false,false,false,false,No,Yes,Yes,Yes,Yes,Yes,Yes,No,No
business-logic-domain.domain-modeling.value-object-design,34-business-logic-domain/domain-modeling/value-object-design.yaml,Value Object Design Audit,business-logic-domain,34,domain-modeling,expert,active,partial,medium,3-5 hours,false,false,false,false,No,Yes,Yes,Yes,Yes,Yes,Yes,No,No
business-logic-domain.event-handling.business-event-completeness,34-business-logic-domain/event-handling/business-event-completeness.yaml,Business Event Completeness Audit,business-logic-domain,34,event-handling,expert,active,partial,medium,3-5 hours,false,false,false,false,No,Yes,Yes,Yes,Yes,Yes,Yes,No,No
business-logic-domain.event-handling.domain-event-design,34-business-logic-domain/event-handling/domain-event-design.yaml,Domain Event Design Audit,business-logic-domain,34,event-handling,expert,active,partial,high,4-6 hours,false,false,false,false,No,Yes,Yes,Yes,Yes,Yes,Yes,No,No
business-logic-domain.event-handling.event-handler-reliability,34-business-logic-domain/event-handling/event-handler-reliability.yaml,Event Handler Reliability Audit,business-logic-domain,34,event-handling,expert,active,partial,high,4-6 hours,true,false,false,false,No,Yes,Yes,Yes,Yes,Yes,Yes,No,No
business-logic-domain.event-handling.event-ordering-consistency,34-business-logic-domain/event-handling/event-ordering-consistency.yaml,Event Ordering Consistency Audit,business-logic-domain,34,event-handling,expert,active,partial,high,4-6 hours,true,false,false,false,No,Yes,Yes,Yes,Yes,Yes,Yes,No,No
business-logic-domain.event-handling.event-schema-evolution,34-business-logic-domain/event-handling/event-schema-evolution.yaml,Event Schema Evolution Audit,business-logic-domain,34,event-handling,expert,active,partial,high,4-6 hours,false,false,false,false,No,Yes,Yes,Yes,Yes,Yes,Yes,No,No
business-logic-domain.event-handling.event-sourcing-implementation,34-business-logic-domain/event-handling/event-sourcing-implementation.yaml,Event Sourcing Implementation Audit,business-logic-domain,34,event-handling,expert,active,partial,high,6-10 hours,true,false,false,false,No,Yes,Yes,Yes,Yes,Yes,Yes,No,No
business-logic-domain.integration-contracts.contract-testing,34-business-logic-domain/integration-contracts/contract-testing.yaml,Contract Testing Audit,business-logic-domain,34,integration-contracts,expert,active,partial,high,3-5 hours,false,false,false,false,No,Yes,Yes,Yes,Yes,Yes,Yes,No,No
business-logic-domain.integration-contracts.data-exchange-format,34-business-logic-domain/integration-contracts/data-exchange-format.yaml,Data Exchange Format Audit,business-logic-domain,34,integration-contracts,expert,active,partial,medium,3-5 hours,false,false,false,false,No,Yes,Yes,Yes,Yes,Yes,Yes,No,No
business-logic-domain.integration-contracts.idempotency-handling,34-business-logic-domain/integration-contracts/idempotency-handling.yaml,Idempotency Handling Audit,business-logic-domain,34,integration-contracts,expert,active,partial,high,3-5 hours,true,false,false,false,No,Yes,Yes,Yes,Yes,Yes,Yes,No,No
business-logic-domain.integration-contracts.partner-api-compliance,34-business-logic-domain/integration-contracts/partner-api-compliance.yaml,Partner API Compliance Audit,business-logic-domain,34,integration-contracts,expert,active,partial,high,4-8 hours,true,false,false,false,No,Yes,Yes,Yes,Yes,Yes,Yes,No,No
business-logic-domain.integration-contracts.sla-compliance,34-business-logic-domain/integration-contracts/sla-compliance.yaml,SLA Compliance Audit,business-logic-domain,34,integration-contracts,expert,active,partial,high,4-6 hours,true,false,false,false,No,Yes,Yes,Yes,Yes,Yes,Yes,No,No
business-logic-domain.integration-contracts.webhook-reliability,34-business-logic-domain/integration-contracts/webhook-reliability.yaml,Webhook Reliability Audit,business-logic-domain,34,integration-contracts,expert,active,partial,high,3-5 hours,true,false,false,false,No,Yes,Yes,Yes,Yes,Yes,Yes,No,No
business-logic-domain.validation-rules.async-validation-handling,34-business-logic-domain/validation-rules/async-validation-handling.yaml,Async Validation Handling Audit,business-logic-domain,34,validation-rules,expert,active,partial,medium,3-5 hours,true,false,false,false,No,Yes,Yes,Yes,Yes,Yes,Yes,No,No
business-logic-domain.validation-rules.business-constraint-enforcement,34-business-logic-domain/validation-rules/business-constraint-enforcement.yaml,Business Constraint Enforcement Audit,business-logic-domain,34,validation-rules,expert,active,partial,high,4-6 hours,false,false,false,false,No,Yes,Yes,Yes,Yes,Yes,Yes,No,No
business-logic-domain.validation-rules.cross-field-validation,34-business-logic-domain/validation-rules/cross-field-validation.yaml,Cross-Field Validation Audit,business-logic-domain,34,validation-rules,expert,active,partial,high,3-5 hours,false,false,false,false,No,Yes,Yes,Yes,Yes,Yes,Yes,No,No
business-logic-domain.validation-rules.data-format-validation,34-business-logic-domain/validation-rules/data-format-validation.yaml,Data Format Validation Audit,business-logic-domain,34,validation-rules,expert,active,partial,medium,3-5 hours,false,false,false,false,No,Yes,Yes,Yes,Yes,Yes,Yes,No,No
business-logic-domain.validation-rules.input-validation-completeness,34-business-logic-domain/validation-rules/input-validation-completeness.yaml,Input Validation Completeness Audit,business-logic-domain,34,validation-rules,expert,active,partial,high,4-6 hours,false,false,false,false,No,Yes,Yes,Yes,Yes,Yes,Yes,No,No
business-logic-domain.validation-rules.validation-error-handling,34-business-logic-domain/validation-rules/validation-error-handling.yaml,Validation Error Handling Audit,business-logic-domain,34,validation-rules,expert,active,partial,medium,3-5 hours,false,false,false,false,No,Yes,Yes,Yes,Yes,Yes,Yes,No,No
business-logic-domain.workflow-processes.approval-workflow-security,34-business-logic-domain/workflow-processes/approval-workflow-security.yaml,Approval Workflow Security Audit,business-logic-domain,34,workflow-processes,expert,active,partial,critical,4-6 hours,false,false,false,false,No,Yes,Yes,Yes,Yes,Yes,Yes,No,No
business-logic-domain.workflow-processes.long-running-process-handling,34-business-logic-domain/workflow-processes/long-running-process-handling.yaml,Long-Running Process Handling Audit,business-logic-domain,34,workflow-processes,expert,active,partial,high,4-6 hours,true,false,false,false,No,Yes,Yes,Yes,Yes,Yes,Yes,No,No
business-logic-domain.workflow-processes.parallel-execution-correctness,34-business-logic-domain/workflow-processes/parallel-execution-correctness.yaml,Parallel Execution Correctness Audit,business-logic-domain,34,workflow-processes,expert,active,partial,high,4-6 hours,true,false,false,false,No,Yes,Yes,Yes,Yes,Yes,Yes,No,No
business-logic-domain.workflow-processes.process-boundary-definition,34-business-logic-domain/workflow-processes/process-boundary-definition.yaml,Process Boundary Definition Audit,business-logic-domain,34,workflow-processes,expert,active,partial,medium,3-5 hours,false,false,false,false,No,Yes,Yes,Yes,Yes,Yes,Yes,No,No
business-logic-domain.workflow-processes.process-orchestration,34-business-logic-domain/workflow-processes/process-orchestration.yaml,Process Orchestration Audit,business-logic-domain,34,workflow-processes,expert,active,partial,high,4-8 hours,true,false,false,false,No,Yes,Yes,Yes,Yes,Yes,Yes,No,No
business-logic-domain.workflow-processes.state-machine-integrity,34-business-logic-domain/workflow-processes/state-machine-integrity.yaml,State Machine Integrity Audit,business-logic-domain,34,workflow-processes,expert,active,partial,high,4-6 hours,false,false,false,false,No,Yes,Yes,Yes,Yes,Yes,Yes,No,No
business-logic-domain.workflow-processes.workflow-versioning,34-business-logic-domain/workflow-processes/workflow-versioning.yaml,Workflow Versioning Audit,business-logic-domain,34,workflow-processes,expert,active,partial,medium,3-5 hours,false,false,false,false,No,Yes,Yes,Yes,Yes,Yes,Yes,No,No
developer-experience.build-tooling.build-configuration-complexity,35-developer-experience/build-tooling/build-configuration-complexity.yaml,Build Configuration Complexity Audit,developer-experience,35,build-tooling,expert,active,partial,medium,2-3 hours,false,false,false,false,No,No,No,Yes,Yes,Yes,Yes,No,No
developer-experience.build-tooling.build-error-messages,35-developer-experience/build-tooling/build-error-messages.yaml,Build Error Messages Audit,developer-experience,35,build-tooling,expert,active,partial,medium,2-3 hours,true,false,false,false,No,No,No,Yes,Yes,Yes,Yes,No,No
developer-experience.build-tooling.build-time-analysis,35-developer-experience/build-tooling/build-time-analysis.yaml,Build Time Analysis Audit,developer-experience,35,build-tooling,expert,active,partial,medium,3-4 hours,true,false,false,false,No,No,No,Yes,Yes,Yes,Yes,No,No
developer-experience.build-tooling.cache-effectiveness,35-developer-experience/build-tooling/cache-effectiveness.yaml,Cache Effectiveness Audit,developer-experience,35,build-tooling,expert,active,partial,medium,2-3 hours,true,false,false,false,No,No,No,Yes,Yes,Yes,Yes,No,No
developer-experience.build-tooling.dependency-management,35-developer-experience/build-tooling/dependency-management.yaml,Dependency Management Audit,developer-experience,35,build-tooling,expert,active,partial,medium,2-3 hours,true,false,false,false,No,No,No,Yes,Yes,Yes,Yes,No,No
developer-experience.build-tooling.incremental-build-support,35-developer-experience/build-tooling/incremental-build-support.yaml,Incremental Build Support Audit,developer-experience,35,build-tooling,expert,active,partial,medium,2-3 hours,true,false,false,false,No,No,No,Yes,Yes,Yes,Yes,No,No
developer-experience.build-tooling.monorepo-tooling,35-developer-experience/build-tooling/monorepo-tooling.yaml,Monorepo Tooling Audit,developer-experience,35,build-tooling,expert,active,partial,medium,3-4 hours,true,false,false,false,No,No,No,Yes,Yes,Yes,Yes,No,No
developer-experience.code-navigation.code-documentation-display,35-developer-experience/code-navigation/code-documentation-display.yaml,Code Documentation Display Audit,developer-experience,35,code-navigation,expert,active,partial,medium,2-3 hours,false,false,false,false,No,No,No,Yes,Yes,Yes,Yes,No,No
developer-experience.code-navigation.code-search-quality,35-developer-experience/code-navigation/code-search-quality.yaml,Code Search Quality Audit,developer-experience,35,code-navigation,expert,active,partial,medium,2-3 hours,false,false,false,false,No,No,No,Yes,Yes,Yes,Yes,No,No
developer-experience.code-navigation.ide-integration,35-developer-experience/code-navigation/ide-integration.yaml,IDE Integration Audit,developer-experience,35,code-navigation,expert,active,partial,medium,2-3 hours,false,false,false,false,No,No,No,Yes,Yes,Yes,Yes,No,No
developer-experience.code-navigation.refactoring-support,35-developer-experience/code-navigation/refactoring-support.yaml,Refactoring Support Audit,developer-experience,35,code-navigation,expert,active,partial,medium,2-3 hours,false,false,false,false,No,No,No,Yes,Yes,Yes,Yes,No,No
developer-experience.code-navigation.symbol-navigation,35-developer-experience/code-navigation/symbol-navigation.yaml,Symbol Navigation Audit,developer-experience,35,code-navigation,expert,active,partial,medium,2-3 hours,false,false,false,false,No,No,No,Yes,Yes,Yes,Yes,No,No
developer-experience.code-navigation.type-information-quality,35-developer-experience/code-navigation/type-information-quality.yaml,Type Information Quality Audit,developer-experience,35,code-navigation,expert,active,partial,medium,2-3 hours,false,false,false,false,No,No,No,Yes,Yes,Yes,Yes,No,No
developer-experience.collaboration-tools.async-communication,35-developer-experience/collaboration-tools/async-communication.yaml,Async Communication Audit,developer-experience,35,collaboration-tools,expert,active,partial,medium,2-3 hours,false,false,false,false,No,No,No,Yes,Yes,Yes,Yes,No,No
developer-experience.collaboration-tools.code-sharing-tools,35-developer-experience/collaboration-tools/code-sharing-tools.yaml,Code Sharing Tools Audit,developer-experience,35,collaboration-tools,expert,active,partial,medium,2-3 hours,false,false,false,false,No,No,No,Yes,Yes,Yes,Yes,No,No
developer-experience.collaboration-tools.dev-environment-sharing,35-developer-experience/collaboration-tools/dev-environment-sharing.yaml,Dev Environment Sharing Audit,developer-experience,35,collaboration-tools,expert,active,partial,medium,2-3 hours,true,false,false,false,No,No,No,Yes,Yes,Yes,Yes,No,No
developer-experience.collaboration-tools.issue-tracking-experience,35-developer-experience/collaboration-tools/issue-tracking-experience.yaml,Issue Tracking Experience Audit,developer-experience,35,collaboration-tools,expert,active,partial,medium,2-3 hours,false,false,false,false,No,No,No,Yes,Yes,Yes,Yes,No,No
developer-experience.collaboration-tools.pair-programming-support,35-developer-experience/collaboration-tools/pair-programming-support.yaml,Pair Programming Support Audit,developer-experience,35,collaboration-tools,expert,active,partial,medium,2-3 hours,true,false,false,false,No,No,No,Yes,Yes,Yes,Yes,No,No
developer-experience.collaboration-tools.pr-review-experience,35-developer-experience/collaboration-tools/pr-review-experience.yaml,PR Review Experience Audit,developer-experience,35,collaboration-tools,expert,active,partial,medium,2-3 hours,false,false,false,false,No,No,No,Yes,Yes,Yes,Yes,No,No
developer-experience.documentation-quality.api-documentation,35-developer-experience/documentation-quality/api-documentation.yaml,API Documentation Audit,developer-experience,35,documentation-quality,expert,active,partial,medium,3-4 hours,false,false,false,false,No,No,No,Yes,Yes,Yes,Yes,No,No
developer-experience.documentation-quality.architecture-documentation,35-developer-experience/documentation-quality/architecture-documentation.yaml,Architecture Documentation Audit,developer-experience,35,documentation-quality,expert,active,partial,medium,3-4 hours,false,false,false,false,No,No,No,Yes,Yes,Yes,Yes,No,No
developer-experience.documentation-quality.code-comments,35-developer-experience/documentation-quality/code-comments.yaml,Code Comments Audit,developer-experience,35,documentation-quality,expert,active,partial,medium,2-3 hours,false,false,false,false,No,No,No,Yes,Yes,Yes,Yes,No,No
developer-experience.documentation-quality.documentation-freshness,35-developer-experience/documentation-quality/documentation-freshness.yaml,Documentation Freshness Audit,developer-experience,35,documentation-quality,expert,active,full,medium,2-3 hours,false,false,false,false,No,No,No,Yes,Yes,Yes,Yes,No,No
developer-experience.documentation-quality.readme-quality,35-developer-experience/documentation-quality/readme-quality.yaml,README Quality Audit,developer-experience,35,documentation-quality,expert,active,partial,medium,2-3 hours,false,false,false,false,No,No,No,Yes,Yes,Yes,Yes,No,No
developer-experience.documentation-quality.runbook-quality,35-developer-experience/documentation-quality/runbook-quality.yaml,Runbook Quality Audit,developer-experience,35,documentation-quality,expert,active,partial,high,3-4 hours,false,false,false,false,No,No,No,Yes,Yes,Yes,Yes,No,No
developer-experience.local-development.debug-experience,35-developer-experience/local-development/debug-experience.yaml,Debug Experience Audit,developer-experience,35,local-development,expert,active,partial,medium,2-3 hours,true,false,false,false,No,No,No,Yes,Yes,Yes,Yes,No,No
developer-experience.local-development.dev-environment-parity,35-developer-experience/local-development/dev-environment-parity.yaml,Dev Environment Parity Audit,developer-experience,35,local-development,expert,active,partial,high,3-4 hours,true,false,false,false,No,No,No,Yes,Yes,Yes,Yes,No,No
developer-experience.local-development.dev-server-performance,35-developer-experience/local-development/dev-server-performance.yaml,Dev Server Performance Audit,developer-experience,35,local-development,expert,active,partial,medium,2-3 hours,true,false,false,false,No,No,No,Yes,Yes,Yes,Yes,No,No
developer-experience.local-development.hot-reload-performance,35-developer-experience/local-development/hot-reload-performance.yaml,Hot Reload Performance Audit,developer-experience,35,local-development,expert,active,partial,medium,2-3 hours,true,false,false,false,No,No,No,Yes,Yes,Yes,Yes,No,No
developer-experience.local-development.local-data-seeding,35-developer-experience/local-development/local-data-seeding.yaml,Local Data Seeding Audit,developer-experience,35,local-development,expert,active,partial,medium,2-3 hours,true,false,false,false,No,No,No,Yes,Yes,Yes,Yes,No,No
developer-experience.local-development.local-ssl-setup,35-developer-experience/local-development/local-ssl-setup.yaml,Local SSL Setup Audit,developer-experience,35,local-development,expert,active,partial,medium,1-2 hours,true,false,false,false,No,No,No,Yes,Yes,Yes,Yes,No,No
developer-experience.local-development.service-orchestration,35-developer-experience/local-development/service-orchestration.yaml,Service Orchestration Audit,developer-experience,35,local-development,expert,active,partial,medium,2-3 hours,true,false,false,false,No,No,No,Yes,Yes,Yes,Yes,No,No
developer-experience.onboarding.access-provisioning,35-developer-experience/onboarding/access-provisioning.yaml,Access Provisioning Audit,developer-experience,35,onboarding,expert,active,partial,high,2-3 hours,false,false,false,true,No,No,No,Yes,Yes,Yes,Yes,No,No
developer-experience.onboarding.codebase-orientation,35-developer-experience/onboarding/codebase-orientation.yaml,Codebase Orientation Audit,developer-experience,35,onboarding,expert,active,partial,medium,2-3 hours,false,false,false,true,No,No,No,Yes,Yes,Yes,Yes,No,No
developer-experience.onboarding.first-pr-time,35-developer-experience/onboarding/first-pr-time.yaml,First PR Time Audit,developer-experience,35,onboarding,expert,active,partial,medium,2-3 hours,false,false,false,true,No,No,No,Yes,Yes,Yes,Yes,No,No
developer-experience.onboarding.mentorship-program,35-developer-experience/onboarding/mentorship-program.yaml,Mentorship Program Audit,developer-experience,35,onboarding,expert,active,minimal,medium,2-3 hours,false,false,false,true,No,No,No,Yes,Yes,Yes,Yes,No,No
developer-experience.onboarding.onboarding-checklist,35-developer-experience/onboarding/onboarding-checklist.yaml,Onboarding Checklist Audit,developer-experience,35,onboarding,expert,active,partial,medium,2-3 hours,false,false,false,true,No,No,No,Yes,Yes,Yes,Yes,No,No
developer-experience.onboarding.onboarding-docs-quality,35-developer-experience/onboarding/onboarding-docs-quality.yaml,Onboarding Documentation Quality Audit,developer-experience,35,onboarding,expert,active,partial,medium,2-3 hours,false,false,false,true,No,No,No,Yes,Yes,Yes,Yes,No,No
developer-experience.onboarding.setup-automation,35-developer-experience/onboarding/setup-automation.yaml,Setup Automation Audit,developer-experience,35,onboarding,expert,active,partial,medium,3-4 hours,true,false,false,true,No,No,No,Yes,Yes,Yes,Yes,No,No
developer-experience.productivity-metrics.developer-velocity,35-developer-experience/productivity-metrics/developer-velocity.yaml,Developer Velocity Audit,developer-experience,35,productivity-metrics,expert,active,partial,medium,3-4 hours,false,false,false,false,No,No,No,Yes,Yes,Yes,Yes,No,No
developer-experience.productivity-metrics.dx-improvement-tracking,35-developer-experience/productivity-metrics/dx-improvement-tracking.yaml,DX Improvement Tracking Audit,developer-experience,35,productivity-metrics,expert,active,partial,medium,2-3 hours,false,false,false,false,No,No,No,Yes,Yes,Yes,Yes,No,No
developer-experience.productivity-metrics.dx-survey,35-developer-experience/productivity-metrics/dx-survey.yaml,DX Survey Audit,developer-experience,35,productivity-metrics,expert,active,partial,medium,3-4 hours,false,false,false,true,No,No,No,Yes,Yes,Yes,Yes,No,No
developer-experience.productivity-metrics.flow-state-enablement,35-developer-experience/productivity-metrics/flow-state-enablement.yaml,Flow State Enablement Audit,developer-experience,35,productivity-metrics,expert,active,partial,medium,2-3 hours,false,false,false,false,No,No,No,Yes,Yes,Yes,Yes,No,No
developer-experience.productivity-metrics.friction-measurement,35-developer-experience/productivity-metrics/friction-measurement.yaml,Friction Measurement Audit,developer-experience,35,productivity-metrics,expert,active,partial,medium,3-4 hours,false,false,false,false,No,No,No,Yes,Yes,Yes,Yes,No,No
developer-experience.productivity-metrics.toil-measurement,35-developer-experience/productivity-metrics/toil-measurement.yaml,Toil Measurement Audit,developer-experience,35,productivity-metrics,expert,active,partial,medium,3-4 hours,false,false,false,false,No,No,No,Yes,Yes,Yes,Yes,No,No
developer-experience.testing-experience.test-data-management,35-developer-experience/testing-experience/test-data-management.yaml,Test Data Management Audit,developer-experience,35,testing-experience,expert,active,partial,medium,2-3 hours,true,false,false,false,No,No,No,Yes,Yes,Yes,Yes,No,No
developer-experience.testing-experience.test-debugging,35-developer-experience/testing-experience/test-debugging.yaml,Test Debugging Audit,developer-experience,35,testing-experience,expert,active,partial,medium,2-3 hours,true,false,false,false,No,No,No,Yes,Yes,Yes,Yes,No,No
developer-experience.testing-experience.test-execution-speed,35-developer-experience/testing-experience/test-execution-speed.yaml,Test Execution Speed Audit,developer-experience,35,testing-experience,expert,active,partial,medium,2-3 hours,true,false,false,false,No,No,No,Yes,Yes,Yes,Yes,No,No
developer-experience.testing-experience.test-feedback-quality,35-developer-experience/testing-experience/test-feedback-quality.yaml,Test Feedback Quality Audit,developer-experience,35,testing-experience,expert,active,partial,medium,2-3 hours,true,false,false,false,No,No,No,Yes,Yes,Yes,Yes,No,No
developer-experience.testing-experience.test-writing-ergonomics,35-developer-experience/testing-experience/test-writing-ergonomics.yaml,Test Writing Ergonomics Audit,developer-experience,35,testing-experience,expert,active,partial,medium,2-3 hours,false,false,false,false,No,No,No,Yes,Yes,Yes,Yes,No,No
developer-experience.testing-experience.watch-mode-experience,35-developer-experience/testing-experience/watch-mode-experience.yaml,Watch Mode Experience Audit,developer-experience,35,testing-experience,expert,active,partial,medium,2-3 hours,true,false,false,false,No,No,No,Yes,Yes,Yes,Yes,No,No
internationalization-localization.content-localization.address-formats,36-internationalization-localization/content-localization/address-formats.yaml,Address Format Localization Audit,internationalization-localization,36,content-localization,expert,active,partial,high,2-4 hours,true,false,false,false,No,Yes,No,Yes,Yes,Yes,No,Yes,No
internationalization-localization.content-localization.cultural-adaptation,36-internationalization-localization/content-localization/cultural-adaptation.yaml,Cultural Adaptation Audit,internationalization-localization,36,content-localization,expert,active,minimal,high,4-6 hours,true,false,false,false,No,Yes,No,Yes,Yes,Yes,No,Yes,No
internationalization-localization.content-localization.image-localization,36-internationalization-localization/content-localization/image-localization.yaml,Image Localization Audit,internationalization-localization,36,content-localization,expert,active,partial,medium,3-4 hours,true,false,false,false,No,Yes,No,Yes,Yes,Yes,No,Yes,No
internationalization-localization.content-localization.legal-content,36-internationalization-localization/content-localization/legal-content.yaml,Legal Content Localization Audit,internationalization-localization,36,content-localization,expert,active,partial,critical,3-5 hours,true,false,false,false,No,Yes,No,Yes,Yes,Yes,No,Yes,No
internationalization-localization.content-localization.media-localization,36-internationalization-localization/content-localization/media-localization.yaml,Media Localization Audit,internationalization-localization,36,content-localization,expert,active,partial,medium,3-5 hours,true,false,false,false,No,Yes,No,Yes,Yes,Yes,No,Yes,No
internationalization-localization.content-localization.phone-formats,36-internationalization-localization/content-localization/phone-formats.yaml,Phone Number Format Localization Audit,internationalization-localization,36,content-localization,expert,active,partial,high,2-3 hours,true,false,false,false,No,Yes,No,Yes,Yes,Yes,No,Yes,No
internationalization-localization.date-time-localization.calendar-support,36-internationalization-localization/date-time-localization/calendar-support.yaml,Calendar System Support Audit,internationalization-localization,36,date-time-localization,expert,active,partial,medium,2-4 hours,true,false,false,false,No,Yes,No,Yes,Yes,Yes,No,Yes,No
internationalization-localization.date-time-localization.date-format-consistency,36-internationalization-localization/date-time-localization/date-format-consistency.yaml,Date Format Consistency Audit,internationalization-localization,36,date-time-localization,expert,active,partial,medium,2-3 hours,true,false,false,false,No,Yes,No,Yes,Yes,Yes,No,Yes,No
internationalization-localization.date-time-localization.date-input-parsing,36-internationalization-localization/date-time-localization/date-input-parsing.yaml,Date Input and Parsing Audit,internationalization-localization,36,date-time-localization,expert,active,partial,high,2-4 hours,true,false,false,false,No,Yes,No,Yes,Yes,Yes,No,Yes,No
internationalization-localization.date-time-localization.duration-formatting,36-internationalization-localization/date-time-localization/duration-formatting.yaml,Duration Formatting Audit,internationalization-localization,36,date-time-localization,expert,active,partial,medium,2-3 hours,true,false,false,false,No,Yes,No,Yes,Yes,Yes,No,Yes,No
internationalization-localization.date-time-localization.first-day-of-week,36-internationalization-localization/date-time-localization/first-day-of-week.yaml,First Day of Week Configuration Audit,internationalization-localization,36,date-time-localization,expert,active,partial,low,1-2 hours,true,false,false,false,No,Yes,No,Yes,Yes,Yes,No,Yes,No
internationalization-localization.date-time-localization.relative-time-formatting,36-internationalization-localization/date-time-localization/relative-time-formatting.yaml,Relative Time Formatting Audit,internationalization-localization,36,date-time-localization,expert,active,partial,medium,2-3 hours,true,false,false,false,No,Yes,No,Yes,Yes,Yes,No,Yes,No
internationalization-localization.date-time-localization.timezone-handling,36-internationalization-localization/date-time-localization/timezone-handling.yaml,Timezone Handling Audit,internationalization-localization,36,date-time-localization,expert,active,partial,high,3-5 hours,true,false,false,false,No,Yes,No,Yes,Yes,Yes,No,Yes,No
internationalization-localization.locale-detection.geo-ip-detection,36-internationalization-localization/locale-detection/geo-ip-detection.yaml,Geo-IP Locale Detection Audit,internationalization-localization,36,locale-detection,expert,active,partial,medium,2-3 hours,true,false,false,false,No,Yes,No,Yes,Yes,Yes,No,Yes,No
internationalization-localization.locale-detection.locale-fallbacks,36-internationalization-localization/locale-detection/locale-fallbacks.yaml,Locale Fallback Strategy Audit,internationalization-localization,36,locale-detection,expert,active,partial,high,2-3 hours,true,false,false,false,No,Yes,No,Yes,Yes,Yes,No,Yes,No
internationalization-localization.locale-detection.locale-negotiation,36-internationalization-localization/locale-detection/locale-negotiation.yaml,Locale Negotiation Audit,internationalization-localization,36,locale-detection,expert,active,partial,medium,2-3 hours,true,false,false,false,No,Yes,No,Yes,Yes,Yes,No,Yes,No
internationalization-localization.locale-detection.url-locale-handling,36-internationalization-localization/locale-detection/url-locale-handling.yaml,URL-Based Locale Handling Audit,internationalization-localization,36,locale-detection,expert,active,partial,medium,2-3 hours,true,false,false,false,No,Yes,No,Yes,Yes,Yes,No,Yes,No
internationalization-localization.locale-detection.user-locale-detection,36-internationalization-localization/locale-detection/user-locale-detection.yaml,User Locale Detection Audit,internationalization-localization,36,locale-detection,expert,active,partial,high,2-3 hours,true,false,false,false,No,Yes,No,Yes,Yes,Yes,No,Yes,No
internationalization-localization.locale-detection.user-preferences,36-internationalization-localization/locale-detection/user-preferences.yaml,User Locale Preferences Audit,internationalization-localization,36,locale-detection,expert,active,partial,medium,2-3 hours,true,false,false,false,No,Yes,No,Yes,Yes,Yes,No,Yes,No
internationalization-localization.number-currency-formatting.currency-display,36-internationalization-localization/number-currency-formatting/currency-display.yaml,Currency Display Audit,internationalization-localization,36,number-currency-formatting,expert,active,partial,critical,3-4 hours,true,false,false,false,No,Yes,No,Yes,Yes,Yes,No,Yes,No
internationalization-localization.number-currency-formatting.decimal-precision,36-internationalization-localization/number-currency-formatting/decimal-precision.yaml,Decimal Precision Handling Audit,internationalization-localization,36,number-currency-formatting,expert,active,partial,high,2-3 hours,true,false,false,false,No,Yes,No,Yes,Yes,Yes,No,Yes,No
internationalization-localization.number-currency-formatting.number-formats,36-internationalization-localization/number-currency-formatting/number-formats.yaml,Number Formatting Audit,internationalization-localization,36,number-currency-formatting,expert,active,partial,high,2-3 hours,true,false,false,false,No,Yes,No,Yes,Yes,Yes,No,Yes,No
internationalization-localization.number-currency-formatting.numeral-systems,36-internationalization-localization/number-currency-formatting/numeral-systems.yaml,Numeral Systems Support Audit,internationalization-localization,36,number-currency-formatting,expert,active,partial,medium,2-3 hours,true,false,false,false,No,Yes,No,Yes,Yes,Yes,No,Yes,No
internationalization-localization.number-currency-formatting.percentage-formatting,36-internationalization-localization/number-currency-formatting/percentage-formatting.yaml,Percentage Formatting Audit,internationalization-localization,36,number-currency-formatting,expert,active,partial,medium,1-2 hours,true,false,false,false,No,Yes,No,Yes,Yes,Yes,No,Yes,No
internationalization-localization.number-currency-formatting.unit-formatting,36-internationalization-localization/number-currency-formatting/unit-formatting.yaml,Unit Formatting Audit,internationalization-localization,36,number-currency-formatting,expert,active,partial,medium,2-3 hours,true,false,false,false,No,Yes,No,Yes,Yes,Yes,No,Yes,No
internationalization-localization.performance-optimization.bundle-size,36-internationalization-localization/performance-optimization/bundle-size.yaml,i18n Bundle Size Optimization Audit,internationalization-localization,36,performance-optimization,expert,active,full,medium,2-3 hours,true,false,false,false,No,Yes,No,Yes,Yes,Yes,No,Yes,No
internationalization-localization.performance-optimization.caching,36-internationalization-localization/performance-optimization/caching.yaml,Translation Caching Audit,internationalization-localization,36,performance-optimization,expert,active,partial,medium,2-3 hours,true,false,false,false,No,Yes,No,Yes,Yes,Yes,No,Yes,No
internationalization-localization.performance-optimization.cdn-localization,36-internationalization-localization/performance-optimization/cdn-localization.yaml,CDN Localization Optimization Audit,internationalization-localization,36,performance-optimization,expert,active,partial,medium,2-3 hours,true,false,false,false,No,Yes,No,Yes,Yes,Yes,No,Yes,No
internationalization-localization.performance-optimization.lazy-loading,36-internationalization-localization/performance-optimization/lazy-loading.yaml,i18n Lazy Loading Audit,internationalization-localization,36,performance-optimization,expert,active,partial,medium,2-3 hours,true,false,false,false,No,Yes,No,Yes,Yes,Yes,No,Yes,No
internationalization-localization.performance-optimization.runtime-performance,36-internationalization-localization/performance-optimization/runtime-performance.yaml,i18n Runtime Performance Audit,internationalization-localization,36,performance-optimization,expert,active,partial,medium,2-4 hours,true,false,false,false,No,Yes,No,Yes,Yes,Yes,No,Yes,No
internationalization-localization.performance-optimization.ssr-optimization,36-internationalization-localization/performance-optimization/ssr-optimization.yaml,i18n SSR Optimization Audit,internationalization-localization,36,performance-optimization,expert,active,partial,medium,2-4 hours,true,false,false,false,No,Yes,No,Yes,Yes,Yes,No,Yes,No
internationalization-localization.testing-validation.functional-testing,36-internationalization-localization/testing-validation/functional-testing.yaml,i18n Functional Testing Audit,internationalization-localization,36,testing-validation,expert,active,partial,high,3-5 hours,true,false,false,false,No,Yes,No,Yes,Yes,Yes,No,Yes,No
internationalization-localization.testing-validation.linguistic-testing,36-internationalization-localization/testing-validation/linguistic-testing.yaml,Linguistic Testing Audit,internationalization-localization,36,testing-validation,expert,active,partial,high,4-6 hours,true,false,false,false,No,Yes,No,Yes,Yes,Yes,No,Yes,No
internationalization-localization.testing-validation.locale-coverage,36-internationalization-localization/testing-validation/locale-coverage.yaml,Locale Coverage Testing Audit,internationalization-localization,36,testing-validation,expert,active,partial,high,3-5 hours,true,false,false,false,No,Yes,No,Yes,Yes,Yes,No,Yes,No
internationalization-localization.testing-validation.pseudo-localization,36-internationalization-localization/testing-validation/pseudo-localization.yaml,Pseudo-localization Testing Audit,internationalization-localization,36,testing-validation,expert,active,full,medium,2-3 hours,true,false,false,false,No,Yes,No,Yes,Yes,Yes,No,Yes,No
internationalization-localization.testing-validation.rtl-testing,36-internationalization-localization/testing-validation/rtl-testing.yaml,Right-to-Left Testing Audit,internationalization-localization,36,testing-validation,expert,active,partial,high,3-4 hours,true,false,false,false,No,Yes,No,Yes,Yes,Yes,No,Yes,No
internationalization-localization.testing-validation.visual-testing,36-internationalization-localization/testing-validation/visual-testing.yaml,Localization Visual Testing Audit,internationalization-localization,36,testing-validation,expert,active,full,medium,2-4 hours,true,false,false,false,No,Yes,No,Yes,Yes,Yes,No,Yes,No
internationalization-localization.text-handling.pluralization-gender,36-internationalization-localization/text-handling/pluralization-gender.yaml,Pluralization and Grammatical Gender Audit,internationalization-localization,36,text-handling,expert,active,partial,high,3-4 hours,false,false,false,false,No,Yes,No,Yes,Yes,Yes,No,Yes,No
internationalization-localization.text-handling.rtl-support,36-internationalization-localization/text-handling/rtl-support.yaml,Right-to-Left Language Support Audit,internationalization-localization,36,text-handling,expert,active,partial,high,4-6 hours,true,false,false,false,No,Yes,No,Yes,Yes,Yes,No,Yes,No
internationalization-localization.text-handling.string-concatenation-issues,36-internationalization-localization/text-handling/string-concatenation-issues.yaml,String Concatenation Issues Audit,internationalization-localization,36,text-handling,expert,active,full,high,2-3 hours,false,false,false,false,No,Yes,No,Yes,Yes,Yes,No,Yes,No
internationalization-localization.text-handling.string-externalization,36-internationalization-localization/text-handling/string-externalization.yaml,String Externalization Audit,internationalization-localization,36,text-handling,expert,active,full,high,3-5 hours,false,false,false,false,No,Yes,No,Yes,Yes,Yes,No,Yes,No
internationalization-localization.text-handling.text-expansion,36-internationalization-localization/text-handling/text-expansion.yaml,Text Expansion Handling Audit,internationalization-localization,36,text-handling,expert,active,partial,medium,3-4 hours,true,false,false,false,No,Yes,No,Yes,Yes,Yes,No,Yes,No
internationalization-localization.text-handling.text-rendering,36-internationalization-localization/text-handling/text-rendering.yaml,International Text Rendering Audit,internationalization-localization,36,text-handling,expert,active,partial,medium,2-4 hours,true,false,false,false,No,Yes,No,Yes,Yes,Yes,No,Yes,No
internationalization-localization.text-handling.unicode-support,36-internationalization-localization/text-handling/unicode-support.yaml,Unicode Support Audit,internationalization-localization,36,text-handling,expert,active,partial,high,3-4 hours,true,false,false,false,No,Yes,No,Yes,Yes,Yes,No,Yes,No
internationalization-localization.translation-management.context-provision,36-internationalization-localization/translation-management/context-provision.yaml,Translation Context Provision Audit,internationalization-localization,36,translation-management,expert,active,partial,medium,2-3 hours,false,false,false,false,No,Yes,No,Yes,Yes,Yes,No,Yes,No
internationalization-localization.translation-management.terminology-management,36-internationalization-localization/translation-management/terminology-management.yaml,Terminology Management Audit,internationalization-localization,36,translation-management,expert,active,partial,medium,2-4 hours,false,false,false,false,No,Yes,No,Yes,Yes,Yes,No,Yes,No
internationalization-localization.translation-management.tms-integration,36-internationalization-localization/translation-management/tms-integration.yaml,Translation Management System Integration Audit,internationalization-localization,36,translation-management,expert,active,partial,medium,2-3 hours,false,false,false,false,No,Yes,No,Yes,Yes,Yes,No,Yes,No
internationalization-localization.translation-management.translation-completeness,36-internationalization-localization/translation-management/translation-completeness.yaml,Translation Completeness Audit,internationalization-localization,36,translation-management,expert,active,full,high,2-4 hours,false,false,false,false,No,Yes,No,Yes,Yes,Yes,No,Yes,No
internationalization-localization.translation-management.translation-memory,36-internationalization-localization/translation-management/translation-memory.yaml,Translation Memory Audit,internationalization-localization,36,translation-management,expert,active,partial,medium,2-3 hours,false,false,false,false,No,Yes,No,Yes,Yes,Yes,No,Yes,No
internationalization-localization.translation-management.translation-quality,36-internationalization-localization/translation-management/translation-quality.yaml,Translation Quality Audit,internationalization-localization,36,translation-management,expert,active,partial,high,3-5 hours,true,false,false,false,No,Yes,No,Yes,Yes,Yes,No,Yes,No
internationalization-localization.translation-management.workflow-efficiency,36-internationalization-localization/translation-management/workflow-efficiency.yaml,Translation Workflow Efficiency Audit,internationalization-localization,36,translation-management,expert,active,partial,medium,3-4 hours,false,false,false,false,No,Yes,No,Yes,Yes,Yes,No,Yes,No
machine-learning-ai.data-quality.data-augmentation-practices,37-machine-learning-ai/data-quality/data-augmentation-practices.yaml,Data Augmentation Practices Audit,machine-learning-ai,37,data-quality,expert,active,partial,medium,3-5 hours,true,false,false,false,No,No,No,Yes,Yes,Yes,Yes,Yes,Yes
machine-learning-ai.data-quality.data-drift-detection,37-machine-learning-ai/data-quality/data-drift-detection.yaml,Data Drift Detection Audit,machine-learning-ai,37,data-quality,expert,active,partial,high,4-6 hours,true,false,false,false,No,No,No,Yes,Yes,Yes,Yes,Yes,Yes
machine-learning-ai.data-quality.data-labeling-quality,37-machine-learning-ai/data-quality/data-labeling-quality.yaml,Data Labeling Quality Audit,machine-learning-ai,37,data-quality,expert,active,partial,high,4-6 hours,true,false,false,false,No,No,No,Yes,Yes,Yes,Yes,Yes,Yes
machine-learning-ai.data-quality.data-leakage-detection,37-machine-learning-ai/data-quality/data-leakage-detection.yaml,Data Leakage Detection Audit,machine-learning-ai,37,data-quality,expert,active,partial,critical,4-6 hours,true,false,false,false,No,No,No,Yes,Yes,Yes,Yes,Yes,Yes
machine-learning-ai.data-quality.data-pipeline-reliability,37-machine-learning-ai/data-quality/data-pipeline-reliability.yaml,Data Pipeline Reliability Audit,machine-learning-ai,37,data-quality,expert,active,partial,high,4-6 hours,true,false,false,false,No,No,No,Yes,Yes,Yes,Yes,Yes,Yes
machine-learning-ai.data-quality.synthetic-data-quality,37-machine-learning-ai/data-quality/synthetic-data-quality.yaml,Synthetic Data Quality Audit,machine-learning-ai,37,data-quality,expert,active,partial,high,4-6 hours,true,false,false,false,No,No,No,Yes,Yes,Yes,Yes,Yes,Yes
machine-learning-ai.data-quality.training-data-quality,37-machine-learning-ai/data-quality/training-data-quality.yaml,Training Data Quality Audit,machine-learning-ai,37,data-quality,expert,active,partial,critical,5-8 hours,true,false,false,false,No,No,No,Yes,Yes,Yes,Yes,Yes,Yes
machine-learning-ai.llm-operations.hallucination-detection,37-machine-learning-ai/llm-operations/hallucination-detection.yaml,Hallucination Detection Audit,machine-learning-ai,37,llm-operations,expert,active,partial,critical,4-6 hours,true,false,false,false,No,No,No,Yes,Yes,Yes,Yes,Yes,Yes
machine-learning-ai.llm-operations.llm-cost-optimization,37-machine-learning-ai/llm-operations/llm-cost-optimization.yaml,LLM Cost Optimization Audit,machine-learning-ai,37,llm-operations,expert,active,partial,medium,3-5 hours,true,false,false,false,No,No,No,Yes,Yes,Yes,Yes,Yes,Yes
machine-learning-ai.llm-operations.llm-evaluation,37-machine-learning-ai/llm-operations/llm-evaluation.yaml,LLM Evaluation Audit,machine-learning-ai,37,llm-operations,expert,active,partial,high,4-6 hours,true,false,false,false,No,No,No,Yes,Yes,Yes,Yes,Yes,Yes
machine-learning-ai.llm-operations.llm-integration,37-machine-learning-ai/llm-operations/llm-integration.yaml,LLM Integration Audit,machine-learning-ai,37,llm-operations,expert,active,partial,high,3-5 hours,true,false,false,false,No,No,No,Yes,Yes,Yes,Yes,Yes,Yes
machine-learning-ai.llm-operations.llm-safety,37-machine-learning-ai/llm-operations/llm-safety.yaml,LLM Safety Audit,machine-learning-ai,37,llm-operations,expert,active,partial,critical,5-7 hours,true,false,false,false,No,No,No,Yes,Yes,Yes,Yes,Yes,Yes
machine-learning-ai.llm-operations.prompt-management,37-machine-learning-ai/llm-operations/prompt-management.yaml,Prompt Management Audit,machine-learning-ai,37,llm-operations,expert,active,partial,high,3-5 hours,true,false,false,false,No,No,No,Yes,Yes,Yes,Yes,Yes,Yes
machine-learning-ai.llm-operations.rag-quality,37-machine-learning-ai/llm-operations/rag-quality.yaml,RAG Quality Audit,machine-learning-ai,37,llm-operations,expert,active,partial,high,5-7 hours,true,false,false,false,No,No,No,Yes,Yes,Yes,Yes,Yes,Yes
machine-learning-ai.mlops-infrastructure.compute-resource-management,37-machine-learning-ai/mlops-infrastructure/compute-resource-management.yaml,Compute Resource Management Audit,machine-learning-ai,37,mlops-infrastructure,expert,active,partial,medium,3-5 hours,true,false,false,false,No,No,No,Yes,Yes,Yes,Yes,Yes,Yes
machine-learning-ai.mlops-infrastructure.experiment-tracking,37-machine-learning-ai/mlops-infrastructure/experiment-tracking.yaml,Experiment Tracking Audit,machine-learning-ai,37,mlops-infrastructure,expert,active,partial,medium,3-5 hours,true,false,false,false,No,No,No,Yes,Yes,Yes,Yes,Yes,Yes
machine-learning-ai.mlops-infrastructure.feature-store-management,37-machine-learning-ai/mlops-infrastructure/feature-store-management.yaml,Feature Store Management Audit,machine-learning-ai,37,mlops-infrastructure,expert,active,partial,high,4-6 hours,true,false,false,false,No,No,No,Yes,Yes,Yes,Yes,Yes,Yes
machine-learning-ai.mlops-infrastructure.ml-ci-cd,37-machine-learning-ai/mlops-infrastructure/ml-ci-cd.yaml,ML CI/CD Audit,machine-learning-ai,37,mlops-infrastructure,expert,active,partial,high,4-6 hours,true,false,false,false,No,No,No,Yes,Yes,Yes,Yes,Yes,Yes
machine-learning-ai.mlops-infrastructure.ml-pipeline-orchestration,37-machine-learning-ai/mlops-infrastructure/ml-pipeline-orchestration.yaml,ML Pipeline Orchestration Audit,machine-learning-ai,37,mlops-infrastructure,expert,active,partial,high,4-6 hours,true,false,false,false,No,No,No,Yes,Yes,Yes,Yes,Yes,Yes
machine-learning-ai.mlops-infrastructure.model-registry-management,37-machine-learning-ai/mlops-infrastructure/model-registry-management.yaml,Model Registry Management Audit,machine-learning-ai,37,mlops-infrastructure,expert,active,partial,high,3-5 hours,true,false,false,false,No,No,No,Yes,Yes,Yes,Yes,Yes,Yes
machine-learning-ai.model-deployment.ab-testing,37-machine-learning-ai/model-deployment/ab-testing.yaml,A/B Testing for ML Models Audit,machine-learning-ai,37,model-deployment,expert,active,partial,high,4-6 hours,true,false,false,false,No,No,No,Yes,Yes,Yes,Yes,Yes,Yes
machine-learning-ai.model-deployment.model-containerization,37-machine-learning-ai/model-deployment/model-containerization.yaml,Model Containerization Audit,machine-learning-ai,37,model-deployment,expert,active,partial,medium,3-5 hours,true,false,false,false,No,No,No,Yes,Yes,Yes,Yes,Yes,Yes
machine-learning-ai.model-deployment.model-optimization,37-machine-learning-ai/model-deployment/model-optimization.yaml,Model Optimization Audit,machine-learning-ai,37,model-deployment,expert,active,partial,medium,4-6 hours,true,false,false,false,No,No,No,Yes,Yes,Yes,Yes,Yes,Yes
machine-learning-ai.model-deployment.model-serving,37-machine-learning-ai/model-deployment/model-serving.yaml,Model Serving Audit,machine-learning-ai,37,model-deployment,expert,active,partial,high,5-7 hours,true,false,false,false,No,No,No,Yes,Yes,Yes,Yes,Yes,Yes
machine-learning-ai.model-deployment.model-versioning,37-machine-learning-ai/model-deployment/model-versioning.yaml,Model Versioning Audit,machine-learning-ai,37,model-deployment,expert,active,partial,high,3-5 hours,true,false,false,false,No,No,No,Yes,Yes,Yes,Yes,Yes,Yes
machine-learning-ai.model-deployment.progressive-rollout,37-machine-learning-ai/model-deployment/progressive-rollout.yaml,Progressive Rollout Audit,machine-learning-ai,37,model-deployment,expert,active,partial,high,3-5 hours,true,false,false,false,No,No,No,Yes,Yes,Yes,Yes,Yes,Yes
machine-learning-ai.model-development.feature-engineering-quality,37-machine-learning-ai/model-development/feature-engineering-quality.yaml,Feature Engineering Quality Audit,machine-learning-ai,37,model-development,expert,active,partial,high,4-6 hours,true,false,false,false,No,No,No,Yes,Yes,Yes,Yes,Yes,Yes
machine-learning-ai.model-development.hyperparameter-tuning,37-machine-learning-ai/model-development/hyperparameter-tuning.yaml,Hyperparameter Tuning Audit,machine-learning-ai,37,model-development,expert,active,partial,medium,3-5 hours,true,false,false,false,No,No,No,Yes,Yes,Yes,Yes,Yes,Yes
machine-learning-ai.model-development.model-architecture-design,37-machine-learning-ai/model-development/model-architecture-design.yaml,Model Architecture Design Audit,machine-learning-ai,37,model-development,expert,active,partial,high,4-6 hours,true,false,false,false,No,No,No,Yes,Yes,Yes,Yes,Yes,Yes
machine-learning-ai.model-development.model-reproducibility,37-machine-learning-ai/model-development/model-reproducibility.yaml,Model Reproducibility Audit,machine-learning-ai,37,model-development,expert,active,partial,high,3-5 hours,true,false,false,false,No,No,No,Yes,Yes,Yes,Yes,Yes,Yes
machine-learning-ai.model-development.model-selection-process,37-machine-learning-ai/model-development/model-selection-process.yaml,Model Selection Process Audit,machine-learning-ai,37,model-development,expert,active,partial,high,4-6 hours,true,false,false,false,No,No,No,Yes,Yes,Yes,Yes,Yes,Yes
machine-learning-ai.model-development.training-pipeline-quality,37-machine-learning-ai/model-development/training-pipeline-quality.yaml,Training Pipeline Quality Audit,machine-learning-ai,37,model-development,expert,active,partial,high,5-7 hours,true,false,false,false,No,No,No,Yes,Yes,Yes,Yes,Yes,Yes
machine-learning-ai.model-development.transfer-learning-practices,37-machine-learning-ai/model-development/transfer-learning-practices.yaml,Transfer Learning Practices Audit,machine-learning-ai,37,model-development,expert,active,partial,medium,3-5 hours,true,false,false,false,No,No,No,Yes,Yes,Yes,Yes,Yes,Yes
machine-learning-ai.model-monitoring.alerting-configuration,37-machine-learning-ai/model-monitoring/alerting-configuration.yaml,Alerting Configuration Audit,machine-learning-ai,37,model-monitoring,expert,active,partial,high,3-5 hours,true,false,false,false,No,No,No,Yes,Yes,Yes,Yes,Yes,Yes
machine-learning-ai.model-monitoring.drift-detection-monitoring,37-machine-learning-ai/model-monitoring/drift-detection-monitoring.yaml,Drift Detection Monitoring Audit,machine-learning-ai,37,model-monitoring,expert,active,partial,high,4-6 hours,true,false,false,false,No,No,No,Yes,Yes,Yes,Yes,Yes,Yes
machine-learning-ai.model-monitoring.incident-response,37-machine-learning-ai/model-monitoring/incident-response.yaml,Incident Response Audit,machine-learning-ai,37,model-monitoring,expert,active,partial,high,3-5 hours,true,false,false,false,No,No,No,Yes,Yes,Yes,Yes,Yes,Yes
machine-learning-ai.model-monitoring.model-health-dashboards,37-machine-learning-ai/model-monitoring/model-health-dashboards.yaml,Model Health Dashboards Audit,machine-learning-ai,37,model-monitoring,expert,active,partial,medium,2-4 hours,true,false,false,false,No,No,No,Yes,Yes,Yes,Yes,Yes,Yes
machine-learning-ai.model-monitoring.performance-monitoring,37-machine-learning-ai/model-monitoring/performance-monitoring.yaml,Performance Monitoring Audit,machine-learning-ai,37,model-monitoring,expert,active,partial,critical,4-6 hours,true,false,false,false,No,No,No,Yes,Yes,Yes,Yes,Yes,Yes
machine-learning-ai.model-monitoring.prediction-logging,37-machine-learning-ai/model-monitoring/prediction-logging.yaml,Prediction Logging Audit,machine-learning-ai,37,model-monitoring,expert,active,partial,high,3-5 hours,true,false,false,false,No,No,No,Yes,Yes,Yes,Yes,Yes,Yes
machine-learning-ai.model-validation.cross-validation-practices,37-machine-learning-ai/model-validation/cross-validation-practices.yaml,Cross-Validation Practices Audit,machine-learning-ai,37,model-validation,expert,active,partial,high,3-4 hours,true,false,false,false,No,No,No,Yes,Yes,Yes,Yes,Yes,Yes
machine-learning-ai.model-validation.error-analysis,37-machine-learning-ai/model-validation/error-analysis.yaml,Error Analysis Audit,machine-learning-ai,37,model-validation,expert,active,partial,medium,4-6 hours,true,false,false,false,No,No,No,Yes,Yes,Yes,Yes,Yes,Yes
machine-learning-ai.model-validation.evaluation-metrics,37-machine-learning-ai/model-validation/evaluation-metrics.yaml,Evaluation Metrics Audit,machine-learning-ai,37,model-validation,expert,active,partial,high,3-5 hours,true,false,false,false,No,No,No,Yes,Yes,Yes,Yes,Yes,Yes
machine-learning-ai.model-validation.model-calibration,37-machine-learning-ai/model-validation/model-calibration.yaml,Model Calibration Audit,machine-learning-ai,37,model-validation,expert,active,partial,high,3-5 hours,true,false,false,false,No,No,No,Yes,Yes,Yes,Yes,Yes,Yes
machine-learning-ai.model-validation.model-robustness-testing,37-machine-learning-ai/model-validation/model-robustness-testing.yaml,Model Robustness Testing Audit,machine-learning-ai,37,model-validation,expert,active,partial,high,4-6 hours,true,false,false,false,No,No,No,Yes,Yes,Yes,Yes,Yes,Yes
machine-learning-ai.model-validation.model-testing,37-machine-learning-ai/model-validation/model-testing.yaml,Model Testing Audit,machine-learning-ai,37,model-validation,expert,active,partial,critical,5-7 hours,true,false,false,false,No,No,No,Yes,Yes,Yes,Yes,Yes,Yes
machine-learning-ai.responsible-ai.bias-detection,37-machine-learning-ai/responsible-ai/bias-detection.yaml,Bias Detection Audit,machine-learning-ai,37,responsible-ai,expert,active,partial,critical,5-8 hours,true,false,true,false,No,No,No,Yes,Yes,Yes,Yes,Yes,Yes
machine-learning-ai.responsible-ai.explainability-implementation,37-machine-learning-ai/responsible-ai/explainability-implementation.yaml,Explainability Implementation Audit,machine-learning-ai,37,responsible-ai,expert,active,partial,high,4-6 hours,true,false,false,false,No,No,No,Yes,Yes,Yes,Yes,Yes,Yes
machine-learning-ai.responsible-ai.fairness-metrics,37-machine-learning-ai/responsible-ai/fairness-metrics.yaml,Fairness Metrics Audit,machine-learning-ai,37,responsible-ai,expert,active,partial,high,4-6 hours,true,false,false,false,No,No,No,Yes,Yes,Yes,Yes,Yes,Yes
machine-learning-ai.responsible-ai.human-oversight,37-machine-learning-ai/responsible-ai/human-oversight.yaml,Human Oversight Audit,machine-learning-ai,37,responsible-ai,expert,active,partial,high,4-6 hours,true,false,false,false,No,No,No,Yes,Yes,Yes,Yes,Yes,Yes
machine-learning-ai.responsible-ai.model-transparency,37-machine-learning-ai/responsible-ai/model-transparency.yaml,Model Transparency Audit,machine-learning-ai,37,responsible-ai,expert,active,partial,high,3-5 hours,true,false,false,false,No,No,No,Yes,Yes,Yes,Yes,Yes,Yes
machine-learning-ai.responsible-ai.privacy-in-ml,37-machine-learning-ai/responsible-ai/privacy-in-ml.yaml,Privacy in ML Audit,machine-learning-ai,37,responsible-ai,expert,active,partial,critical,5-7 hours,true,false,false,false,No,No,No,Yes,Yes,Yes,Yes,Yes,Yes
sensors-physical-systems.actuator-control.feedback-loop-tuning,38-sensors-physical-systems/actuator-control/feedback-loop-tuning.yaml,Feedback Loop Tuning Audit,sensors-physical-systems,38,actuator-control,expert,active,partial,high,4-6 hours,true,false,false,false,No,No,No,Yes,Yes,Yes,Yes,No,No
sensors-physical-systems.actuator-control.hydraulic-systems,38-sensors-physical-systems/actuator-control/hydraulic-systems.yaml,Hydraulic Systems Audit,sensors-physical-systems,38,actuator-control,expert,active,partial,high,5-7 hours,true,false,false,false,No,No,No,Yes,Yes,Yes,Yes,No,No
sensors-physical-systems.actuator-control.motor-control,38-sensors-physical-systems/actuator-control/motor-control.yaml,Motor Control Audit,sensors-physical-systems,38,actuator-control,expert,active,partial,high,5-7 hours,true,true,false,false,No,No,No,Yes,Yes,Yes,Yes,No,No
sensors-physical-systems.actuator-control.output-verification,38-sensors-physical-systems/actuator-control/output-verification.yaml,Output Verification Audit,sensors-physical-systems,38,actuator-control,expert,active,partial,high,4-6 hours,true,false,false,false,No,No,No,Yes,Yes,Yes,Yes,No,No
sensors-physical-systems.actuator-control.pneumatic-systems,38-sensors-physical-systems/actuator-control/pneumatic-systems.yaml,Pneumatic Systems Audit,sensors-physical-systems,38,actuator-control,expert,active,partial,medium,4-5 hours,true,false,false,false,No,No,No,Yes,Yes,Yes,Yes,No,No
sensors-physical-systems.actuator-control.servo-systems,38-sensors-physical-systems/actuator-control/servo-systems.yaml,Servo Systems Audit,sensors-physical-systems,38,actuator-control,expert,active,partial,high,5-7 hours,true,false,false,false,No,No,No,Yes,Yes,Yes,Yes,No,No
sensors-physical-systems.actuator-control.valve-control,38-sensors-physical-systems/actuator-control/valve-control.yaml,Valve Control Audit,sensors-physical-systems,38,actuator-control,expert,active,partial,high,4-6 hours,true,false,false,false,No,No,No,Yes,Yes,Yes,Yes,No,No
sensors-physical-systems.data-acquisition.adc-resolution-accuracy,38-sensors-physical-systems/data-acquisition/adc-resolution-accuracy.yaml,ADC Resolution and Accuracy Audit,sensors-physical-systems,38,data-acquisition,expert,active,partial,high,4-6 hours,true,true,false,false,No,No,No,Yes,Yes,Yes,Yes,No,No
sensors-physical-systems.data-acquisition.data-buffering-storage,38-sensors-physical-systems/data-acquisition/data-buffering-storage.yaml,Data Buffering and Storage Audit,sensors-physical-systems,38,data-acquisition,expert,active,partial,medium,3-5 hours,true,false,false,false,No,No,No,Yes,Yes,Yes,Yes,No,No
sensors-physical-systems.data-acquisition.data-quality-validation,38-sensors-physical-systems/data-acquisition/data-quality-validation.yaml,Data Quality Validation Audit,sensors-physical-systems,38,data-acquisition,expert,active,partial,high,4-6 hours,true,false,false,false,No,No,No,Yes,Yes,Yes,Yes,No,No
sensors-physical-systems.data-acquisition.noise-interference-mitigation,38-sensors-physical-systems/data-acquisition/noise-interference-mitigation.yaml,Noise and Interference Mitigation Audit,sensors-physical-systems,38,data-acquisition,expert,active,partial,high,5-7 hours,true,false,false,false,No,No,No,Yes,Yes,Yes,Yes,No,No
sensors-physical-systems.data-acquisition.sampling-rate-optimization,38-sensors-physical-systems/data-acquisition/sampling-rate-optimization.yaml,Sampling Rate Optimization Audit,sensors-physical-systems,38,data-acquisition,expert,active,partial,medium,3-5 hours,true,false,false,false,No,No,No,Yes,Yes,Yes,Yes,No,No
sensors-physical-systems.data-acquisition.signal-processing,38-sensors-physical-systems/data-acquisition/signal-processing.yaml,Signal Processing Audit,sensors-physical-systems,38,data-acquisition,expert,active,partial,high,5-7 hours,true,false,false,false,No,No,No,Yes,Yes,Yes,Yes,No,No
sensors-physical-systems.data-acquisition.time-synchronization,38-sensors-physical-systems/data-acquisition/time-synchronization.yaml,Time Synchronization Audit,sensors-physical-systems,38,data-acquisition,expert,active,partial,high,4-6 hours,true,false,false,false,No,No,No,Yes,Yes,Yes,Yes,No,No
sensors-physical-systems.environmental-monitoring.air-quality-monitoring,38-sensors-physical-systems/environmental-monitoring/air-quality-monitoring.yaml,Air Quality Monitoring Audit,sensors-physical-systems,38,environmental-monitoring,expert,active,partial,high,4-6 hours,true,false,false,false,No,No,No,Yes,Yes,Yes,Yes,No,No
sensors-physical-systems.environmental-monitoring.humidity-monitoring,38-sensors-physical-systems/environmental-monitoring/humidity-monitoring.yaml,Humidity Monitoring Audit,sensors-physical-systems,38,environmental-monitoring,expert,active,partial,medium,3-5 hours,true,false,false,false,No,No,No,Yes,Yes,Yes,Yes,No,No
sensors-physical-systems.environmental-monitoring.hvac-monitoring,38-sensors-physical-systems/environmental-monitoring/hvac-monitoring.yaml,HVAC Monitoring Audit,sensors-physical-systems,38,environmental-monitoring,expert,active,partial,medium,4-5 hours,true,false,false,false,No,No,No,Yes,Yes,Yes,Yes,No,No
sensors-physical-systems.environmental-monitoring.liquid-level-sensing,38-sensors-physical-systems/environmental-monitoring/liquid-level-sensing.yaml,Liquid Level Sensing Audit,sensors-physical-systems,38,environmental-monitoring,expert,active,partial,high,4-5 hours,true,false,false,false,No,No,No,Yes,Yes,Yes,Yes,No,No
sensors-physical-systems.environmental-monitoring.pressure-sensing,38-sensors-physical-systems/environmental-monitoring/pressure-sensing.yaml,Pressure Sensing Audit,sensors-physical-systems,38,environmental-monitoring,expert,active,partial,high,4-6 hours,true,false,false,false,No,No,No,Yes,Yes,Yes,Yes,No,No
sensors-physical-systems.environmental-monitoring.temperature-sensing,38-sensors-physical-systems/environmental-monitoring/temperature-sensing.yaml,Temperature Sensing Audit,sensors-physical-systems,38,environmental-monitoring,expert,active,partial,high,4-6 hours,true,false,false,false,No,No,No,Yes,Yes,Yes,Yes,No,No
sensors-physical-systems.environmental-monitoring.vibration-monitoring,38-sensors-physical-systems/environmental-monitoring/vibration-monitoring.yaml,Vibration Monitoring Audit,sensors-physical-systems,38,environmental-monitoring,expert,active,partial,high,5-7 hours,true,false,false,false,No,No,No,Yes,Yes,Yes,Yes,No,No
sensors-physical-systems.hardware-interfaces.analog-signal-conditioning,38-sensors-physical-systems/hardware-interfaces/analog-signal-conditioning.yaml,Analog Signal Conditioning Audit,sensors-physical-systems,38,hardware-interfaces,expert,active,partial,high,4-6 hours,true,false,false,false,No,No,No,Yes,Yes,Yes,Yes,No,No
sensors-physical-systems.hardware-interfaces.can-bus-implementation,38-sensors-physical-systems/hardware-interfaces/can-bus-implementation.yaml,CAN Bus Implementation Audit,sensors-physical-systems,38,hardware-interfaces,expert,active,partial,high,4-6 hours,true,false,false,false,No,No,No,Yes,Yes,Yes,Yes,No,No
sensors-physical-systems.hardware-interfaces.fieldbus-integration,38-sensors-physical-systems/hardware-interfaces/fieldbus-integration.yaml,Fieldbus Integration Audit,sensors-physical-systems,38,hardware-interfaces,expert,active,partial,high,5-7 hours,true,false,false,false,No,No,No,Yes,Yes,Yes,Yes,No,No
sensors-physical-systems.hardware-interfaces.gpio-management,38-sensors-physical-systems/hardware-interfaces/gpio-management.yaml,GPIO Management Audit,sensors-physical-systems,38,hardware-interfaces,expert,active,partial,medium,3-4 hours,true,false,false,false,No,No,No,Yes,Yes,Yes,Yes,No,No
sensors-physical-systems.hardware-interfaces.i2c-reliability,38-sensors-physical-systems/hardware-interfaces/i2c-reliability.yaml,I2C Reliability Audit,sensors-physical-systems,38,hardware-interfaces,expert,active,partial,medium,3-5 hours,true,false,false,false,No,No,No,Yes,Yes,Yes,Yes,No,No
sensors-physical-systems.hardware-interfaces.spi-configuration,38-sensors-physical-systems/hardware-interfaces/spi-configuration.yaml,SPI Configuration Audit,sensors-physical-systems,38,hardware-interfaces,expert,active,partial,medium,3-4 hours,true,false,false,false,No,No,No,Yes,Yes,Yes,Yes,No,No
sensors-physical-systems.hardware-interfaces.uart-integrity,38-sensors-physical-systems/hardware-interfaces/uart-integrity.yaml,UART Integrity Audit,sensors-physical-systems,38,hardware-interfaces,expert,active,partial,medium,3-4 hours,true,false,false,false,No,No,No,Yes,Yes,Yes,Yes,No,No
sensors-physical-systems.physical-security.access-control-integration,38-sensors-physical-systems/physical-security/access-control-integration.yaml,Access Control Integration Audit,sensors-physical-systems,38,physical-security,expert,active,partial,high,4-5 hours,true,false,false,false,No,No,No,Yes,Yes,Yes,Yes,No,No
sensors-physical-systems.physical-security.enclosure-security,38-sensors-physical-systems/physical-security/enclosure-security.yaml,Enclosure Security Audit,sensors-physical-systems,38,physical-security,expert,active,partial,medium,3-5 hours,true,false,false,false,No,No,No,Yes,Yes,Yes,Yes,No,No
sensors-physical-systems.physical-security.environmental-threat-protection,38-sensors-physical-systems/physical-security/environmental-threat-protection.yaml,Environmental Threat Protection Audit,sensors-physical-systems,38,physical-security,expert,active,partial,high,4-5 hours,true,false,false,false,No,No,No,Yes,Yes,Yes,Yes,No,No
sensors-physical-systems.physical-security.intrusion-detection,38-sensors-physical-systems/physical-security/intrusion-detection.yaml,Intrusion Detection Audit,sensors-physical-systems,38,physical-security,expert,active,partial,high,4-5 hours,true,false,false,false,No,No,No,Yes,Yes,Yes,Yes,No,No
sensors-physical-systems.physical-security.surveillance-integration,38-sensors-physical-systems/physical-security/surveillance-integration.yaml,Surveillance Integration Audit,sensors-physical-systems,38,physical-security,expert,active,partial,medium,4-5 hours,true,false,false,false,No,No,No,Yes,Yes,Yes,Yes,No,No
sensors-physical-systems.physical-security.tamper-detection,38-sensors-physical-systems/physical-security/tamper-detection.yaml,Tamper Detection Audit,sensors-physical-systems,38,physical-security,expert,active,partial,high,4-6 hours,true,false,false,false,No,No,No,Yes,Yes,Yes,Yes,No,No
sensors-physical-systems.power-management.battery-systems,38-sensors-physical-systems/power-management/battery-systems.yaml,Battery Systems Audit,sensors-physical-systems,38,power-management,expert,active,partial,high,4-6 hours,true,false,false,false,No,No,No,Yes,Yes,Yes,Yes,No,No
sensors-physical-systems.power-management.energy-efficiency,38-sensors-physical-systems/power-management/energy-efficiency.yaml,Energy Efficiency Audit,sensors-physical-systems,38,power-management,expert,active,partial,medium,4-6 hours,true,false,false,false,No,No,No,Yes,Yes,Yes,Yes,No,No
sensors-physical-systems.power-management.power-quality,38-sensors-physical-systems/power-management/power-quality.yaml,Power Quality Audit,sensors-physical-systems,38,power-management,expert,active,partial,high,5-7 hours,true,false,false,false,No,No,No,Yes,Yes,Yes,Yes,No,No
sensors-physical-systems.power-management.power-redundancy,38-sensors-physical-systems/power-management/power-redundancy.yaml,Power Redundancy Audit,sensors-physical-systems,38,power-management,expert,active,partial,high,5-7 hours,true,false,false,false,No,No,No,Yes,Yes,Yes,Yes,No,No
sensors-physical-systems.power-management.power-supply-monitoring,38-sensors-physical-systems/power-management/power-supply-monitoring.yaml,Power Supply Monitoring Audit,sensors-physical-systems,38,power-management,expert,active,partial,high,4-5 hours,true,false,false,false,No,No,No,Yes,Yes,Yes,Yes,No,No
sensors-physical-systems.power-management.ups-systems,38-sensors-physical-systems/power-management/ups-systems.yaml,UPS Systems Audit,sensors-physical-systems,38,power-management,expert,active,partial,high,4-6 hours,true,false,false,false,No,No,No,Yes,Yes,Yes,Yes,No,No
sensors-physical-systems.safety-systems.emergency-stop-coverage,38-sensors-physical-systems/safety-systems/emergency-stop-coverage.yaml,Emergency Stop Coverage Audit,sensors-physical-systems,38,safety-systems,expert,active,partial,critical,4-6 hours,true,true,false,false,No,No,No,Yes,Yes,Yes,Yes,No,No
sensors-physical-systems.safety-systems.fail-safe-modes,38-sensors-physical-systems/safety-systems/fail-safe-modes.yaml,Fail-Safe Modes Audit,sensors-physical-systems,38,safety-systems,expert,active,partial,critical,5-7 hours,true,false,false,false,No,No,No,Yes,Yes,Yes,Yes,No,No
sensors-physical-systems.safety-systems.interlock-verification,38-sensors-physical-systems/safety-systems/interlock-verification.yaml,Interlock Verification Audit,sensors-physical-systems,38,safety-systems,expert,active,partial,critical,5-7 hours,true,false,false,false,No,No,No,Yes,Yes,Yes,Yes,No,No
sensors-physical-systems.safety-systems.machine-guarding,38-sensors-physical-systems/safety-systems/machine-guarding.yaml,Machine Guarding Audit,sensors-physical-systems,38,safety-systems,expert,active,partial,critical,4-6 hours,true,false,false,false,No,No,No,Yes,Yes,Yes,Yes,No,No
sensors-physical-systems.safety-systems.safety-instrumented-functions,38-sensors-physical-systems/safety-systems/safety-instrumented-functions.yaml,Safety Instrumented Functions Audit,sensors-physical-systems,38,safety-systems,expert,active,partial,critical,6-8 hours,true,false,false,false,No,No,No,Yes,Yes,Yes,Yes,No,No
sensors-physical-systems.safety-systems.safety-plc-configuration,38-sensors-physical-systems/safety-systems/safety-plc-configuration.yaml,Safety PLC Configuration Audit,sensors-physical-systems,38,safety-systems,expert,active,partial,critical,5-7 hours,true,false,false,false,No,No,No,Yes,Yes,Yes,Yes,No,No
sensors-physical-systems.sensor-integration.data-fusion,38-sensors-physical-systems/sensor-integration/data-fusion.yaml,Data Fusion Audit,sensors-physical-systems,38,sensor-integration,expert,active,partial,high,6-8 hours,true,true,false,false,No,No,No,Yes,Yes,Yes,Yes,No,No
sensors-physical-systems.sensor-integration.sensor-calibration,38-sensors-physical-systems/sensor-integration/sensor-calibration.yaml,Sensor Calibration Audit,sensors-physical-systems,38,sensor-integration,expert,active,partial,high,4-6 hours,true,true,false,false,No,No,No,Yes,Yes,Yes,Yes,No,No
sensors-physical-systems.sensor-integration.sensor-configuration-management,38-sensors-physical-systems/sensor-integration/sensor-configuration-management.yaml,Sensor Configuration Management Audit,sensors-physical-systems,38,sensor-integration,expert,active,partial,medium,3-5 hours,true,true,false,false,No,No,No,Yes,Yes,Yes,Yes,No,No
sensors-physical-systems.sensor-integration.sensor-health-monitoring,38-sensors-physical-systems/sensor-integration/sensor-health-monitoring.yaml,Sensor Health Monitoring Audit,sensors-physical-systems,38,sensor-integration,expert,active,partial,high,4-6 hours,true,true,false,false,No,No,No,Yes,Yes,Yes,Yes,No,No
sensors-physical-systems.sensor-integration.sensor-network-topology,38-sensors-physical-systems/sensor-integration/sensor-network-topology.yaml,Sensor Network Topology Audit,sensors-physical-systems,38,sensor-integration,expert,active,partial,medium,4-6 hours,true,true,false,false,No,No,No,Yes,Yes,Yes,Yes,No,No
sensors-physical-systems.sensor-integration.sensor-protocol-compliance,38-sensors-physical-systems/sensor-integration/sensor-protocol-compliance.yaml,Sensor Protocol Compliance Audit,sensors-physical-systems,38,sensor-integration,expert,active,partial,medium,4-6 hours,true,true,false,false,No,No,No,Yes,Yes,Yes,Yes,No,No
sensors-physical-systems.sensor-integration.sensor-redundancy,38-sensors-physical-systems/sensor-integration/sensor-redundancy.yaml,Sensor Redundancy Audit,sensors-physical-systems,38,sensor-integration,expert,active,partial,high,5-7 hours,true,true,false,false,No,No,No,Yes,Yes,Yes,Yes,No,No
real-time-embedded.bootloader-security.boot-integrity-verification,39-real-time-embedded/boot-integrity-verification.yaml,Boot Integrity Verification Audit,real-time-embedded,39,bootloader-security,expert,active,partial,critical,4-6 hours,true,false,false,false,No,No,No,Yes,Yes,Yes,Yes,No,No
real-time-embedded.bootloader-security.bootloader-hardening,39-real-time-embedded/bootloader-hardening.yaml,Bootloader Hardening Audit,real-time-embedded,39,bootloader-security,expert,active,partial,critical,4-6 hours,true,false,false,false,No,No,No,Yes,Yes,Yes,Yes,No,No
real-time-embedded.bootloader-security.firmware-signing,39-real-time-embedded/firmware-signing.yaml,Firmware Signing Audit,real-time-embedded,39,bootloader-security,expert,active,partial,critical,4-6 hours,true,false,false,false,No,No,No,Yes,Yes,Yes,Yes,No,No
real-time-embedded.bootloader-security.rollback-protection,39-real-time-embedded/rollback-protection.yaml,Rollback Protection Audit,real-time-embedded,39,bootloader-security,expert,active,partial,high,3-5 hours,true,false,false,false,No,No,No,Yes,Yes,Yes,Yes,No,No
real-time-embedded.bootloader-security.secure-boot-chain,39-real-time-embedded/secure-boot-chain.yaml,Secure Boot Chain Audit,real-time-embedded,39,bootloader-security,expert,active,partial,critical,6-10 hours,true,false,false,false,No,No,No,Yes,Yes,Yes,Yes,No,No
real-time-embedded.bootloader-security.secure-update,39-real-time-embedded/secure-update.yaml,Secure Update Audit,real-time-embedded,39,bootloader-security,expert,active,partial,critical,6-8 hours,true,false,false,false,No,No,No,Yes,Yes,Yes,Yes,No,No
real-time-embedded.communication-protocols.can-bus-analysis,39-real-time-embedded/can-bus-analysis.yaml,CAN Bus Analysis Audit,real-time-embedded,39,communication-protocols,expert,active,partial,high,4-6 hours,true,false,false,false,No,No,No,Yes,Yes,Yes,Yes,No,No
real-time-embedded.communication-protocols.industrial-ethernet,39-real-time-embedded/industrial-ethernet.yaml,Industrial Ethernet Audit,real-time-embedded,39,communication-protocols,expert,active,partial,high,6-8 hours,true,false,false,false,No,No,No,Yes,Yes,Yes,Yes,No,No
real-time-embedded.communication-protocols.message-integrity,39-real-time-embedded/message-integrity.yaml,Message Integrity Audit,real-time-embedded,39,communication-protocols,expert,active,partial,high,4-6 hours,true,false,false,false,No,No,No,Yes,Yes,Yes,Yes,No,No
real-time-embedded.communication-protocols.modbus-implementation,39-real-time-embedded/modbus-implementation.yaml,Modbus Implementation Audit,real-time-embedded,39,communication-protocols,expert,active,partial,high,4-6 hours,true,false,false,false,No,No,No,Yes,Yes,Yes,Yes,No,No
real-time-embedded.communication-protocols.protocol-error-handling,39-real-time-embedded/protocol-error-handling.yaml,Protocol Error Handling Audit,real-time-embedded,39,communication-protocols,expert,active,partial,high,4-6 hours,true,false,false,false,No,No,No,Yes,Yes,Yes,Yes,No,No
real-time-embedded.communication-protocols.protocol-timing,39-real-time-embedded/protocol-timing.yaml,Protocol Timing Audit,real-time-embedded,39,communication-protocols,expert,active,partial,high,4-6 hours,true,false,false,false,No,No,No,Yes,Yes,Yes,Yes,No,No
real-time-embedded.communication-protocols.serial-protocol-implementation,39-real-time-embedded/serial-protocol-implementation.yaml,Serial Protocol Implementation Audit,real-time-embedded,39,communication-protocols,expert,active,partial,high,3-5 hours,true,false,false,false,No,No,No,Yes,Yes,Yes,Yes,No,No
real-time-embedded.firmware-quality.code-metrics,39-real-time-embedded/code-metrics.yaml,Code Metrics Audit,real-time-embedded,39,firmware-quality,expert,active,full,medium,3-5 hours,false,false,false,false,No,No,No,Yes,Yes,Yes,Yes,No,No
real-time-embedded.firmware-quality.coding-standard-compliance,39-real-time-embedded/coding-standard-compliance.yaml,Coding Standard Compliance Audit,real-time-embedded,39,firmware-quality,expert,active,partial,medium,4-6 hours,false,false,false,false,No,No,No,Yes,Yes,Yes,Yes,No,No
real-time-embedded.firmware-quality.defensive-coding-practices,39-real-time-embedded/defensive-coding-practices.yaml,Defensive Coding Practices Audit,real-time-embedded,39,firmware-quality,expert,active,partial,high,4-6 hours,false,false,false,false,No,No,No,Yes,Yes,Yes,Yes,No,No
real-time-embedded.firmware-quality.misra-compliance,39-real-time-embedded/misra-compliance.yaml,MISRA Compliance Audit,real-time-embedded,39,firmware-quality,expert,active,partial,high,6-10 hours,false,false,false,false,No,No,No,Yes,Yes,Yes,Yes,No,No
real-time-embedded.firmware-quality.runtime-checks,39-real-time-embedded/runtime-checks.yaml,Runtime Checks Audit,real-time-embedded,39,firmware-quality,expert,active,partial,high,4-6 hours,true,false,false,false,No,No,No,Yes,Yes,Yes,Yes,No,No
real-time-embedded.firmware-quality.static-analysis-coverage,39-real-time-embedded/static-analysis-coverage.yaml,Static Analysis Coverage Audit,real-time-embedded,39,firmware-quality,expert,active,partial,high,4-6 hours,false,false,false,false,No,No,No,Yes,Yes,Yes,Yes,No,No
real-time-embedded.interrupt-handling.deferred-interrupt-processing,39-real-time-embedded/deferred-interrupt-processing.yaml,Deferred Interrupt Processing Audit,real-time-embedded,39,interrupt-handling,expert,active,partial,high,4-6 hours,true,false,false,false,No,No,No,Yes,Yes,Yes,Yes,No,No
real-time-embedded.interrupt-handling.interrupt-priority-configuration,39-real-time-embedded/interrupt-priority-configuration.yaml,Interrupt Priority Configuration Audit,real-time-embedded,39,interrupt-handling,expert,active,partial,high,3-5 hours,true,false,false,false,No,No,No,Yes,Yes,Yes,Yes,No,No
real-time-embedded.interrupt-handling.interrupt-storm-protection,39-real-time-embedded/interrupt-storm-protection.yaml,Interrupt Storm Protection Audit,real-time-embedded,39,interrupt-handling,expert,active,partial,high,3-5 hours,true,false,false,false,No,No,No,Yes,Yes,Yes,Yes,No,No
real-time-embedded.interrupt-handling.isr-design-review,39-real-time-embedded/isr-design-review.yaml,ISR Design Review Audit,real-time-embedded,39,interrupt-handling,expert,active,partial,high,4-6 hours,true,false,false,false,No,No,No,Yes,Yes,Yes,Yes,No,No
real-time-embedded.interrupt-handling.isr-latency-analysis,39-real-time-embedded/isr-latency-analysis.yaml,ISR Latency Analysis Audit,real-time-embedded,39,interrupt-handling,expert,active,partial,critical,4-6 hours,true,true,false,false,No,No,No,Yes,Yes,Yes,Yes,No,No
real-time-embedded.interrupt-handling.nested-interrupt-handling,39-real-time-embedded/nested-interrupt-handling.yaml,Nested Interrupt Handling Audit,real-time-embedded,39,interrupt-handling,expert,active,partial,high,4-6 hours,true,false,false,false,No,No,No,Yes,Yes,Yes,Yes,No,No
real-time-embedded.memory-management.dma-buffer-management,39-real-time-embedded/dma-buffer-management.yaml,DMA Buffer Management Audit,real-time-embedded,39,memory-management,expert,active,partial,high,4-6 hours,true,false,false,false,No,No,No,Yes,Yes,Yes,Yes,No,No
real-time-embedded.memory-management.fragmentation-prevention,39-real-time-embedded/fragmentation-prevention.yaml,Fragmentation Prevention Audit,real-time-embedded,39,memory-management,expert,active,partial,high,4-6 hours,true,false,false,false,No,No,No,Yes,Yes,Yes,Yes,No,No
real-time-embedded.memory-management.heap-usage-analysis,39-real-time-embedded/heap-usage-analysis.yaml,Heap Usage Analysis Audit,real-time-embedded,39,memory-management,expert,active,partial,high,4-6 hours,true,false,false,false,No,No,No,Yes,Yes,Yes,Yes,No,No
real-time-embedded.memory-management.memory-mapped-io,39-real-time-embedded/memory-mapped-io.yaml,Memory-Mapped I/O Audit,real-time-embedded,39,memory-management,expert,active,partial,high,3-5 hours,true,false,false,false,No,No,No,Yes,Yes,Yes,Yes,No,No
real-time-embedded.memory-management.memory-protection-unit,39-real-time-embedded/memory-protection-unit.yaml,Memory Protection Unit Configuration Audit,real-time-embedded,39,memory-management,expert,active,partial,critical,4-6 hours,true,false,false,false,No,No,No,Yes,Yes,Yes,Yes,No,No
real-time-embedded.memory-management.stack-overflow-protection,39-real-time-embedded/stack-overflow-protection.yaml,Stack Overflow Protection Audit,real-time-embedded,39,memory-management,expert,active,partial,critical,4-6 hours,true,false,false,false,No,No,No,Yes,Yes,Yes,Yes,No,No
real-time-embedded.memory-management.static-allocation-analysis,39-real-time-embedded/static-allocation-analysis.yaml,Static Allocation Analysis Audit,real-time-embedded,39,memory-management,expert,active,partial,high,4-6 hours,false,false,false,false,No,No,No,Yes,Yes,Yes,Yes,No,No
real-time-embedded.rtos-configuration.kernel-tuning,39-real-time-embedded/kernel-tuning.yaml,Kernel Tuning Audit,real-time-embedded,39,rtos-configuration,expert,active,partial,high,4-6 hours,true,false,false,false,No,No,No,Yes,Yes,Yes,Yes,No,No
real-time-embedded.rtos-configuration.priority-inversion-analysis,39-real-time-embedded/priority-inversion-analysis.yaml,Priority Inversion Analysis Audit,real-time-embedded,39,rtos-configuration,expert,active,partial,critical,4-6 hours,true,false,false,false,No,No,No,Yes,Yes,Yes,Yes,No,No
real-time-embedded.rtos-configuration.scheduler-configuration,39-real-time-embedded/scheduler-configuration.yaml,Scheduler Configuration Audit,real-time-embedded,39,rtos-configuration,expert,active,partial,high,3-5 hours,true,false,false,false,No,No,No,Yes,Yes,Yes,Yes,No,No
real-time-embedded.rtos-configuration.task-lifecycle-management,39-real-time-embedded/task-lifecycle-management.yaml,Task Lifecycle Management Audit,real-time-embedded,39,rtos-configuration,expert,active,partial,high,3-5 hours,true,false,false,false,No,No,No,Yes,Yes,Yes,Yes,No,No
real-time-embedded.rtos-configuration.task-priority-analysis,39-real-time-embedded/task-priority-analysis.yaml,Task Priority Analysis Audit,real-time-embedded,39,rtos-configuration,expert,active,partial,high,3-5 hours,true,false,false,false,No,No,No,Yes,Yes,Yes,Yes,No,No
real-time-embedded.rtos-configuration.task-synchronization-review,39-real-time-embedded/task-synchronization-review.yaml,Task Synchronization Review Audit,real-time-embedded,39,rtos-configuration,expert,active,partial,high,4-6 hours,true,false,false,false,No,No,No,Yes,Yes,Yes,Yes,No,No
real-time-embedded.rtos-configuration.timer-management,39-real-time-embedded/timer-management-audit.yaml,Timer Management Audit,real-time-embedded,39,rtos-configuration,expert,active,partial,high,3-5 hours,true,false,false,false,No,No,No,Yes,Yes,Yes,Yes,No,No
real-time-embedded.timing-analysis.deadline-verification,39-real-time-embedded/deadline-verification.yaml,Deadline Verification Audit,real-time-embedded,39,timing-analysis,expert,active,partial,critical,4-8 hours,true,false,false,false,No,No,No,Yes,Yes,Yes,Yes,No,No
real-time-embedded.timing-analysis.execution-time-measurement,39-real-time-embedded/execution-time-measurement.yaml,Execution Time Measurement Audit,real-time-embedded,39,timing-analysis,expert,active,partial,high,4-6 hours,true,false,false,false,No,No,No,Yes,Yes,Yes,Yes,No,No
real-time-embedded.timing-analysis.jitter-measurement,39-real-time-embedded/jitter-measurement.yaml,Jitter Measurement Audit,real-time-embedded,39,timing-analysis,expert,active,partial,high,4-6 hours,true,false,false,false,No,No,No,Yes,Yes,Yes,Yes,No,No
real-time-embedded.timing-analysis.response-time-analysis,39-real-time-embedded/response-time-analysis.yaml,Response Time Analysis Audit,real-time-embedded,39,timing-analysis,expert,active,partial,critical,4-8 hours,true,false,false,false,No,No,No,Yes,Yes,Yes,Yes,No,No
real-time-embedded.timing-analysis.schedulability-analysis,39-real-time-embedded/schedulability-analysis.yaml,Schedulability Analysis Audit,real-time-embedded,39,timing-analysis,expert,active,partial,critical,4-6 hours,false,false,false,false,No,No,No,Yes,Yes,Yes,Yes,No,No
real-time-embedded.timing-analysis.timing-budget-management,39-real-time-embedded/timing-budget-management.yaml,Timing Budget Management Audit,real-time-embedded,39,timing-analysis,expert,active,partial,high,3-5 hours,false,true,false,false,No,No,No,Yes,Yes,Yes,Yes,No,No
real-time-embedded.timing-analysis.wcet-analysis,39-real-time-embedded/wcet-analysis.yaml,WCET Analysis Audit,real-time-embedded,39,timing-analysis,expert,active,partial,critical,6-12 hours,true,false,false,false,No,No,No,Yes,Yes,Yes,Yes,No,No
real-time-embedded.watchdog-recovery.error-logging,39-real-time-embedded/error-logging.yaml,Error Logging Audit,real-time-embedded,39,watchdog-recovery,expert,active,partial,medium,3-5 hours,true,false,false,false,No,No,No,Yes,Yes,Yes,Yes,No,No
real-time-embedded.watchdog-recovery.fault-detection,39-real-time-embedded/fault-detection.yaml,Fault Detection Audit,real-time-embedded,39,watchdog-recovery,expert,active,partial,high,4-6 hours,true,false,false,false,No,No,No,Yes,Yes,Yes,Yes,No,No
real-time-embedded.watchdog-recovery.recovery-mechanisms,39-real-time-embedded/recovery-mechanisms.yaml,Recovery Mechanisms Audit,real-time-embedded,39,watchdog-recovery,expert,active,partial,high,4-6 hours,true,false,false,false,No,No,No,Yes,Yes,Yes,Yes,No,No
real-time-embedded.watchdog-recovery.system-reset-handling,39-real-time-embedded/system-reset-handling.yaml,System Reset Handling Audit,real-time-embedded,39,watchdog-recovery,expert,active,partial,high,3-5 hours,true,false,false,false,No,No,No,Yes,Yes,Yes,Yes,No,No
real-time-embedded.watchdog-recovery.task-monitoring,39-real-time-embedded/task-monitoring.yaml,Task Monitoring Audit,real-time-embedded,39,watchdog-recovery,expert,active,partial,high,3-5 hours,true,false,false,false,No,No,No,Yes,Yes,Yes,Yes,No,No
real-time-embedded.watchdog-recovery.watchdog-timer-configuration,39-real-time-embedded/watchdog-timer-configuration.yaml,Watchdog Timer Configuration Audit,real-time-embedded,39,watchdog-recovery,expert,active,partial,high,3-5 hours,true,false,false,false,No,No,No,Yes,Yes,Yes,Yes,No,No
signal-processing-data-acquisition.adc-dac.adc-linearity,40-signal-processing-data-acquisition/adc-dac/adc-linearity.yaml,ADC Linearity Audit,signal-processing-data-acquisition,40,adc-dac,expert,active,partial,high,2-3 hours,true,false,false,false,No,No,No,Yes,Yes,Yes,Yes,No,No
signal-processing-data-acquisition.adc-dac.adc-resolution-adequacy,40-signal-processing-data-acquisition/adc-dac/adc-resolution-adequacy.yaml,ADC Resolution Adequacy Audit,signal-processing-data-acquisition,40,adc-dac,expert,active,partial,high,1-2 hours,true,false,false,false,No,No,No,Yes,Yes,Yes,Yes,No,No
signal-processing-data-acquisition.adc-dac.conversion-timing,40-signal-processing-data-acquisition/adc-dac/conversion-timing.yaml,Conversion Timing Audit,signal-processing-data-acquisition,40,adc-dac,expert,active,partial,high,1-2 hours,true,false,false,false,No,No,No,Yes,Yes,Yes,Yes,No,No
signal-processing-data-acquisition.adc-dac.dac-accuracy,40-signal-processing-data-acquisition/adc-dac/dac-accuracy.yaml,DAC Accuracy Audit,signal-processing-data-acquisition,40,adc-dac,expert,active,partial,high,1-2 hours,true,false,false,false,No,No,No,Yes,Yes,Yes,Yes,No,No
signal-processing-data-acquisition.adc-dac.reference-voltage-stability,40-signal-processing-data-acquisition/adc-dac/reference-voltage-stability.yaml,Reference Voltage Stability Audit,signal-processing-data-acquisition,40,adc-dac,expert,active,partial,high,1-2 hours,true,false,false,false,No,No,No,Yes,Yes,Yes,Yes,No,No
signal-processing-data-acquisition.algorithm-verification.algorithm-correctness,40-signal-processing-data-acquisition/algorithm-verification/algorithm-correctness.yaml,Algorithm Correctness Audit,signal-processing-data-acquisition,40,algorithm-verification,expert,active,partial,critical,2-3 hours,true,false,false,false,No,No,No,Yes,Yes,Yes,Yes,No,No
signal-processing-data-acquisition.algorithm-verification.edge-case-handling,40-signal-processing-data-acquisition/algorithm-verification/edge-case-handling.yaml,Edge Case Handling Audit,signal-processing-data-acquisition,40,algorithm-verification,expert,active,partial,high,1-2 hours,true,false,false,false,No,No,No,Yes,Yes,Yes,Yes,No,No
signal-processing-data-acquisition.algorithm-verification.numerical-precision,40-signal-processing-data-acquisition/algorithm-verification/numerical-precision.yaml,Numerical Precision Audit,signal-processing-data-acquisition,40,algorithm-verification,expert,active,partial,high,2-3 hours,false,false,false,false,No,No,No,Yes,Yes,Yes,Yes,No,No
signal-processing-data-acquisition.algorithm-verification.overflow-underflow-handling,40-signal-processing-data-acquisition/algorithm-verification/overflow-underflow-handling.yaml,Overflow/Underflow Handling Audit,signal-processing-data-acquisition,40,algorithm-verification,expert,active,partial,critical,1-2 hours,true,false,false,false,No,No,No,Yes,Yes,Yes,Yes,No,No
signal-processing-data-acquisition.algorithm-verification.reference-implementation-comparison,40-signal-processing-data-acquisition/algorithm-verification/reference-implementation-comparison.yaml,Reference Implementation Comparison Audit,signal-processing-data-acquisition,40,algorithm-verification,expert,active,partial,high,2-3 hours,true,false,false,false,No,No,No,Yes,Yes,Yes,Yes,No,No
signal-processing-data-acquisition.data-integrity.buffer-management,40-signal-processing-data-acquisition/data-integrity/buffer-management.yaml,Buffer Management Audit,signal-processing-data-acquisition,40,data-integrity,expert,active,partial,critical,1-2 hours,true,false,false,false,No,No,No,Yes,Yes,Yes,Yes,No,No
signal-processing-data-acquisition.data-integrity.checksum-crc,40-signal-processing-data-acquisition/data-integrity/checksum-crc.yaml,Checksum/CRC Audit,signal-processing-data-acquisition,40,data-integrity,expert,active,yes,high,1 hour,false,false,false,false,No,No,No,Yes,Yes,Yes,Yes,No,No
signal-processing-data-acquisition.data-integrity.data-alignment,40-signal-processing-data-acquisition/data-integrity/data-alignment.yaml,Data Alignment Audit,signal-processing-data-acquisition,40,data-integrity,expert,active,yes,high,1 hour,false,false,false,false,No,No,No,Yes,Yes,Yes,Yes,No,No
signal-processing-data-acquisition.data-integrity.data-loss-detection,40-signal-processing-data-acquisition/data-integrity/data-loss-detection.yaml,Data Loss Detection Audit,signal-processing-data-acquisition,40,data-integrity,expert,active,partial,critical,1 hour,true,false,false,false,No,No,No,Yes,Yes,Yes,Yes,No,No
signal-processing-data-acquisition.data-integrity.timestamp-accuracy,40-signal-processing-data-acquisition/data-integrity/timestamp-accuracy.yaml,Timestamp Accuracy Audit,signal-processing-data-acquisition,40,data-integrity,expert,active,partial,high,1-2 hours,true,false,false,false,No,No,No,Yes,Yes,Yes,Yes,No,No
signal-processing-data-acquisition.filtering.adaptive-filter,40-signal-processing-data-acquisition/filtering/adaptive-filter.yaml,Adaptive Filter Audit,signal-processing-data-acquisition,40,filtering,expert,active,partial,high,2-3 hours,true,false,false,false,No,No,No,Yes,Yes,Yes,Yes,No,No
signal-processing-data-acquisition.filtering.filter-coefficient-precision,40-signal-processing-data-acquisition/filtering/filter-coefficient-precision.yaml,Filter Coefficient Precision Audit,signal-processing-data-acquisition,40,filtering,expert,active,partial,high,1-2 hours,false,false,false,false,No,No,No,Yes,Yes,Yes,Yes,No,No
signal-processing-data-acquisition.filtering.filter-design,40-signal-processing-data-acquisition/filtering/filter-design.yaml,Filter Design Audit,signal-processing-data-acquisition,40,filtering,expert,active,partial,high,2-3 hours,false,false,false,false,No,No,No,Yes,Yes,Yes,Yes,No,No
signal-processing-data-acquisition.filtering.filter-stability,40-signal-processing-data-acquisition/filtering/filter-stability.yaml,Filter Stability Audit,signal-processing-data-acquisition,40,filtering,expert,active,partial,critical,2-3 hours,false,false,false,false,No,No,No,Yes,Yes,Yes,Yes,No,No
signal-processing-data-acquisition.filtering.group-delay,40-signal-processing-data-acquisition/filtering/group-delay.yaml,Group Delay Audit,signal-processing-data-acquisition,40,filtering,expert,active,partial,medium,1-2 hours,false,false,false,false,No,No,No,Yes,Yes,Yes,Yes,No,No
signal-processing-data-acquisition.filtering.phase-distortion,40-signal-processing-data-acquisition/filtering/phase-distortion.yaml,Phase Distortion Audit,signal-processing-data-acquisition,40,filtering,expert,active,partial,high,1-2 hours,false,false,false,false,No,No,No,Yes,Yes,Yes,Yes,No,No
signal-processing-data-acquisition.sampling.anti-aliasing-filter,40-signal-processing-data-acquisition/sampling/anti-aliasing-filter.yaml,Anti-Aliasing Filter Audit,signal-processing-data-acquisition,40,sampling,expert,active,partial,critical,1-2 hours,true,false,false,false,No,No,No,Yes,Yes,Yes,Yes,No,No
signal-processing-data-acquisition.sampling.clock-accuracy,40-signal-processing-data-acquisition/sampling/clock-accuracy.yaml,Clock Accuracy Audit,signal-processing-data-acquisition,40,sampling,expert,active,partial,high,2-3 hours,true,false,false,false,No,No,No,Yes,Yes,Yes,Yes,No,No
signal-processing-data-acquisition.sampling.nyquist-compliance,40-signal-processing-data-acquisition/sampling/nyquist-compliance.yaml,Nyquist Compliance Audit,signal-processing-data-acquisition,40,sampling,expert,active,partial,critical,1-2 hours,true,false,false,false,No,No,No,Yes,Yes,Yes,Yes,No,No
signal-processing-data-acquisition.sampling.sampling-rate-selection,40-signal-processing-data-acquisition/sampling/sampling-rate-selection.yaml,Sampling Rate Selection Audit,signal-processing-data-acquisition,40,sampling,expert,active,partial,high,1-2 hours,true,false,false,false,No,No,No,Yes,Yes,Yes,Yes,No,No
signal-processing-data-acquisition.sampling.sampling-synchronization,40-signal-processing-data-acquisition/sampling/sampling-synchronization.yaml,Sampling Synchronization Audit,signal-processing-data-acquisition,40,sampling,expert,active,partial,high,2-3 hours,true,false,false,false,No,No,No,Yes,Yes,Yes,Yes,No,No
signal-processing-data-acquisition.signal-conditioning.amplification,40-signal-processing-data-acquisition/signal-conditioning/amplification.yaml,Amplification Audit,signal-processing-data-acquisition,40,signal-conditioning,expert,active,partial,high,1-2 hours,true,false,false,false,No,No,No,Yes,Yes,Yes,Yes,No,No
signal-processing-data-acquisition.signal-conditioning.dc-offset-removal,40-signal-processing-data-acquisition/signal-conditioning/dc-offset-removal.yaml,DC Offset Removal Audit,signal-processing-data-acquisition,40,signal-conditioning,expert,active,partial,medium,1 hour,false,false,false,false,No,No,No,Yes,Yes,Yes,Yes,No,No
signal-processing-data-acquisition.signal-conditioning.dynamic-range,40-signal-processing-data-acquisition/signal-conditioning/dynamic-range.yaml,Dynamic Range Audit,signal-processing-data-acquisition,40,signal-conditioning,expert,active,partial,high,1-2 hours,true,false,false,false,No,No,No,Yes,Yes,Yes,Yes,No,No
signal-processing-data-acquisition.signal-conditioning.noise-reduction,40-signal-processing-data-acquisition/signal-conditioning/noise-reduction.yaml,Noise Reduction Audit,signal-processing-data-acquisition,40,signal-conditioning,expert,active,partial,high,1-2 hours,true,false,false,false,No,No,No,Yes,Yes,Yes,Yes,No,No
signal-processing-data-acquisition.signal-conditioning.normalization,40-signal-processing-data-acquisition/signal-conditioning/normalization.yaml,Normalization Audit,signal-processing-data-acquisition,40,signal-conditioning,expert,active,yes,medium,1 hour,false,false,false,false,No,No,No,Yes,Yes,Yes,Yes,No,No
signal-processing-data-acquisition.spectral-analysis.fft-implementation,40-signal-processing-data-acquisition/spectral-analysis/fft-implementation.yaml,FFT Implementation Audit,signal-processing-data-acquisition,40,spectral-analysis,expert,active,partial,high,1-2 hours,false,false,false,false,No,No,No,Yes,Yes,Yes,Yes,No,No
signal-processing-data-acquisition.spectral-analysis.frequency-resolution,40-signal-processing-data-acquisition/spectral-analysis/frequency-resolution.yaml,Frequency Resolution Audit,signal-processing-data-acquisition,40,spectral-analysis,expert,active,partial,high,1 hour,false,false,false,false,No,No,No,Yes,Yes,Yes,Yes,No,No
signal-processing-data-acquisition.spectral-analysis.power-spectral-density,40-signal-processing-data-acquisition/spectral-analysis/power-spectral-density.yaml,Power Spectral Density Audit,signal-processing-data-acquisition,40,spectral-analysis,expert,active,partial,high,1-2 hours,false,false,false,false,No,No,No,Yes,Yes,Yes,Yes,No,No
signal-processing-data-acquisition.spectral-analysis.spectral-leakage,40-signal-processing-data-acquisition/spectral-analysis/spectral-leakage.yaml,Spectral Leakage Audit,signal-processing-data-acquisition,40,spectral-analysis,expert,active,partial,high,1 hour,false,false,false,false,No,No,No,Yes,Yes,Yes,Yes,No,No
signal-processing-data-acquisition.spectral-analysis.windowing-function,40-signal-processing-data-acquisition/spectral-analysis/windowing-function.yaml,Windowing Function Audit,signal-processing-data-acquisition,40,spectral-analysis,expert,active,partial,high,1-2 hours,false,false,false,false,No,No,No,Yes,Yes,Yes,Yes,No,No
blockchain-distributed-ledger.consensus-network.consensus-mechanism,41-blockchain-distributed-ledger/consensus-network/consensus-mechanism.yaml,Consensus Mechanism Audit,blockchain-distributed-ledger,41,consensus-network,expert,active,partial,critical,2-3 hours,false,false,false,false,No,No,No,Yes,Yes,Yes,Yes,Yes,No
blockchain-distributed-ledger.consensus-network.finality-guarantee,41-blockchain-distributed-ledger/consensus-network/finality-guarantee.yaml,Finality Guarantee Audit,blockchain-distributed-ledger,41,consensus-network,expert,active,partial,high,1-2 hours,false,false,false,false,No,No,No,Yes,Yes,Yes,Yes,Yes,No
blockchain-distributed-ledger.consensus-network.fork-handling,41-blockchain-distributed-ledger/consensus-network/fork-handling.yaml,Fork Handling Audit,blockchain-distributed-ledger,41,consensus-network,expert,active,partial,high,1-2 hours,false,false,false,false,No,No,No,Yes,Yes,Yes,Yes,Yes,No
blockchain-distributed-ledger.consensus-network.network-partition,41-blockchain-distributed-ledger/consensus-network/network-partition.yaml,Network Partition Audit,blockchain-distributed-ledger,41,consensus-network,expert,active,partial,high,2-3 hours,true,false,false,false,No,No,No,Yes,Yes,Yes,Yes,Yes,No
blockchain-distributed-ledger.consensus-network.node-configuration,41-blockchain-distributed-ledger/consensus-network/node-configuration.yaml,Node Configuration Audit,blockchain-distributed-ledger,41,consensus-network,expert,active,yes,high,1-2 hours,false,false,false,false,No,No,No,Yes,Yes,Yes,Yes,Yes,No
blockchain-distributed-ledger.governance.admin-key-risk,41-blockchain-distributed-ledger/governance/admin-key-risk.yaml,Admin Key Risk Audit,blockchain-distributed-ledger,41,governance,expert,active,partial,critical,2-3 hours,false,false,false,false,No,No,No,Yes,Yes,Yes,Yes,Yes,No
blockchain-distributed-ledger.governance.governance-mechanism,41-blockchain-distributed-ledger/governance/governance-mechanism.yaml,Governance Mechanism Audit,blockchain-distributed-ledger,41,governance,expert,active,partial,high,2-3 hours,false,false,false,false,No,No,No,Yes,Yes,Yes,Yes,Yes,No
blockchain-distributed-ledger.governance.proposal-process,41-blockchain-distributed-ledger/governance/proposal-process.yaml,Proposal Process Audit,blockchain-distributed-ledger,41,governance,expert,active,partial,medium,1-2 hours,false,false,false,false,No,No,No,Yes,Yes,Yes,Yes,Yes,No
blockchain-distributed-ledger.governance.timelock,41-blockchain-distributed-ledger/governance/timelock.yaml,Timelock Audit,blockchain-distributed-ledger,41,governance,expert,active,partial,high,1-2 hours,false,false,false,false,No,No,No,Yes,Yes,Yes,Yes,Yes,No
blockchain-distributed-ledger.governance.voting-power,41-blockchain-distributed-ledger/governance/voting-power.yaml,Voting Power Audit,blockchain-distributed-ledger,41,governance,expert,active,partial,high,1-2 hours,false,false,false,false,No,No,No,Yes,Yes,Yes,Yes,Yes,No
blockchain-distributed-ledger.integration.bridge-security,41-blockchain-distributed-ledger/integration/bridge-security.yaml,Bridge Security Audit,blockchain-distributed-ledger,41,integration,expert,active,partial,critical,3-4 hours,false,false,false,false,No,No,No,Yes,Yes,Yes,Yes,Yes,No
blockchain-distributed-ledger.integration.cross-chain,41-blockchain-distributed-ledger/integration/cross-chain.yaml,Cross-Chain Audit,blockchain-distributed-ledger,41,integration,expert,active,partial,high,2-3 hours,false,false,false,false,No,No,No,Yes,Yes,Yes,Yes,Yes,No
blockchain-distributed-ledger.integration.indexer-reliability,41-blockchain-distributed-ledger/integration/indexer-reliability.yaml,Indexer Reliability Audit,blockchain-distributed-ledger,41,integration,expert,active,partial,medium,1-2 hours,false,false,false,false,No,No,No,Yes,Yes,Yes,Yes,Yes,No
blockchain-distributed-ledger.integration.off-chain-data,41-blockchain-distributed-ledger/integration/off-chain-data.yaml,Off-Chain Data Audit,blockchain-distributed-ledger,41,integration,expert,active,partial,high,1-2 hours,false,false,false,false,No,No,No,Yes,Yes,Yes,Yes,Yes,No
blockchain-distributed-ledger.integration.rpc-provider,41-blockchain-distributed-ledger/integration/rpc-provider.yaml,RPC Provider Audit,blockchain-distributed-ledger,41,integration,expert,active,partial,medium,1-2 hours,false,false,false,false,No,No,No,Yes,Yes,Yes,Yes,Yes,No
blockchain-distributed-ledger.key-management.hardware-wallet,41-blockchain-distributed-ledger/key-management/hardware-wallet.yaml,Hardware Wallet Audit,blockchain-distributed-ledger,41,key-management,expert,active,partial,high,1-2 hours,false,false,false,false,No,No,No,Yes,Yes,Yes,Yes,Yes,No
blockchain-distributed-ledger.key-management.key-recovery,41-blockchain-distributed-ledger/key-management/key-recovery.yaml,Key Recovery Audit,blockchain-distributed-ledger,41,key-management,expert,active,partial,high,1-2 hours,false,false,false,false,No,No,No,Yes,Yes,Yes,Yes,Yes,No
blockchain-distributed-ledger.key-management.key-rotation,41-blockchain-distributed-ledger/key-management/key-rotation.yaml,Key Rotation Audit,blockchain-distributed-ledger,41,key-management,expert,active,partial,medium,1-2 hours,false,false,false,false,No,No,No,Yes,Yes,Yes,Yes,Yes,No
blockchain-distributed-ledger.key-management.multi-signature,41-blockchain-distributed-ledger/key-management/multi-signature.yaml,Multi-Signature Audit,blockchain-distributed-ledger,41,key-management,expert,active,partial,high,2-3 hours,false,false,false,false,No,No,No,Yes,Yes,Yes,Yes,Yes,No
blockchain-distributed-ledger.key-management.private-key-security,41-blockchain-distributed-ledger/key-management/private-key-security.yaml,Private Key Security Audit,blockchain-distributed-ledger,41,key-management,expert,active,partial,critical,2-3 hours,false,false,false,false,No,No,No,Yes,Yes,Yes,Yes,Yes,No
blockchain-distributed-ledger.smart-contract-quality.code-complexity,41-blockchain-distributed-ledger/smart-contract-quality/code-complexity.yaml,Code Complexity Audit,blockchain-distributed-ledger,41,smart-contract-quality,expert,active,partial,medium,1-2 hours,false,false,false,false,No,No,No,Yes,Yes,Yes,Yes,Yes,No
blockchain-distributed-ledger.smart-contract-quality.emergency-stop,41-blockchain-distributed-ledger/smart-contract-quality/emergency-stop.yaml,Emergency Stop Audit,blockchain-distributed-ledger,41,smart-contract-quality,expert,active,partial,high,1-2 hours,false,false,false,false,No,No,No,Yes,Yes,Yes,Yes,Yes,No
blockchain-distributed-ledger.smart-contract-quality.error-handling,41-blockchain-distributed-ledger/smart-contract-quality/error-handling.yaml,Error Handling Audit,blockchain-distributed-ledger,41,smart-contract-quality,expert,active,partial,high,1-2 hours,false,false,false,false,No,No,No,Yes,Yes,Yes,Yes,Yes,No
blockchain-distributed-ledger.smart-contract-quality.event-emission,41-blockchain-distributed-ledger/smart-contract-quality/event-emission.yaml,Event Emission Audit,blockchain-distributed-ledger,41,smart-contract-quality,expert,active,partial,medium,1-2 hours,false,false,false,false,No,No,No,Yes,Yes,Yes,Yes,Yes,No
blockchain-distributed-ledger.smart-contract-quality.gas-optimization,41-blockchain-distributed-ledger/smart-contract-quality/gas-optimization.yaml,Gas Optimization Audit,blockchain-distributed-ledger,41,smart-contract-quality,expert,active,partial,medium,1-2 hours,false,false,false,false,No,No,No,Yes,Yes,Yes,Yes,Yes,No
blockchain-distributed-ledger.smart-contract-quality.upgradeability-pattern,41-blockchain-distributed-ledger/smart-contract-quality/upgradeability-pattern.yaml,Upgradeability Pattern Audit,blockchain-distributed-ledger,41,smart-contract-quality,expert,active,partial,high,2-3 hours,false,false,false,false,No,No,No,Yes,Yes,Yes,Yes,Yes,No
blockchain-distributed-ledger.smart-contract-security.access-control,41-blockchain-distributed-ledger/smart-contract-security/access-control.yaml,Access Control Audit,blockchain-distributed-ledger,41,smart-contract-security,expert,active,partial,critical,2-3 hours,false,false,false,false,No,No,No,Yes,Yes,Yes,Yes,Yes,No
blockchain-distributed-ledger.smart-contract-security.flash-loan-attack,41-blockchain-distributed-ledger/smart-contract-security/flash-loan-attack.yaml,Flash Loan Attack Audit,blockchain-distributed-ledger,41,smart-contract-security,expert,active,partial,critical,2-3 hours,false,false,false,false,No,No,No,Yes,Yes,Yes,Yes,Yes,No
blockchain-distributed-ledger.smart-contract-security.front-running,41-blockchain-distributed-ledger/smart-contract-security/front-running.yaml,Front-Running Audit,blockchain-distributed-ledger,41,smart-contract-security,expert,active,partial,high,2-3 hours,false,false,false,false,No,No,No,Yes,Yes,Yes,Yes,Yes,No
blockchain-distributed-ledger.smart-contract-security.integer-overflow-underflow,41-blockchain-distributed-ledger/smart-contract-security/integer-overflow-underflow.yaml,Integer Overflow/Underflow Audit,blockchain-distributed-ledger,41,smart-contract-security,expert,active,partial,critical,1-2 hours,false,false,false,false,No,No,No,Yes,Yes,Yes,Yes,Yes,No
blockchain-distributed-ledger.smart-contract-security.oracle-manipulation,41-blockchain-distributed-ledger/smart-contract-security/oracle-manipulation.yaml,Oracle Manipulation Audit,blockchain-distributed-ledger,41,smart-contract-security,expert,active,partial,critical,2-3 hours,false,false,false,false,No,No,No,Yes,Yes,Yes,Yes,Yes,No
blockchain-distributed-ledger.smart-contract-security.reentrancy-vulnerability,41-blockchain-distributed-ledger/smart-contract-security/reentrancy-vulnerability.yaml,Reentrancy Vulnerability Audit,blockchain-distributed-ledger,41,smart-contract-security,expert,active,partial,critical,2-3 hours,false,false,false,false,No,No,No,Yes,Yes,Yes,Yes,Yes,No
blockchain-distributed-ledger.smart-contract-security.signature-verification,41-blockchain-distributed-ledger/smart-contract-security/signature-verification.yaml,Signature Verification Audit,blockchain-distributed-ledger,41,smart-contract-security,expert,active,partial,critical,2-3 hours,false,false,false,false,No,No,No,Yes,Yes,Yes,Yes,Yes,No
blockchain-distributed-ledger.token-economic.economic-model,41-blockchain-distributed-ledger/token-economic/economic-model.yaml,Economic Model Audit,blockchain-distributed-ledger,41,token-economic,expert,active,partial,high,2-3 hours,false,false,false,false,No,No,No,Yes,Yes,Yes,Yes,Yes,No
blockchain-distributed-ledger.token-economic.incentive-alignment,41-blockchain-distributed-ledger/token-economic/incentive-alignment.yaml,Incentive Alignment Audit,blockchain-distributed-ledger,41,token-economic,expert,active,partial,high,2-3 hours,false,false,false,false,No,No,No,Yes,Yes,Yes,Yes,Yes,No
blockchain-distributed-ledger.token-economic.inflation-deflation,41-blockchain-distributed-ledger/token-economic/inflation-deflation.yaml,Inflation/Deflation Audit,blockchain-distributed-ledger,41,token-economic,expert,active,partial,medium,1-2 hours,false,false,false,false,No,No,No,Yes,Yes,Yes,Yes,Yes,No
blockchain-distributed-ledger.token-economic.token-distribution,41-blockchain-distributed-ledger/token-economic/token-distribution.yaml,Token Distribution Audit,blockchain-distributed-ledger,41,token-economic,expert,active,partial,high,1-2 hours,false,false,false,false,No,No,No,Yes,Yes,Yes,Yes,Yes,No
blockchain-distributed-ledger.token-economic.token-standard-compliance,41-blockchain-distributed-ledger/token-economic/token-standard-compliance.yaml,Token Standard Compliance Audit,blockchain-distributed-ledger,41,token-economic,expert,active,partial,high,1-2 hours,false,false,false,false,No,No,No,Yes,Yes,Yes,Yes,Yes,No
quantum-computing.error-handling.decoherence-handling,42-quantum-computing/error-handling/decoherence-handling.yaml,Quantum Decoherence Handling Audit,quantum-computing,42,error-handling,expert,active,partial,high,3-5 hours,true,false,false,false,No,No,No,Yes,Yes,Yes,No,No,No
quantum-computing.error-handling.error-budget,42-quantum-computing/error-handling/error-budget.yaml,Quantum Error Budget Audit,quantum-computing,42,error-handling,expert,active,partial,high,3-5 hours,true,false,false,false,No,No,No,Yes,Yes,Yes,No,No,No
quantum-computing.error-handling.error-correction-code,42-quantum-computing/error-handling/error-correction-code.yaml,Quantum Error Correction Code Audit,quantum-computing,42,error-handling,phd,active,partial,critical,8-12 hours,true,false,false,false,No,No,No,Yes,Yes,Yes,No,No,No
quantum-computing.error-handling.error-mitigation-strategy,42-quantum-computing/error-handling/error-mitigation-strategy.yaml,Quantum Error Mitigation Strategy Audit,quantum-computing,42,error-handling,expert,active,partial,high,4-6 hours,true,false,false,false,No,No,No,Yes,Yes,Yes,No,No,No
quantum-computing.error-handling.noise-model-accuracy,42-quantum-computing/error-handling/noise-model-accuracy.yaml,Quantum Noise Model Accuracy Audit,quantum-computing,42,error-handling,expert,active,partial,high,4-6 hours,true,false,false,false,No,No,No,Yes,Yes,Yes,No,No,No
quantum-computing.hybrid-classical-quantum.classical-quantum-interface,42-quantum-computing/hybrid-classical-quantum/classical-quantum-interface.yaml,Classical-Quantum Interface Audit,quantum-computing,42,hybrid-classical-quantum,expert,active,partial,high,3-5 hours,true,false,false,false,No,No,No,Yes,Yes,Yes,No,No,No
quantum-computing.hybrid-classical-quantum.data-encoding,42-quantum-computing/hybrid-classical-quantum/data-encoding.yaml,Quantum Data Encoding Audit,quantum-computing,42,hybrid-classical-quantum,expert,active,partial,high,3-4 hours,true,false,false,false,No,No,No,Yes,Yes,Yes,No,No,No
quantum-computing.hybrid-classical-quantum.iteration-loop-strategy,42-quantum-computing/hybrid-classical-quantum/iteration-loop-strategy.yaml,Quantum-Classical Iteration Strategy Audit,quantum-computing,42,hybrid-classical-quantum,expert,active,partial,high,3-5 hours,true,false,false,false,No,No,No,Yes,Yes,Yes,No,No,No
quantum-computing.hybrid-classical-quantum.optimization-convergence,42-quantum-computing/hybrid-classical-quantum/optimization-convergence.yaml,Quantum Optimization Convergence Audit,quantum-computing,42,hybrid-classical-quantum,expert,active,partial,high,4-6 hours,true,false,false,false,No,No,No,Yes,Yes,Yes,No,No,No
quantum-computing.hybrid-classical-quantum.result-decoding,42-quantum-computing/hybrid-classical-quantum/result-decoding.yaml,Quantum Result Decoding Audit,quantum-computing,42,hybrid-classical-quantum,expert,active,partial,high,2-4 hours,true,false,false,false,No,No,No,Yes,Yes,Yes,No,No,No
quantum-computing.quantum-algorithm.algorithm-correctness,42-quantum-computing/quantum-algorithm/algorithm-correctness.yaml,Quantum Algorithm Correctness Audit,quantum-computing,42,quantum-algorithm,phd,active,partial,critical,6-10 hours,true,false,false,false,No,No,No,Yes,Yes,Yes,No,No,No
quantum-computing.quantum-algorithm.circuit-depth,42-quantum-computing/quantum-algorithm/circuit-depth.yaml,Quantum Circuit Depth Audit,quantum-computing,42,quantum-algorithm,expert,active,yes,high,3-5 hours,true,false,false,false,No,No,No,Yes,Yes,Yes,No,No,No
quantum-computing.quantum-algorithm.gate-decomposition,42-quantum-computing/quantum-algorithm/gate-decomposition.yaml,Quantum Gate Decomposition Audit,quantum-computing,42,quantum-algorithm,expert,active,yes,high,3-4 hours,true,false,false,false,No,No,No,Yes,Yes,Yes,No,No,No
quantum-computing.quantum-algorithm.measurement-strategy,42-quantum-computing/quantum-algorithm/measurement-strategy.yaml,Quantum Measurement Strategy Audit,quantum-computing,42,quantum-algorithm,expert,active,partial,high,2-4 hours,true,false,false,false,No,No,No,Yes,Yes,Yes,No,No,No
quantum-computing.quantum-algorithm.qubit-count-efficiency,42-quantum-computing/quantum-algorithm/qubit-count-efficiency.yaml,Qubit Count Efficiency Audit,quantum-computing,42,quantum-algorithm,expert,active,yes,high,2-4 hours,true,false,false,false,No,No,No,Yes,Yes,Yes,No,No,No
quantum-computing.resource-estimation.circuit-width-depth,42-quantum-computing/resource-estimation/circuit-width-depth.yaml,Quantum Circuit Width/Depth Audit,quantum-computing,42,resource-estimation,expert,active,yes,high,2-3 hours,false,false,false,false,No,No,No,Yes,Yes,Yes,No,No,No
quantum-computing.resource-estimation.execution-time-estimate,42-quantum-computing/resource-estimation/execution-time-estimate.yaml,Quantum Execution Time Estimate Audit,quantum-computing,42,resource-estimation,expert,active,yes,medium,2-4 hours,false,false,false,false,No,No,No,Yes,Yes,Yes,No,No,No
quantum-computing.resource-estimation.gate-count,42-quantum-computing/resource-estimation/gate-count.yaml,Quantum Gate Count Audit,quantum-computing,42,resource-estimation,expert,active,yes,high,2-3 hours,false,false,false,false,No,No,No,Yes,Yes,Yes,No,No,No
quantum-computing.resource-estimation.hardware-compatibility,42-quantum-computing/resource-estimation/hardware-compatibility.yaml,Quantum Hardware Compatibility Audit,quantum-computing,42,resource-estimation,expert,active,partial,critical,3-5 hours,false,false,false,false,No,No,No,Yes,Yes,Yes,No,No,No
quantum-computing.resource-estimation.qubit-requirement,42-quantum-computing/resource-estimation/qubit-requirement.yaml,Quantum Qubit Requirement Audit,quantum-computing,42,resource-estimation,expert,active,yes,high,2-4 hours,false,false,false,false,No,No,No,Yes,Yes,Yes,No,No,No
quantum-computing.security-implications.cryptographic-agility,42-quantum-computing/security-implications/cryptographic-agility.yaml,Cryptographic Agility Audit,quantum-computing,42,security-implications,expert,active,partial,high,4-6 hours,false,false,false,false,No,No,No,Yes,Yes,Yes,No,No,No
quantum-computing.security-implications.post-quantum-cryptography-readiness,42-quantum-computing/security-implications/post-quantum-cryptography-readiness.yaml,Post-Quantum Cryptography Readiness Audit,quantum-computing,42,security-implications,expert,active,partial,critical,4-6 hours,false,false,false,false,No,No,No,Yes,Yes,Yes,No,No,No
quantum-computing.security-implications.quantum-safe-algorithm,42-quantum-computing/security-implications/quantum-safe-algorithm.yaml,Quantum-Safe Algorithm Audit,quantum-computing,42,security-implications,expert,active,partial,high,3-5 hours,false,false,false,false,No,No,No,Yes,Yes,Yes,No,No,No
quantum-computing.simulation-testing.benchmark-comparison,42-quantum-computing/simulation-testing/benchmark-comparison.yaml,Quantum Benchmark Comparison Audit,quantum-computing,42,simulation-testing,expert,active,partial,medium,4-6 hours,true,false,false,false,No,No,No,Yes,Yes,Yes,No,No,No
quantum-computing.simulation-testing.noise-simulation,42-quantum-computing/simulation-testing/noise-simulation.yaml,Quantum Noise Simulation Audit,quantum-computing,42,simulation-testing,expert,active,partial,high,3-5 hours,true,false,false,false,No,No,No,Yes,Yes,Yes,No,No,No
quantum-computing.simulation-testing.simulator-accuracy,42-quantum-computing/simulation-testing/simulator-accuracy.yaml,Quantum Simulator Accuracy Audit,quantum-computing,42,simulation-testing,expert,active,partial,high,3-5 hours,true,false,false,false,No,No,No,Yes,Yes,Yes,No,No,No
quantum-computing.simulation-testing.test-coverage,42-quantum-computing/simulation-testing/test-coverage.yaml,Quantum Test Coverage Audit,quantum-computing,42,simulation-testing,expert,active,partial,high,3-5 hours,true,false,false,false,No,No,No,Yes,Yes,Yes,No,No,No
metaverse-immersive.3d-asset-quality.animation-quality,43-metaverse-immersive/3d-asset-quality/animation-quality.yaml,Animation Quality Audit,metaverse-immersive,43,3d-asset-quality,expert,active,partial,medium,3-5 hours,true,false,false,false,No,No,No,Yes,Yes,Yes,No,No,No
metaverse-immersive.3d-asset-quality.asset-loading,43-metaverse-immersive/3d-asset-quality/asset-loading.yaml,Asset Loading Audit,metaverse-immersive,43,3d-asset-quality,expert,active,partial,high,2-4 hours,true,false,false,false,No,No,No,Yes,Yes,Yes,No,No,No
metaverse-immersive.3d-asset-quality.material-quality,43-metaverse-immersive/3d-asset-quality/material-quality.yaml,Material Quality Audit,metaverse-immersive,43,3d-asset-quality,expert,active,partial,medium,2-4 hours,true,false,false,false,No,No,No,Yes,Yes,Yes,No,No,No
metaverse-immersive.3d-asset-quality.model-polygon-count,43-metaverse-immersive/3d-asset-quality/model-polygon-count.yaml,Model Polygon Count Audit,metaverse-immersive,43,3d-asset-quality,expert,active,yes,high,2-4 hours,false,false,false,false,No,No,No,Yes,Yes,Yes,No,No,No
metaverse-immersive.3d-asset-quality.texture-resolution,43-metaverse-immersive/3d-asset-quality/texture-resolution.yaml,Texture Resolution Audit,metaverse-immersive,43,3d-asset-quality,expert,active,yes,high,2-3 hours,false,false,false,false,No,No,No,Yes,Yes,Yes,No,No,No
metaverse-immersive.accessibility.audio-descriptions,43-metaverse-immersive/accessibility/audio-descriptions.yaml,Audio Descriptions Audit,metaverse-immersive,43,accessibility,expert,active,partial,high,2-3 hours,true,false,false,false,No,No,No,Yes,Yes,Yes,No,No,No
metaverse-immersive.accessibility.motion-alternatives,43-metaverse-immersive/accessibility/motion-alternatives.yaml,Motion Alternatives Audit,metaverse-immersive,43,accessibility,expert,active,partial,high,2-3 hours,true,false,false,false,No,No,No,Yes,Yes,Yes,No,No,No
metaverse-immersive.accessibility.subtitle-caption-support,43-metaverse-immersive/accessibility/subtitle-caption-support.yaml,Subtitle/Caption Support Audit,metaverse-immersive,43,accessibility,expert,active,partial,high,2-3 hours,true,false,false,false,No,No,No,Yes,Yes,Yes,No,No,No
metaverse-immersive.accessibility.vr-accessibility-options,43-metaverse-immersive/accessibility/vr-accessibility-options.yaml,VR Accessibility Options Audit,metaverse-immersive,43,accessibility,expert,active,partial,high,3-4 hours,true,false,false,false,No,No,No,Yes,Yes,Yes,No,No,No
metaverse-immersive.audio-spatial-sound.3d-audio-implementation,43-metaverse-immersive/audio-spatial-sound/3d-audio-implementation.yaml,3D Audio Implementation Audit,metaverse-immersive,43,audio-spatial-sound,expert,active,partial,high,2-4 hours,true,false,false,false,No,No,No,Yes,Yes,Yes,No,No,No
metaverse-immersive.audio-spatial-sound.ambient-sound,43-metaverse-immersive/audio-spatial-sound/ambient-sound.yaml,Ambient Sound Audit,metaverse-immersive,43,audio-spatial-sound,expert,active,partial,medium,2-3 hours,true,false,false,false,No,No,No,Yes,Yes,Yes,No,No,No
metaverse-immersive.audio-spatial-sound.audio-latency,43-metaverse-immersive/audio-spatial-sound/audio-latency.yaml,Audio Latency Audit,metaverse-immersive,43,audio-spatial-sound,expert,active,yes,high,2-3 hours,true,false,false,false,No,No,No,Yes,Yes,Yes,No,No,No
metaverse-immersive.audio-spatial-sound.sound-localization,43-metaverse-immersive/audio-spatial-sound/sound-localization.yaml,Sound Localization Audit,metaverse-immersive,43,audio-spatial-sound,expert,active,partial,medium,2-3 hours,true,false,false,false,No,No,No,Yes,Yes,Yes,No,No,No
metaverse-immersive.comfort-safety.comfort-mode-options,43-metaverse-immersive/comfort-safety/comfort-mode-options.yaml,Comfort Mode Options Audit,metaverse-immersive,43,comfort-safety,expert,active,partial,high,2-4 hours,true,false,false,false,No,No,No,Yes,Yes,Yes,No,No,No
metaverse-immersive.comfort-safety.eye-strain-prevention,43-metaverse-immersive/comfort-safety/eye-strain-prevention.yaml,Eye Strain Prevention Audit,metaverse-immersive,43,comfort-safety,expert,active,partial,high,2-4 hours,true,false,true,false,No,No,No,Yes,Yes,Yes,No,No,No
metaverse-immersive.comfort-safety.guardian-chaperone-system,43-metaverse-immersive/comfort-safety/guardian-chaperone-system.yaml,Guardian/Chaperone System Audit,metaverse-immersive,43,comfort-safety,expert,active,partial,critical,2-3 hours,true,false,false,false,No,No,No,Yes,Yes,Yes,No,No,No
metaverse-immersive.comfort-safety.locomotion-strategy,43-metaverse-immersive/comfort-safety/locomotion-strategy.yaml,VR Locomotion Strategy Audit,metaverse-immersive,43,comfort-safety,expert,active,partial,high,3-5 hours,true,false,false,false,No,No,No,Yes,Yes,Yes,No,No,No
metaverse-immersive.comfort-safety.motion-sickness-prevention,43-metaverse-immersive/comfort-safety/motion-sickness-prevention.yaml,Motion Sickness Prevention Audit,metaverse-immersive,43,comfort-safety,expert,active,partial,critical,4-6 hours,true,false,true,false,No,No,No,Yes,Yes,Yes,No,No,No
metaverse-immersive.comfort-safety.play-area-boundary,43-metaverse-immersive/comfort-safety/play-area-boundary.yaml,Play Area Boundary Audit,metaverse-immersive,43,comfort-safety,expert,active,partial,critical,2-3 hours,true,false,false,false,No,No,No,Yes,Yes,Yes,No,No,No
metaverse-immersive.comfort-safety.session-length-guidance,43-metaverse-immersive/comfort-safety/session-length-guidance.yaml,Session Length Guidance Audit,metaverse-immersive,43,comfort-safety,expert,active,partial,medium,1-2 hours,true,false,false,false,No,No,No,Yes,Yes,Yes,No,No,No
metaverse-immersive.interaction-design.controller-input,43-metaverse-immersive/interaction-design/controller-input.yaml,Controller Input Audit,metaverse-immersive,43,interaction-design,expert,active,partial,high,2-4 hours,true,false,false,false,No,No,No,Yes,Yes,Yes,No,No,No
metaverse-immersive.interaction-design.gaze-interaction,43-metaverse-immersive/interaction-design/gaze-interaction.yaml,Gaze Interaction Audit,metaverse-immersive,43,interaction-design,expert,active,partial,medium,2-3 hours,true,false,false,false,No,No,No,Yes,Yes,Yes,No,No,No
metaverse-immersive.interaction-design.gesture-recognition,43-metaverse-immersive/interaction-design/gesture-recognition.yaml,Gesture Recognition Audit,metaverse-immersive,43,interaction-design,expert,active,partial,high,3-4 hours,true,false,false,false,No,No,No,Yes,Yes,Yes,No,No,No
metaverse-immersive.interaction-design.hand-tracking-accuracy,43-metaverse-immersive/interaction-design/hand-tracking-accuracy.yaml,Hand Tracking Accuracy Audit,metaverse-immersive,43,interaction-design,expert,active,partial,high,3-5 hours,true,false,false,false,No,No,No,Yes,Yes,Yes,No,No,No
metaverse-immersive.interaction-design.haptic-feedback,43-metaverse-immersive/interaction-design/haptic-feedback.yaml,Haptic Feedback Audit,metaverse-immersive,43,interaction-design,expert,active,partial,medium,2-3 hours,true,false,false,false,No,No,No,Yes,Yes,Yes,No,No,No
metaverse-immersive.interaction-design.voice-input,43-metaverse-immersive/interaction-design/voice-input.yaml,Voice Input Audit,metaverse-immersive,43,interaction-design,expert,active,partial,medium,2-4 hours,true,false,false,false,No,No,No,Yes,Yes,Yes,No,No,No
metaverse-immersive.multiplayer-social.avatar-system,43-metaverse-immersive/multiplayer-social/avatar-system.yaml,Avatar System Audit,metaverse-immersive,43,multiplayer-social,expert,active,partial,high,3-5 hours,true,false,false,false,No,No,No,Yes,Yes,Yes,No,No,No
metaverse-immersive.multiplayer-social.moderation-tools,43-metaverse-immersive/multiplayer-social/moderation-tools.yaml,Moderation Tools Audit,metaverse-immersive,43,multiplayer-social,expert,active,partial,critical,3-5 hours,true,false,false,false,No,No,No,Yes,Yes,Yes,No,No,No
metaverse-immersive.multiplayer-social.presence-indicators,43-metaverse-immersive/multiplayer-social/presence-indicators.yaml,Presence Indicators Audit,metaverse-immersive,43,multiplayer-social,expert,active,partial,medium,2-3 hours,true,false,false,false,No,No,No,Yes,Yes,Yes,No,No,No
metaverse-immersive.multiplayer-social.social-boundaries,43-metaverse-immersive/multiplayer-social/social-boundaries.yaml,Social Boundaries Audit,metaverse-immersive,43,multiplayer-social,expert,active,partial,critical,3-4 hours,true,false,false,false,No,No,No,Yes,Yes,Yes,No,No,No
metaverse-immersive.multiplayer-social.voice-chat-quality,43-metaverse-immersive/multiplayer-social/voice-chat-quality.yaml,Voice Chat Quality Audit,metaverse-immersive,43,multiplayer-social,expert,active,partial,high,2-4 hours,true,false,false,false,No,No,No,Yes,Yes,Yes,No,No,No
metaverse-immersive.rendering-performance.draw-call-optimization,43-metaverse-immersive/rendering-performance/draw-call-optimization.yaml,Draw Call Optimization Audit,metaverse-immersive,43,rendering-performance,expert,active,yes,high,2-4 hours,true,false,false,false,No,No,No,Yes,Yes,Yes,No,No,No
metaverse-immersive.rendering-performance.frame-rate-stability,43-metaverse-immersive/rendering-performance/frame-rate-stability.yaml,Frame Rate Stability Audit,metaverse-immersive,43,rendering-performance,expert,active,yes,critical,3-5 hours,true,false,false,false,No,No,No,Yes,Yes,Yes,No,No,No
metaverse-immersive.rendering-performance.latency-motion-to-photon,43-metaverse-immersive/rendering-performance/latency-motion-to-photon.yaml,Motion-to-Photon Latency Audit,metaverse-immersive,43,rendering-performance,expert,active,partial,critical,3-5 hours,true,true,false,false,No,No,No,Yes,Yes,Yes,No,No,No
metaverse-immersive.rendering-performance.lod-implementation,43-metaverse-immersive/rendering-performance/lod-implementation.yaml,LOD Implementation Audit,metaverse-immersive,43,rendering-performance,expert,active,partial,high,2-4 hours,true,false,false,false,No,No,No,Yes,Yes,Yes,No,No,No
metaverse-immersive.rendering-performance.resolution-fidelity,43-metaverse-immersive/rendering-performance/resolution-fidelity.yaml,Resolution/Fidelity Audit,metaverse-immersive,43,rendering-performance,expert,active,partial,high,2-4 hours,true,false,false,false,No,No,No,Yes,Yes,Yes,No,No,No
metaverse-immersive.rendering-performance.shader-performance,43-metaverse-immersive/rendering-performance/shader-performance.yaml,Shader Performance Audit,metaverse-immersive,43,rendering-performance,expert,active,partial,high,3-5 hours,true,false,false,false,No,No,No,Yes,Yes,Yes,No,No,No
metaverse-immersive.spatial-computing.coordinate-system,43-metaverse-immersive/spatial-computing/coordinate-system.yaml,Coordinate System Audit,metaverse-immersive,43,spatial-computing,expert,active,partial,high,2-4 hours,true,false,false,false,No,No,No,Yes,Yes,Yes,No,No,No
metaverse-immersive.spatial-computing.occlusion-handling,43-metaverse-immersive/spatial-computing/occlusion-handling.yaml,Occlusion Handling Audit,metaverse-immersive,43,spatial-computing,expert,active,partial,high,3-4 hours,true,false,false,false,No,No,No,Yes,Yes,Yes,No,No,No
metaverse-immersive.spatial-computing.scale-consistency,43-metaverse-immersive/spatial-computing/scale-consistency.yaml,Scale Consistency Audit,metaverse-immersive,43,spatial-computing,expert,active,partial,high,2-4 hours,true,false,false,false,No,No,No,Yes,Yes,Yes,No,No,No
metaverse-immersive.spatial-computing.spatial-anchor,43-metaverse-immersive/spatial-computing/spatial-anchor.yaml,Spatial Anchor Audit,metaverse-immersive,43,spatial-computing,expert,active,partial,high,3-5 hours,true,true,false,false,No,No,No,Yes,Yes,Yes,No,No,No
metaverse-immersive.spatial-computing.spatial-tracking-accuracy,43-metaverse-immersive/spatial-computing/spatial-tracking-accuracy.yaml,Spatial Tracking Accuracy Audit,metaverse-immersive,43,spatial-computing,expert,active,yes,high,3-5 hours,true,false,false,false,No,No,No,Yes,Yes,Yes,No,No,No
metaverse-immersive.spatial-computing.world-mesh-quality,43-metaverse-immersive/spatial-computing/world-mesh-quality.yaml,World Mesh Quality Audit,metaverse-immersive,43,spatial-computing,expert,active,partial,high,3-5 hours,true,false,false,false,No,No,No,Yes,Yes,Yes,No,No,No
